#ifndef NC_CONTROLS_H
#define NC_CONTROLS_H

#include <stdint.h>
#ifdef __cplusplus
extern "C" {
#endif

typedef struct { const unsigned char *rgba; int w; int h; } NcControlRgba;

static const unsigned char nc_rgba_joystick_frame[] = {
  0x00, 0x00, 0x00, 0x00, 0x00, 0x00, 0x00, 0x00, 0x00, 0x00, 0x00, 0xFF, 0x00, 0x00, 0x00, 0xFF, 0x00, 0x00, 0x00, 0xFF, 0x00, 0x00, 0x00, 0xFF, 0x00, 0x00, 0x00, 0xFF, 0x00, 0x00, 0x00, 0xFF,
  0x00, 0x00, 0x00, 0xFF, 0x00, 0x00, 0x00, 0xFF, 0x00, 0x00, 0x00, 0xFF, 0x00, 0x00, 0x00, 0xFF, 0x00, 0x00, 0x00, 0xFF, 0x00, 0x00, 0x00, 0xFF, 0x00, 0x00, 0x00, 0xFF, 0x00, 0x00, 0x00, 0xFF,
  0x00, 0x00, 0x00, 0xFF, 0x00, 0x00, 0x00, 0xFF, 0x00, 0x00, 0x00, 0xFF, 0x00, 0x00, 0x00, 0xFF, 0x00, 0x00, 0x00, 0xFF, 0x00, 0x00, 0x00, 0xFF, 0x00, 0x00, 0x00, 0xFF, 0x00, 0x00, 0x00, 0xFF,
  0x00, 0x00, 0x00, 0xFF, 0x00, 0x00, 0x00, 0xFF, 0x00, 0x00, 0x00, 0xFF, 0x00, 0x00, 0x00, 0xFF, 0x00, 0x00, 0x00, 0xFF, 0x00, 0x00, 0x00, 0xFF, 0x00, 0x00, 0x00, 0xFF, 0x00, 0x00, 0x00, 0xFF,
  0x00, 0x00, 0x00, 0xFF, 0x00, 0x00, 0x00, 0xFF, 0x00, 0x00, 0x00, 0xFF, 0x00, 0x00, 0x00, 0xFF, 0x00, 0x00, 0x00, 0xFF, 0x00, 0x00, 0x00, 0xFF, 0x00, 0x00, 0x00, 0xFF, 0x00, 0x00, 0x00, 0xFF,
  0x00, 0x00, 0x00, 0xFF, 0x00, 0x00, 0x00, 0xFF, 0x00, 0x00, 0x00, 0xFF, 0x00, 0x00, 0x00, 0xFF, 0x00, 0x00, 0x00, 0xFF, 0x00, 0x00, 0x00, 0xFF, 0x00, 0x00, 0x00, 0xFF, 0x00, 0x00, 0x00, 0xFF,
  0x00, 0x00, 0x00, 0xFF, 0x00, 0x00, 0x00, 0xFF, 0x00, 0x00, 0x00, 0xFF, 0x00, 0x00, 0x00, 0xFF, 0x00, 0x00, 0x00, 0xFF, 0x00, 0x00, 0x00, 0xFF, 0x00, 0x00, 0x00, 0xFF, 0x00, 0x00, 0x00, 0xFF,
  0x00, 0x00, 0x00, 0xFF, 0x00, 0x00, 0x00, 0xFF, 0x00, 0x00, 0x00, 0xFF, 0x00, 0x00, 0x00, 0xFF, 0x00, 0x00, 0x00, 0xFF, 0x00, 0x00, 0x00, 0xFF, 0x00, 0x00, 0x00, 0x00, 0x00, 0x00, 0x00, 0x00,
  0x00, 0x00, 0x00, 0x00, 0x00, 0x00, 0x00, 0x00, 0x00, 0x00, 0x00, 0xFF, 0xB1, 0xB2, 0xB5, 0xBF, 0xB1, 0xB2, 0xB5, 0xBF, 0xB1, 0xB2, 0xB5, 0xBF, 0xB1, 0xB2, 0xB5, 0xBF, 0xB1, 0xB2, 0xB5, 0xBF,
  0xB1, 0xB2, 0xB5, 0xBF, 0xB1, 0xB2, 0xB5, 0xBF, 0xB1, 0xB2, 0xB5, 0xBF, 0xB1, 0xB2, 0xB5, 0xBF, 0xB1, 0xB2, 0xB5, 0xBF, 0xB1, 0xB2, 0xB5, 0xBF, 0xB1, 0xB2, 0xB5, 0xBF, 0xB1, 0xB2, 0xB5, 0xBF,
  0xB1, 0xB2, 0xB5, 0xBF, 0xB1, 0xB2, 0xB5, 0xBF, 0xB1, 0xB2, 0xB5, 0xBF, 0xB1, 0xB2, 0xB5, 0xBF, 0xB1, 0xB2, 0xB5, 0xBF, 0xB1, 0xB2, 0xB5, 0xBF, 0xB1, 0xB2, 0xB5, 0xBF, 0xB1, 0xB2, 0xB5, 0xBF,
  0xB1, 0xB2, 0xB5, 0xBF, 0xB1, 0xB2, 0xB5, 0xBF, 0xB1, 0xB2, 0xB5, 0xBF, 0xB1, 0xB2, 0xB5, 0xBF, 0xB1, 0xB2, 0xB5, 0xBF, 0xB1, 0xB2, 0xB5, 0xBF, 0xB1, 0xB2, 0xB5, 0xBF, 0xB1, 0xB2, 0xB5, 0xBF,
  0xB1, 0xB2, 0xB5, 0xBF, 0xB1, 0xB2, 0xB5, 0xBF, 0xB1, 0xB2, 0xB5, 0xBF, 0xB1, 0xB2, 0xB5, 0xBF, 0xB1, 0xB2, 0xB5, 0xBF, 0xB1, 0xB2, 0xB5, 0xBF, 0xB1, 0xB2, 0xB5, 0xBF, 0xB1, 0xB2, 0xB5, 0xBF,
  0xB1, 0xB2, 0xB5, 0xBF, 0xB1, 0xB2, 0xB5, 0xBF, 0xB1, 0xB2, 0xB5, 0xBF, 0xB1, 0xB2, 0xB5, 0xBF, 0xB1, 0xB2, 0xB5, 0xBF, 0xB1, 0xB2, 0xB5, 0xBF, 0xB1, 0xB2, 0xB5, 0xBF, 0xB1, 0xB2, 0xB5, 0xBF,
  0xB1, 0xB2, 0xB5, 0xBF, 0xB1, 0xB2, 0xB5, 0xBF, 0xB1, 0xB2, 0xB5, 0xBF, 0xB1, 0xB2, 0xB5, 0xBF, 0xB1, 0xB2, 0xB5, 0xBF, 0xB1, 0xB2, 0xB5, 0xBF, 0xB1, 0xB2, 0xB5, 0xBF, 0xB1, 0xB2, 0xB5, 0xBF,
  0xB1, 0xB2, 0xB5, 0xBF, 0xB1, 0xB2, 0xB5, 0xBF, 0xB1, 0xB2, 0xB5, 0xBF, 0xB1, 0xB2, 0xB5, 0xBF, 0xB1, 0xB2, 0xB5, 0xBF, 0x00, 0x00, 0x00, 0xFF, 0x00, 0x00, 0x00, 0x00, 0x00, 0x00, 0x00, 0x00,
  0x00, 0x00, 0x00, 0xFF, 0x00, 0x00, 0x00, 0xFF, 0x00, 0x00, 0x00, 0xFF, 0xB1, 0xB2, 0xB5, 0xBF, 0xB1, 0xB2, 0xB5, 0xBF, 0xB1, 0xB2, 0xB5, 0xBF, 0xB1, 0xB2, 0xB5, 0xBF, 0xB1, 0xB2, 0xB5, 0xBF,
  0xB1, 0xB2, 0xB5, 0xBF, 0xB1, 0xB2, 0xB5, 0xBF, 0xB1, 0xB2, 0xB5, 0xBF, 0xB1, 0xB2, 0xB5, 0xBF, 0xB1, 0xB2, 0xB5, 0xBF, 0xB1, 0xB2, 0xB5, 0xBF, 0xB1, 0xB2, 0xB5, 0xBF, 0xB1, 0xB2, 0xB5, 0xBF,
  0xB1, 0xB2, 0xB5, 0xBF, 0xB1, 0xB2, 0xB5, 0xBF, 0xB1, 0xB2, 0xB5, 0xBF, 0xB1, 0xB2, 0xB5, 0xBF, 0xB1, 0xB2, 0xB5, 0xBF, 0xB1, 0xB2, 0xB5, 0xBF, 0xB1, 0xB2, 0xB5, 0xBF, 0xB1, 0xB2, 0xB5, 0xBF,
  0xB1, 0xB2, 0xB5, 0xBF, 0xB1, 0xB2, 0xB5, 0xBF, 0xB1, 0xB2, 0xB5, 0xBF, 0xB1, 0xB2, 0xB5, 0xBF, 0xB1, 0xB2, 0xB5, 0xBF, 0xB1, 0xB2, 0xB5, 0xBF, 0xB1, 0xB2, 0xB5, 0xBF, 0xB1, 0xB2, 0xB5, 0xBF,
  0xB1, 0xB2, 0xB5, 0xBF, 0xB1, 0xB2, 0xB5, 0xBF, 0xB1, 0xB2, 0xB5, 0xBF, 0xB1, 0xB2, 0xB5, 0xBF, 0xB1, 0xB2, 0xB5, 0xBF, 0xB1, 0xB2, 0xB5, 0xBF, 0xB1, 0xB2, 0xB5, 0xBF, 0xB1, 0xB2, 0xB5, 0xBF,
  0xB1, 0xB2, 0xB5, 0xBF, 0xB1, 0xB2, 0xB5, 0xBF, 0xB1, 0xB2, 0xB5, 0xBF, 0xB1, 0xB2, 0xB5, 0xBF, 0xB1, 0xB2, 0xB5, 0xBF, 0xB1, 0xB2, 0xB5, 0xBF, 0xB1, 0xB2, 0xB5, 0xBF, 0xB1, 0xB2, 0xB5, 0xBF,
  0xB1, 0xB2, 0xB5, 0xBF, 0xB1, 0xB2, 0xB5, 0xBF, 0xB1, 0xB2, 0xB5, 0xBF, 0xB1, 0xB2, 0xB5, 0xBF, 0xB1, 0xB2, 0xB5, 0xBF, 0xB1, 0xB2, 0xB5, 0xBF, 0xB1, 0xB2, 0xB5, 0xBF, 0xB1, 0xB2, 0xB5, 0xBF,
  0xB1, 0xB2, 0xB5, 0xBF, 0xB1, 0xB2, 0xB5, 0xBF, 0xB1, 0xB2, 0xB5, 0xBF, 0xB1, 0xB2, 0xB5, 0xBF, 0xB1, 0xB2, 0xB5, 0xBF, 0x00, 0x00, 0x00, 0xFF, 0x00, 0x00, 0x00, 0xFF, 0x00, 0x00, 0x00, 0xFF,
  0x00, 0x00, 0x00, 0xFF, 0xB1, 0xB2, 0xB5, 0xBF, 0xB1, 0xB2, 0xB5, 0xBF, 0xB1, 0xB2, 0xB5, 0xBF, 0xB1, 0xB2, 0xB5, 0xBF, 0xB1, 0xB2, 0xB5, 0x80, 0xB1, 0xB2, 0xB5, 0x80, 0xB1, 0xB2, 0xB5, 0x80,
  0xB1, 0xB2, 0xB5, 0x80, 0xB1, 0xB2, 0xB5, 0x80, 0xB1, 0xB2, 0xB5, 0x80, 0xB1, 0xB2, 0xB5, 0x80, 0xB1, 0xB2, 0xB5, 0x80, 0xB1, 0xB2, 0xB5, 0x80, 0xB1, 0xB2, 0xB5, 0x80, 0xB1, 0xB2, 0xB5, 0x80,
  0xB1, 0xB2, 0xB5, 0x80, 0xB1, 0xB2, 0xB5, 0x80, 0xB1, 0xB2, 0xB5, 0x80, 0xB1, 0xB2, 0xB5, 0x80, 0xB1, 0xB2, 0xB5, 0x80, 0xB1, 0xB2, 0xB5, 0x80, 0xB1, 0xB2, 0xB5, 0x80, 0xB1, 0xB2, 0xB5, 0x80,
  0xB1, 0xB2, 0xB5, 0x80, 0xB1, 0xB2, 0xB5, 0x80, 0xB1, 0xB2, 0xB5, 0x80, 0xB1, 0xB2, 0xB5, 0x80, 0xB1, 0xB2, 0xB5, 0x80, 0xB1, 0xB2, 0xB5, 0x80, 0xB1, 0xB2, 0xB5, 0x80, 0xB1, 0xB2, 0xB5, 0x80,
  0xB1, 0xB2, 0xB5, 0x80, 0xB1, 0xB2, 0xB5, 0x80, 0xB1, 0xB2, 0xB5, 0x80, 0xB1, 0xB2, 0xB5, 0x80, 0xB1, 0xB2, 0xB5, 0x80, 0xB1, 0xB2, 0xB5, 0x80, 0xB1, 0xB2, 0xB5, 0x80, 0xB1, 0xB2, 0xB5, 0x80,
  0xB1, 0xB2, 0xB5, 0x80, 0xB1, 0xB2, 0xB5, 0x80, 0xB1, 0xB2, 0xB5, 0x80, 0xB1, 0xB2, 0xB5, 0x80, 0xB1, 0xB2, 0xB5, 0x80, 0xB1, 0xB2, 0xB5, 0x80, 0xB1, 0xB2, 0xB5, 0x80, 0xB1, 0xB2, 0xB5, 0x80,
  0xB1, 0xB2, 0xB5, 0x80, 0xB1, 0xB2, 0xB5, 0x80, 0xB1, 0xB2, 0xB5, 0x80, 0xB1, 0xB2, 0xB5, 0x80, 0xB1, 0xB2, 0xB5, 0x80, 0xB1, 0xB2, 0xB5, 0x80, 0xB1, 0xB2, 0xB5, 0x80, 0xB1, 0xB2, 0xB5, 0x80,
  0xB1, 0xB2, 0xB5, 0x80, 0xB1, 0xB2, 0xB5, 0x80, 0xB1, 0xB2, 0xB5, 0x80, 0xB1, 0xB2, 0xB5, 0xBF, 0xB1, 0xB2, 0xB5, 0xBF, 0xB1, 0xB2, 0xB5, 0xBF, 0xB1, 0xB2, 0xB5, 0xBF, 0x00, 0x00, 0x00, 0xFF,
  0x00, 0x00, 0x00, 0xFF, 0xB1, 0xB2, 0xB5, 0xBF, 0xB1, 0xB2, 0xB5, 0xBF, 0xB1, 0xB2, 0xB5, 0xBF, 0xB1, 0xB2, 0xB5, 0xBF, 0xB1, 0xB2, 0xB5, 0x80, 0xB1, 0xB2, 0xB5, 0x80, 0xB1, 0xB2, 0xB5, 0x80,
  0xB1, 0xB2, 0xB5, 0x80, 0xB1, 0xB2, 0xB5, 0x80, 0xB1, 0xB2, 0xB5, 0x80, 0xB1, 0xB2, 0xB5, 0x80, 0xB1, 0xB2, 0xB5, 0x80, 0xB1, 0xB2, 0xB5, 0x80, 0xB1, 0xB2, 0xB5, 0x80, 0xB1, 0xB2, 0xB5, 0x80,
  0xB1, 0xB2, 0xB5, 0x80, 0xB1, 0xB2, 0xB5, 0x80, 0xB1, 0xB2, 0xB5, 0x80, 0xB1, 0xB2, 0xB5, 0x80, 0xB1, 0xB2, 0xB5, 0x80, 0xB1, 0xB2, 0xB5, 0x80, 0xB1, 0xB2, 0xB5, 0x80, 0xB1, 0xB2, 0xB5, 0x80,
  0xB1, 0xB2, 0xB5, 0x80, 0xB1, 0xB2, 0xB5, 0x80, 0xB1, 0xB2, 0xB5, 0x80, 0xB1, 0xB2, 0xB5, 0x80, 0xB1, 0xB2, 0xB5, 0x80, 0xB1, 0xB2, 0xB5, 0x80, 0xB1, 0xB2, 0xB5, 0x80, 0xB1, 0xB2, 0xB5, 0x80,
  0xB1, 0xB2, 0xB5, 0x80, 0xB1, 0xB2, 0xB5, 0x80, 0xB1, 0xB2, 0xB5, 0x80, 0xB1, 0xB2, 0xB5, 0x80, 0xB1, 0xB2, 0xB5, 0x80, 0xB1, 0xB2, 0xB5, 0x80, 0xB1, 0xB2, 0xB5, 0x80, 0xB1, 0xB2, 0xB5, 0x80,
  0xB1, 0xB2, 0xB5, 0x80, 0xB1, 0xB2, 0xB5, 0x80, 0xB1, 0xB2, 0xB5, 0x80, 0xB1, 0xB2, 0xB5, 0x80, 0xB1, 0xB2, 0xB5, 0x80, 0xB1, 0xB2, 0xB5, 0x80, 0xB1, 0xB2, 0xB5, 0x80, 0xB1, 0xB2, 0xB5, 0x80,
  0xB1, 0xB2, 0xB5, 0x80, 0xB1, 0xB2, 0xB5, 0x80, 0xB1, 0xB2, 0xB5, 0x80, 0xB1, 0xB2, 0xB5, 0x80, 0xB1, 0xB2, 0xB5, 0x80, 0xB1, 0xB2, 0xB5, 0x80, 0xB1, 0xB2, 0xB5, 0x80, 0xB1, 0xB2, 0xB5, 0x80,
  0xB1, 0xB2, 0xB5, 0x80, 0xB1, 0xB2, 0xB5, 0x80, 0xB1, 0xB2, 0xB5, 0x80, 0xB1, 0xB2, 0xB5, 0xBF, 0xB1, 0xB2, 0xB5, 0xBF, 0xB1, 0xB2, 0xB5, 0xBF, 0xB1, 0xB2, 0xB5, 0xBF, 0x00, 0x00, 0x00, 0xFF,
  0x00, 0x00, 0x00, 0xFF, 0xB1, 0xB2, 0xB5, 0xBF, 0xB1, 0xB2, 0xB5, 0xBF, 0xB1, 0xB2, 0xB5, 0x80, 0xB1, 0xB2, 0xB5, 0x80, 0xB1, 0xB2, 0xB5, 0x80, 0xB1, 0xB2, 0xB5, 0x80, 0xB1, 0xB2, 0xB5, 0x80,
  0xB1, 0xB2, 0xB5, 0x80, 0xB1, 0xB2, 0xB5, 0x80, 0xB1, 0xB2, 0xB5, 0x80, 0xB1, 0xB2, 0xB5, 0x80, 0xB1, 0xB2, 0xB5, 0x80, 0xB1, 0xB2, 0xB5, 0x80, 0xB1, 0xB2, 0xB5, 0x80, 0xB1, 0xB2, 0xB5, 0x80,
  0xB1, 0xB2, 0xB5, 0x80, 0xB1, 0xB2, 0xB5, 0x80, 0xB1, 0xB2, 0xB5, 0x80, 0xB1, 0xB2, 0xB5, 0x80, 0xB1, 0xB2, 0xB5, 0x80, 0xB1, 0xB2, 0xB5, 0x80, 0xB1, 0xB2, 0xB5, 0x80, 0xB1, 0xB2, 0xB5, 0x80,
  0xB1, 0xB2, 0xB5, 0x80, 0xB1, 0xB2, 0xB5, 0x80, 0xB1, 0xB2, 0xB5, 0x80, 0xB1, 0xB2, 0xB5, 0x80, 0xB1, 0xB2, 0xB5, 0x80, 0xB1, 0xB2, 0xB5, 0x80, 0xB1, 0xB2, 0xB5, 0x80, 0xB1, 0xB2, 0xB5, 0x80,
  0xB1, 0xB2, 0xB5, 0x80, 0xB1, 0xB2, 0xB5, 0x80, 0xB1, 0xB2, 0xB5, 0x80, 0xB1, 0xB2, 0xB5, 0x80, 0xB1, 0xB2, 0xB5, 0x80, 0xB1, 0xB2, 0xB5, 0x80, 0xB1, 0xB2, 0xB5, 0x80, 0xB1, 0xB2, 0xB5, 0x80,
  0xB1, 0xB2, 0xB5, 0x80, 0xB1, 0xB2, 0xB5, 0x80, 0xB1, 0xB2, 0xB5, 0x80, 0xB1, 0xB2, 0xB5, 0x80, 0xB1, 0xB2, 0xB5, 0x80, 0xB1, 0xB2, 0xB5, 0x80, 0xB1, 0xB2, 0xB5, 0x80, 0xB1, 0xB2, 0xB5, 0x80,
  0xB1, 0xB2, 0xB5, 0x80, 0xB1, 0xB2, 0xB5, 0x80, 0xB1, 0xB2, 0xB5, 0x80, 0xB1, 0xB2, 0xB5, 0x80, 0xB1, 0xB2, 0xB5, 0x80, 0xB1, 0xB2, 0xB5, 0x80, 0xB1, 0xB2, 0xB5, 0x80, 0xB1, 0xB2, 0xB5, 0x80,
  0xB1, 0xB2, 0xB5, 0x80, 0xB1, 0xB2, 0xB5, 0x80, 0xB1, 0xB2, 0xB5, 0x80, 0xB1, 0xB2, 0xB5, 0x80, 0xB1, 0xB2, 0xB5, 0x80, 0xB1, 0xB2, 0xB5, 0xBF, 0xB1, 0xB2, 0xB5, 0xBF, 0x00, 0x00, 0x00, 0xFF,
  0x00, 0x00, 0x00, 0xFF, 0xB1, 0xB2, 0xB5, 0xBF, 0xB1, 0xB2, 0xB5, 0xBF, 0xB1, 0xB2, 0xB5, 0x80, 0xB1, 0xB2, 0xB5, 0x80, 0xB1, 0xB2, 0xB5, 0x80, 0xB1, 0xB2, 0xB5, 0x80, 0xB1, 0xB2, 0xB5, 0x80,
  0xB1, 0xB2, 0xB5, 0x80, 0xB1, 0xB2, 0xB5, 0x40, 0xB1, 0xB2, 0xB5, 0x40, 0xB1, 0xB2, 0xB5, 0x40, 0xB1, 0xB2, 0xB5, 0x40, 0xB1, 0xB2, 0xB5, 0x40, 0xB1, 0xB2, 0xB5, 0x40, 0xB1, 0xB2, 0xB5, 0x40,
  0xB1, 0xB2, 0xB5, 0x40, 0xB1, 0xB2, 0xB5, 0x40, 0xB1, 0xB2, 0xB5, 0x40, 0xB1, 0xB2, 0xB5, 0x40, 0xB1, 0xB2, 0xB5, 0x40, 0xB1, 0xB2, 0xB5, 0x40, 0xB1, 0xB2, 0xB5, 0x40, 0xB1, 0xB2, 0xB5, 0x40,
  0xB1, 0xB2, 0xB5, 0x40, 0xB1, 0xB2, 0xB5, 0x40, 0xB1, 0xB2, 0xB5, 0x40, 0xB1, 0xB2, 0xB5, 0x40, 0xB1, 0xB2, 0xB5, 0x40, 0xB1, 0xB2, 0xB5, 0x40, 0xB1, 0xB2, 0xB5, 0x40, 0xB1, 0xB2, 0xB5, 0x40,
  0xB1, 0xB2, 0xB5, 0x40, 0xB1, 0xB2, 0xB5, 0x40, 0xB1, 0xB2, 0xB5, 0x40, 0xB1, 0xB2, 0xB5, 0x40, 0xB1, 0xB2, 0xB5, 0x40, 0xB1, 0xB2, 0xB5, 0x40, 0xB1, 0xB2, 0xB5, 0x40, 0xB1, 0xB2, 0xB5, 0x40,
  0xB1, 0xB2, 0xB5, 0x40, 0xB1, 0xB2, 0xB5, 0x40, 0xB1, 0xB2, 0xB5, 0x40, 0xB1, 0xB2, 0xB5, 0x40, 0xB1, 0xB2, 0xB5, 0x40, 0xB1, 0xB2, 0xB5, 0x40, 0xB1, 0xB2, 0xB5, 0x40, 0xB1, 0xB2, 0xB5, 0x40,
  0xB1, 0xB2, 0xB5, 0x40, 0xB1, 0xB2, 0xB5, 0x40, 0xB1, 0xB2, 0xB5, 0x40, 0xB1, 0xB2, 0xB5, 0x40, 0xB1, 0xB2, 0xB5, 0x40, 0xB1, 0xB2, 0xB5, 0x40, 0xB1, 0xB2, 0xB5, 0x40, 0xB1, 0xB2, 0xB5, 0x80,
  0xB1, 0xB2, 0xB5, 0x80, 0xB1, 0xB2, 0xB5, 0x80, 0xB1, 0xB2, 0xB5, 0x80, 0xB1, 0xB2, 0xB5, 0x80, 0xB1, 0xB2, 0xB5, 0x80, 0xB1, 0xB2, 0xB5, 0xBF, 0xB1, 0xB2, 0xB5, 0xBF, 0x00, 0x00, 0x00, 0xFF,
  0x00, 0x00, 0x00, 0xFF, 0xB1, 0xB2, 0xB5, 0xBF, 0xB1, 0xB2, 0xB5, 0xBF, 0xB1, 0xB2, 0xB5, 0x80, 0xB1, 0xB2, 0xB5, 0x80, 0xB1, 0xB2, 0xB5, 0x80, 0xB1, 0xB2, 0xB5, 0x80, 0xB1, 0xB2, 0xB5, 0x80,
  0xB1, 0xB2, 0xB5, 0x80, 0xB1, 0xB2, 0xB5, 0x40, 0xB1, 0xB2, 0xB5, 0x40, 0xB1, 0xB2, 0xB5, 0x40, 0xB1, 0xB2, 0xB5, 0x40, 0xB1, 0xB2, 0xB5, 0x40, 0xB1, 0xB2, 0xB5, 0x40, 0xB1, 0xB2, 0xB5, 0x40,
  0xB1, 0xB2, 0xB5, 0x40, 0xB1, 0xB2, 0xB5, 0x40, 0xB1, 0xB2, 0xB5, 0x40, 0xB1, 0xB2, 0xB5, 0x40, 0xB1, 0xB2, 0xB5, 0x40, 0xB1, 0xB2, 0xB5, 0x40, 0xB1, 0xB2, 0xB5, 0x40, 0xB1, 0xB2, 0xB5, 0x40,
  0xB1, 0xB2, 0xB5, 0x40, 0xB1, 0xB2, 0xB5, 0x40, 0xB1, 0xB2, 0xB5, 0x40, 0xB1, 0xB2, 0xB5, 0x40, 0xB1, 0xB2, 0xB5, 0x40, 0xB1, 0xB2, 0xB5, 0x40, 0xB1, 0xB2, 0xB5, 0x40, 0xB1, 0xB2, 0xB5, 0x40,
  0xB1, 0xB2, 0xB5, 0x40, 0xB1, 0xB2, 0xB5, 0x40, 0xB1, 0xB2, 0xB5, 0x40, 0xB1, 0xB2, 0xB5, 0x40, 0xB1, 0xB2, 0xB5, 0x40, 0xB1, 0xB2, 0xB5, 0x40, 0xB1, 0xB2, 0xB5, 0x40, 0xB1, 0xB2, 0xB5, 0x40,
  0xB1, 0xB2, 0xB5, 0x40, 0xB1, 0xB2, 0xB5, 0x40, 0xB1, 0xB2, 0xB5, 0x40, 0xB1, 0xB2, 0xB5, 0x40, 0xB1, 0xB2, 0xB5, 0x40, 0xB1, 0xB2, 0xB5, 0x40, 0xB1, 0xB2, 0xB5, 0x40, 0xB1, 0xB2, 0xB5, 0x40,
  0xB1, 0xB2, 0xB5, 0x40, 0xB1, 0xB2, 0xB5, 0x40, 0xB1, 0xB2, 0xB5, 0x40, 0xB1, 0xB2, 0xB5, 0x40, 0xB1, 0xB2, 0xB5, 0x40, 0xB1, 0xB2, 0xB5, 0x40, 0xB1, 0xB2, 0xB5, 0x40, 0xB1, 0xB2, 0xB5, 0x80,
  0xB1, 0xB2, 0xB5, 0x80, 0xB1, 0xB2, 0xB5, 0x80, 0xB1, 0xB2, 0xB5, 0x80, 0xB1, 0xB2, 0xB5, 0x80, 0xB1, 0xB2, 0xB5, 0x80, 0xB1, 0xB2, 0xB5, 0xBF, 0xB1, 0xB2, 0xB5, 0xBF, 0x00, 0x00, 0x00, 0xFF,
  0x00, 0x00, 0x00, 0xFF, 0xB1, 0xB2, 0xB5, 0xBF, 0xB1, 0xB2, 0xB5, 0xBF, 0xB1, 0xB2, 0xB5, 0x80, 0xB1, 0xB2, 0xB5, 0x80, 0xB1, 0xB2, 0xB5, 0x80, 0xB1, 0xB2, 0xB5, 0x80, 0xB1, 0xB2, 0xB5, 0x80,
  0xB1, 0xB2, 0xB5, 0x80, 0xB1, 0xB2, 0xB5, 0x40, 0xB1, 0xB2, 0xB5, 0x40, 0xB1, 0xB2, 0xB5, 0x40, 0xB1, 0xB2, 0xB5, 0x40, 0xB1, 0xB2, 0xB5, 0x40, 0xB1, 0xB2, 0xB5, 0x40, 0xB1, 0xB2, 0xB5, 0x40,
  0xB1, 0xB2, 0xB5, 0x40, 0xB1, 0xB2, 0xB5, 0x40, 0xB1, 0xB2, 0xB5, 0x40, 0xB1, 0xB2, 0xB5, 0x40, 0xB1, 0xB2, 0xB5, 0x40, 0xB1, 0xB2, 0xB5, 0x40, 0xB1, 0xB2, 0xB5, 0x40, 0xB1, 0xB2, 0xB5, 0x40,
  0xB1, 0xB2, 0xB5, 0x40, 0xB1, 0xB2, 0xB5, 0x40, 0xB1, 0xB2, 0xB5, 0x40, 0xB1, 0xB2, 0xB5, 0x40, 0xB1, 0xB2, 0xB5, 0x40, 0xB1, 0xB2, 0xB5, 0x40, 0xB1, 0xB2, 0xB5, 0x40, 0xB1, 0xB2, 0xB5, 0x40,
  0xB1, 0xB2, 0xB5, 0x40, 0xB1, 0xB2, 0xB5, 0x40, 0xB1, 0xB2, 0xB5, 0x40, 0xB1, 0xB2, 0xB5, 0x40, 0xB1, 0xB2, 0xB5, 0x40, 0xB1, 0xB2, 0xB5, 0x40, 0xB1, 0xB2, 0xB5, 0x40, 0xB1, 0xB2, 0xB5, 0x40,
  0xB1, 0xB2, 0xB5, 0x40, 0xB1, 0xB2, 0xB5, 0x40, 0xB1, 0xB2, 0xB5, 0x40, 0xB1, 0xB2, 0xB5, 0x40, 0xB1, 0xB2, 0xB5, 0x40, 0xB1, 0xB2, 0xB5, 0x40, 0xB1, 0xB2, 0xB5, 0x40, 0xB1, 0xB2, 0xB5, 0x40,
  0xB1, 0xB2, 0xB5, 0x40, 0xB1, 0xB2, 0xB5, 0x40, 0xB1, 0xB2, 0xB5, 0x40, 0xB1, 0xB2, 0xB5, 0x40, 0xB1, 0xB2, 0xB5, 0x40, 0xB1, 0xB2, 0xB5, 0x40, 0xB1, 0xB2, 0xB5, 0x40, 0xB1, 0xB2, 0xB5, 0x80,
  0xB1, 0xB2, 0xB5, 0x80, 0xB1, 0xB2, 0xB5, 0x80, 0xB1, 0xB2, 0xB5, 0x80, 0xB1, 0xB2, 0xB5, 0x80, 0xB1, 0xB2, 0xB5, 0x80, 0xB1, 0xB2, 0xB5, 0xBF, 0xB1, 0xB2, 0xB5, 0xBF, 0x00, 0x00, 0x00, 0xFF,
  0x00, 0x00, 0x00, 0xFF, 0xB1, 0xB2, 0xB5, 0xBF, 0xB1, 0xB2, 0xB5, 0xBF, 0xB1, 0xB2, 0xB5, 0x80, 0xB1, 0xB2, 0xB5, 0x80, 0xB1, 0xB2, 0xB5, 0x80, 0xB1, 0xB2, 0xB5, 0x40, 0xB1, 0xB2, 0xB5, 0x40,
  0xB1, 0xB2, 0xB5, 0x40, 0xB1, 0xB2, 0xB5, 0x40, 0xB1, 0xB2, 0xB5, 0x40, 0xB1, 0xB2, 0xB5, 0x40, 0xB1, 0xB2, 0xB5, 0x40, 0xB1, 0xB2, 0xB5, 0x40, 0xB1, 0xB2, 0xB5, 0x40, 0xB1, 0xB2, 0xB5, 0x40,
  0xB1, 0xB2, 0xB5, 0x40, 0xB1, 0xB2, 0xB5, 0x40, 0xB1, 0xB2, 0xB5, 0x40, 0xB1, 0xB2, 0xB5, 0x40, 0xB1, 0xB2, 0xB5, 0x40, 0xB1, 0xB2, 0xB5, 0x40, 0xB1, 0xB2, 0xB5, 0x40, 0xB1, 0xB2, 0xB5, 0x40,
  0xB1, 0xB2, 0xB5, 0x40, 0xB1, 0xB2, 0xB5, 0x40, 0xB1, 0xB2, 0xB5, 0x40, 0xB1, 0xB2, 0xB5, 0x40, 0xB1, 0xB2, 0xB5, 0x40, 0xB1, 0xB2, 0xB5, 0x40, 0xB1, 0xB2, 0xB5, 0x40, 0xB1, 0xB2, 0xB5, 0x40,
  0xB1, 0xB2, 0xB5, 0x40, 0xB1, 0xB2, 0xB5, 0x40, 0xB1, 0xB2, 0xB5, 0x40, 0xB1, 0xB2, 0xB5, 0x40, 0xB1, 0xB2, 0xB5, 0x40, 0xB1, 0xB2, 0xB5, 0x40, 0xB1, 0xB2, 0xB5, 0x40, 0xB1, 0xB2, 0xB5, 0x40,
  0xB1, 0xB2, 0xB5, 0x40, 0xB1, 0xB2, 0xB5, 0x40, 0xB1, 0xB2, 0xB5, 0x40, 0xB1, 0xB2, 0xB5, 0x40, 0xB1, 0xB2, 0xB5, 0x40, 0xB1, 0xB2, 0xB5, 0x40, 0xB1, 0xB2, 0xB5, 0x40, 0xB1, 0xB2, 0xB5, 0x40,
  0xB1, 0xB2, 0xB5, 0x40, 0xB1, 0xB2, 0xB5, 0x40, 0xB1, 0xB2, 0xB5, 0x40, 0xB1, 0xB2, 0xB5, 0x40, 0xB1, 0xB2, 0xB5, 0x40, 0xB1, 0xB2, 0xB5, 0x40, 0xB1, 0xB2, 0xB5, 0x40, 0xB1, 0xB2, 0xB5, 0x40,
  0xB1, 0xB2, 0xB5, 0x40, 0xB1, 0xB2, 0xB5, 0x40, 0xB1, 0xB2, 0xB5, 0x80, 0xB1, 0xB2, 0xB5, 0x80, 0xB1, 0xB2, 0xB5, 0x80, 0xB1, 0xB2, 0xB5, 0xBF, 0xB1, 0xB2, 0xB5, 0xBF, 0x00, 0x00, 0x00, 0xFF,
  0x00, 0x00, 0x00, 0xFF, 0xB1, 0xB2, 0xB5, 0xBF, 0xB1, 0xB2, 0xB5, 0xBF, 0xB1, 0xB2, 0xB5, 0x80, 0xB1, 0xB2, 0xB5, 0x80, 0xB1, 0xB2, 0xB5, 0x80, 0xB1, 0xB2, 0xB5, 0x40, 0xB1, 0xB2, 0xB5, 0x40,
  0xB1, 0xB2, 0xB5, 0x40, 0xB1, 0xB2, 0xB5, 0x40, 0xB1, 0xB2, 0xB5, 0x40, 0xB1, 0xB2, 0xB5, 0x40, 0xB1, 0xB2, 0xB5, 0x40, 0xB1, 0xB2, 0xB5, 0x40, 0xB1, 0xB2, 0xB5, 0x40, 0xB1, 0xB2, 0xB5, 0x40,
  0xB1, 0xB2, 0xB5, 0x40, 0xB1, 0xB2, 0xB5, 0x40, 0xB1, 0xB2, 0xB5, 0x40, 0xB1, 0xB2, 0xB5, 0x40, 0xB1, 0xB2, 0xB5, 0x40, 0xB1, 0xB2, 0xB5, 0x40, 0xB1, 0xB2, 0xB5, 0x40, 0xB1, 0xB2, 0xB5, 0x40,
  0xB1, 0xB2, 0xB5, 0x40, 0xB1, 0xB2, 0xB5, 0x40, 0xB1, 0xB2, 0xB5, 0x40, 0xB1, 0xB2, 0xB5, 0x40, 0xB1, 0xB2, 0xB5, 0x40, 0xB1, 0xB2, 0xB5, 0x40, 0xB1, 0xB2, 0xB5, 0x40, 0xB1, 0xB2, 0xB5, 0x40,
  0xB1, 0xB2, 0xB5, 0x40, 0xB1, 0xB2, 0xB5, 0x40, 0xB1, 0xB2, 0xB5, 0x40, 0xB1, 0xB2, 0xB5, 0x40, 0xB1, 0xB2, 0xB5, 0x40, 0xB1, 0xB2, 0xB5, 0x40, 0xB1, 0xB2, 0xB5, 0x40, 0xB1, 0xB2, 0xB5, 0x40,
  0xB1, 0xB2, 0xB5, 0x40, 0xB1, 0xB2, 0xB5, 0x40, 0xB1, 0xB2, 0xB5, 0x40, 0xB1, 0xB2, 0xB5, 0x40, 0xB1, 0xB2, 0xB5, 0x40, 0xB1, 0xB2, 0xB5, 0x40, 0xB1, 0xB2, 0xB5, 0x40, 0xB1, 0xB2, 0xB5, 0x40,
  0xB1, 0xB2, 0xB5, 0x40, 0xB1, 0xB2, 0xB5, 0x40, 0xB1, 0xB2, 0xB5, 0x40, 0xB1, 0xB2, 0xB5, 0x40, 0xB1, 0xB2, 0xB5, 0x40, 0xB1, 0xB2, 0xB5, 0x40, 0xB1, 0xB2, 0xB5, 0x40, 0xB1, 0xB2, 0xB5, 0x40,
  0xB1, 0xB2, 0xB5, 0x40, 0xB1, 0xB2, 0xB5, 0x40, 0xB1, 0xB2, 0xB5, 0x80, 0xB1, 0xB2, 0xB5, 0x80, 0xB1, 0xB2, 0xB5, 0x80, 0xB1, 0xB2, 0xB5, 0xBF, 0xB1, 0xB2, 0xB5, 0xBF, 0x00, 0x00, 0x00, 0xFF,
  0x00, 0x00, 0x00, 0xFF, 0xB1, 0xB2, 0xB5, 0xBF, 0xB1, 0xB2, 0xB5, 0xBF, 0xB1, 0xB2, 0xB5, 0x80, 0xB1, 0xB2, 0xB5, 0x80, 0xB1, 0xB2, 0xB5, 0x80, 0xB1, 0xB2, 0xB5, 0x40, 0xB1, 0xB2, 0xB5, 0x40,
  0xB1, 0xB2, 0xB5, 0x40, 0xB1, 0xB2, 0xB5, 0x40, 0xB1, 0xB2, 0xB5, 0x40, 0xB1, 0xB2, 0xB5, 0x40, 0xB1, 0xB2, 0xB5, 0x40, 0xB1, 0xB2, 0xB5, 0x40, 0xB1, 0xB2, 0xB5, 0x40, 0xB1, 0xB2, 0xB5, 0x40,
  0xB1, 0xB2, 0xB5, 0x40, 0xB1, 0xB2, 0xB5, 0x40, 0xB1, 0xB2, 0xB5, 0x40, 0xB1, 0xB2, 0xB5, 0x40, 0xB1, 0xB2, 0xB5, 0x40, 0xB1, 0xB2, 0xB5, 0x40, 0xB1, 0xB2, 0xB5, 0x40, 0xB1, 0xB2, 0xB5, 0x40,
  0xB1, 0xB2, 0xB5, 0x40, 0xB1, 0xB2, 0xB5, 0x40, 0xB1, 0xB2, 0xB5, 0x40, 0xB1, 0xB2, 0xB5, 0x40, 0xB1, 0xB2, 0xB5, 0x40, 0xB1, 0xB2, 0xB5, 0x40, 0xB1, 0xB2, 0xB5, 0x40, 0xB1, 0xB2, 0xB5, 0x40,
  0xB1, 0xB2, 0xB5, 0x40, 0xB1, 0xB2, 0xB5, 0x40, 0xB1, 0xB2, 0xB5, 0x40, 0xB1, 0xB2, 0xB5, 0x40, 0xB1, 0xB2, 0xB5, 0x40, 0xB1, 0xB2, 0xB5, 0x40, 0xB1, 0xB2, 0xB5, 0x40, 0xB1, 0xB2, 0xB5, 0x40,
  0xB1, 0xB2, 0xB5, 0x40, 0xB1, 0xB2, 0xB5, 0x40, 0xB1, 0xB2, 0xB5, 0x40, 0xB1, 0xB2, 0xB5, 0x40, 0xB1, 0xB2, 0xB5, 0x40, 0xB1, 0xB2, 0xB5, 0x40, 0xB1, 0xB2, 0xB5, 0x40, 0xB1, 0xB2, 0xB5, 0x40,
  0xB1, 0xB2, 0xB5, 0x40, 0xB1, 0xB2, 0xB5, 0x40, 0xB1, 0xB2, 0xB5, 0x40, 0xB1, 0xB2, 0xB5, 0x40, 0xB1, 0xB2, 0xB5, 0x40, 0xB1, 0xB2, 0xB5, 0x40, 0xB1, 0xB2, 0xB5, 0x40, 0xB1, 0xB2, 0xB5, 0x40,
  0xB1, 0xB2, 0xB5, 0x40, 0xB1, 0xB2, 0xB5, 0x40, 0xB1, 0xB2, 0xB5, 0x80, 0xB1, 0xB2, 0xB5, 0x80, 0xB1, 0xB2, 0xB5, 0x80, 0xB1, 0xB2, 0xB5, 0xBF, 0xB1, 0xB2, 0xB5, 0xBF, 0x00, 0x00, 0x00, 0xFF,
  0x00, 0x00, 0x00, 0xFF, 0xB1, 0xB2, 0xB5, 0xBF, 0xB1, 0xB2, 0xB5, 0xBF, 0xB1, 0xB2, 0xB5, 0x80, 0xB1, 0xB2, 0xB5, 0x80, 0xB1, 0xB2, 0xB5, 0x80, 0xB1, 0xB2, 0xB5, 0x40, 0xB1, 0xB2, 0xB5, 0x40,
  0xB1, 0xB2, 0xB5, 0x40, 0xB1, 0xB2, 0xB5, 0x40, 0xB1, 0xB2, 0xB5, 0x40, 0xB1, 0xB2, 0xB5, 0x40, 0xB1, 0xB2, 0xB5, 0x40, 0xB1, 0xB2, 0xB5, 0x40, 0xB1, 0xB2, 0xB5, 0x40, 0xB1, 0xB2, 0xB5, 0x40,
  0xD0, 0xD1, 0xD4, 0x40, 0xD0, 0xD1, 0xD4, 0x40, 0xD0, 0xD1, 0xD4, 0x40, 0xD0, 0xD1, 0xD4, 0x40, 0xD0, 0xD1, 0xD4, 0x40, 0xD0, 0xD1, 0xD4, 0x40, 0xD0, 0xD1, 0xD4, 0x40, 0xD0, 0xD1, 0xD4, 0x40,
  0xD0, 0xD1, 0xD4, 0x40, 0xD0, 0xD1, 0xD4, 0x40, 0xD0, 0xD1, 0xD4, 0x40, 0xD0, 0xD1, 0xD4, 0x40, 0xD0, 0xD1, 0xD4, 0x40, 0xD0, 0xD1, 0xD4, 0x40, 0xD0, 0xD1, 0xD4, 0x40, 0xD0, 0xD1, 0xD4, 0x40,
  0xD0, 0xD1, 0xD4, 0x40, 0xD0, 0xD1, 0xD4, 0x40, 0xD0, 0xD1, 0xD4, 0x40, 0xD0, 0xD1, 0xD4, 0x40, 0xD0, 0xD1, 0xD4, 0x40, 0xD0, 0xD1, 0xD4, 0x40, 0xD0, 0xD1, 0xD4, 0x40, 0xD0, 0xD1, 0xD4, 0x40,
  0xD0, 0xD1, 0xD4, 0x40, 0xD0, 0xD1, 0xD4, 0x40, 0xD0, 0xD1, 0xD4, 0x40, 0xD0, 0xD1, 0xD4, 0x40, 0xD0, 0xD1, 0xD4, 0x40, 0xD0, 0xD1, 0xD4, 0x40, 0xD0, 0xD1, 0xD4, 0x40, 0xD0, 0xD1, 0xD4, 0x40,
  0xB1, 0xB2, 0xB5, 0x40, 0xB1, 0xB2, 0xB5, 0x40, 0xB1, 0xB2, 0xB5, 0x40, 0xB1, 0xB2, 0xB5, 0x40, 0xB1, 0xB2, 0xB5, 0x40, 0xB1, 0xB2, 0xB5, 0x40, 0xB1, 0xB2, 0xB5, 0x40, 0xB1, 0xB2, 0xB5, 0x40,
  0xB1, 0xB2, 0xB5, 0x40, 0xB1, 0xB2, 0xB5, 0x40, 0xB1, 0xB2, 0xB5, 0x80, 0xB1, 0xB2, 0xB5, 0x80, 0xB1, 0xB2, 0xB5, 0x80, 0xB1, 0xB2, 0xB5, 0xBF, 0xB1, 0xB2, 0xB5, 0xBF, 0x00, 0x00, 0x00, 0xFF,
  0x00, 0x00, 0x00, 0xFF, 0xB1, 0xB2, 0xB5, 0xBF, 0xB1, 0xB2, 0xB5, 0xBF, 0xB1, 0xB2, 0xB5, 0x80, 0xB1, 0xB2, 0xB5, 0x80, 0xB1, 0xB2, 0xB5, 0x80, 0xB1, 0xB2, 0xB5, 0x40, 0xB1, 0xB2, 0xB5, 0x40,
  0xB1, 0xB2, 0xB5, 0x40, 0xB1, 0xB2, 0xB5, 0x40, 0xB1, 0xB2, 0xB5, 0x40, 0xB1, 0xB2, 0xB5, 0x40, 0xB1, 0xB2, 0xB5, 0x40, 0xB1, 0xB2, 0xB5, 0x40, 0xB1, 0xB2, 0xB5, 0x40, 0xB1, 0xB2, 0xB5, 0x40,
  0xD0, 0xD1, 0xD4, 0x40, 0xD0, 0xD1, 0xD4, 0x40, 0xD0, 0xD1, 0xD4, 0x40, 0xD0, 0xD1, 0xD4, 0x40, 0xD0, 0xD1, 0xD4, 0x40, 0xD0, 0xD1, 0xD4, 0x40, 0xD0, 0xD1, 0xD4, 0x40, 0xD0, 0xD1, 0xD4, 0x40,
  0xD0, 0xD1, 0xD4, 0x40, 0xD0, 0xD1, 0xD4, 0x40, 0xD0, 0xD1, 0xD4, 0x40, 0xD0, 0xD1, 0xD4, 0x40, 0xD0, 0xD1, 0xD4, 0x40, 0xD0, 0xD1, 0xD4, 0x40, 0xD0, 0xD1, 0xD4, 0x40, 0xD0, 0xD1, 0xD4, 0x40,
  0xD0, 0xD1, 0xD4, 0x40, 0xD0, 0xD1, 0xD4, 0x40, 0xD0, 0xD1, 0xD4, 0x40, 0xD0, 0xD1, 0xD4, 0x40, 0xD0, 0xD1, 0xD4, 0x40, 0xD0, 0xD1, 0xD4, 0x40, 0xD0, 0xD1, 0xD4, 0x40, 0xD0, 0xD1, 0xD4, 0x40,
  0xD0, 0xD1, 0xD4, 0x40, 0xD0, 0xD1, 0xD4, 0x40, 0xD0, 0xD1, 0xD4, 0x40, 0xD0, 0xD1, 0xD4, 0x40, 0xD0, 0xD1, 0xD4, 0x40, 0xD0, 0xD1, 0xD4, 0x40, 0xD0, 0xD1, 0xD4, 0x40, 0xD0, 0xD1, 0xD4, 0x40,
  0xB1, 0xB2, 0xB5, 0x40, 0xB1, 0xB2, 0xB5, 0x40, 0xB1, 0xB2, 0xB5, 0x40, 0xB1, 0xB2, 0xB5, 0x40, 0xB1, 0xB2, 0xB5, 0x40, 0xB1, 0xB2, 0xB5, 0x40, 0xB1, 0xB2, 0xB5, 0x40, 0xB1, 0xB2, 0xB5, 0x40,
  0xB1, 0xB2, 0xB5, 0x40, 0xB1, 0xB2, 0xB5, 0x40, 0xB1, 0xB2, 0xB5, 0x80, 0xB1, 0xB2, 0xB5, 0x80, 0xB1, 0xB2, 0xB5, 0x80, 0xB1, 0xB2, 0xB5, 0xBF, 0xB1, 0xB2, 0xB5, 0xBF, 0x00, 0x00, 0x00, 0xFF,
  0x00, 0x00, 0x00, 0xFF, 0xB1, 0xB2, 0xB5, 0xBF, 0xB1, 0xB2, 0xB5, 0xBF, 0xB1, 0xB2, 0xB5, 0x80, 0xB1, 0xB2, 0xB5, 0x80, 0xB1, 0xB2, 0xB5, 0x80, 0xB1, 0xB2, 0xB5, 0x40, 0xB1, 0xB2, 0xB5, 0x40,
  0xB1, 0xB2, 0xB5, 0x40, 0xB1, 0xB2, 0xB5, 0x40, 0xB1, 0xB2, 0xB5, 0x40, 0xB1, 0xB2, 0xB5, 0x40, 0xB1, 0xB2, 0xB5, 0x40, 0xB1, 0xB2, 0xB5, 0x40, 0xB1, 0xB2, 0xB5, 0x40, 0xB1, 0xB2, 0xB5, 0x40,
  0xD0, 0xD1, 0xD4, 0x40, 0xD0, 0xD1, 0xD4, 0x40, 0xD0, 0xD1, 0xD4, 0x40, 0xD0, 0xD1, 0xD4, 0x40, 0xD0, 0xD1, 0xD4, 0x40, 0xD0, 0xD1, 0xD4, 0x40, 0xD0, 0xD1, 0xD4, 0x40, 0xD0, 0xD1, 0xD4, 0x40,
  0xD0, 0xD1, 0xD4, 0x40, 0xD0, 0xD1, 0xD4, 0x40, 0xD0, 0xD1, 0xD4, 0x40, 0xD0, 0xD1, 0xD4, 0x40, 0xD0, 0xD1, 0xD4, 0x40, 0xD0, 0xD1, 0xD4, 0x40, 0xD0, 0xD1, 0xD4, 0x40, 0xD0, 0xD1, 0xD4, 0x40,
  0xD0, 0xD1, 0xD4, 0x40, 0xD0, 0xD1, 0xD4, 0x40, 0xD0, 0xD1, 0xD4, 0x40, 0xD0, 0xD1, 0xD4, 0x40, 0xD0, 0xD1, 0xD4, 0x40, 0xD0, 0xD1, 0xD4, 0x40, 0xD0, 0xD1, 0xD4, 0x40, 0xD0, 0xD1, 0xD4, 0x40,
  0xD0, 0xD1, 0xD4, 0x40, 0xD0, 0xD1, 0xD4, 0x40, 0xD0, 0xD1, 0xD4, 0x40, 0xD0, 0xD1, 0xD4, 0x40, 0xD0, 0xD1, 0xD4, 0x40, 0xD0, 0xD1, 0xD4, 0x40, 0xD0, 0xD1, 0xD4, 0x40, 0xD0, 0xD1, 0xD4, 0x40,
  0xB1, 0xB2, 0xB5, 0x40, 0xB1, 0xB2, 0xB5, 0x40, 0xB1, 0xB2, 0xB5, 0x40, 0xB1, 0xB2, 0xB5, 0x40, 0xB1, 0xB2, 0xB5, 0x40, 0xB1, 0xB2, 0xB5, 0x40, 0xB1, 0xB2, 0xB5, 0x40, 0xB1, 0xB2, 0xB5, 0x40,
  0xB1, 0xB2, 0xB5, 0x40, 0xB1, 0xB2, 0xB5, 0x40, 0xB1, 0xB2, 0xB5, 0x80, 0xB1, 0xB2, 0xB5, 0x80, 0xB1, 0xB2, 0xB5, 0x80, 0xB1, 0xB2, 0xB5, 0xBF, 0xB1, 0xB2, 0xB5, 0xBF, 0x00, 0x00, 0x00, 0xFF,
  0x00, 0x00, 0x00, 0xFF, 0xB1, 0xB2, 0xB5, 0xBF, 0xB1, 0xB2, 0xB5, 0xBF, 0xB1, 0xB2, 0xB5, 0x80, 0xB1, 0xB2, 0xB5, 0x80, 0xB1, 0xB2, 0xB5, 0x80, 0xB1, 0xB2, 0xB5, 0x40, 0xB1, 0xB2, 0xB5, 0x40,
  0xB1, 0xB2, 0xB5, 0x40, 0xB1, 0xB2, 0xB5, 0x40, 0xB1, 0xB2, 0xB5, 0x40, 0xB1, 0xB2, 0xB5, 0x40, 0xB1, 0xB2, 0xB5, 0x40, 0xB1, 0xB2, 0xB5, 0x40, 0xB1, 0xB2, 0xB5, 0x40, 0xB1, 0xB2, 0xB5, 0x40,
  0xD0, 0xD1, 0xD4, 0x40, 0xD0, 0xD1, 0xD4, 0x40, 0xD0, 0xD1, 0xD4, 0x40, 0xD0, 0xD1, 0xD4, 0x40, 0xD0, 0xD1, 0xD4, 0x40, 0xD0, 0xD1, 0xD4, 0x40, 0xD0, 0xD1, 0xD4, 0x40, 0xD0, 0xD1, 0xD4, 0x40,
  0xD0, 0xD1, 0xD4, 0x40, 0xD0, 0xD1, 0xD4, 0x40, 0xD0, 0xD1, 0xD4, 0x40, 0xD0, 0xD1, 0xD4, 0x40, 0xD0, 0xD1, 0xD4, 0x40, 0xD0, 0xD1, 0xD4, 0x40, 0xD0, 0xD1, 0xD4, 0x40, 0xD0, 0xD1, 0xD4, 0x40,
  0xD0, 0xD1, 0xD4, 0x40, 0xD0, 0xD1, 0xD4, 0x40, 0xD0, 0xD1, 0xD4, 0x40, 0xD0, 0xD1, 0xD4, 0x40, 0xD0, 0xD1, 0xD4, 0x40, 0xD0, 0xD1, 0xD4, 0x40, 0xD0, 0xD1, 0xD4, 0x40, 0xD0, 0xD1, 0xD4, 0x40,
  0xD0, 0xD1, 0xD4, 0x40, 0xD0, 0xD1, 0xD4, 0x40, 0xD0, 0xD1, 0xD4, 0x40, 0xD0, 0xD1, 0xD4, 0x40, 0xD0, 0xD1, 0xD4, 0x40, 0xD0, 0xD1, 0xD4, 0x40, 0xD0, 0xD1, 0xD4, 0x40, 0xD0, 0xD1, 0xD4, 0x40,
  0xB1, 0xB2, 0xB5, 0x40, 0xB1, 0xB2, 0xB5, 0x40, 0xB1, 0xB2, 0xB5, 0x40, 0xB1, 0xB2, 0xB5, 0x40, 0xB1, 0xB2, 0xB5, 0x40, 0xB1, 0xB2, 0xB5, 0x40, 0xB1, 0xB2, 0xB5, 0x40, 0xB1, 0xB2, 0xB5, 0x40,
  0xB1, 0xB2, 0xB5, 0x40, 0xB1, 0xB2, 0xB5, 0x40, 0xB1, 0xB2, 0xB5, 0x80, 0xB1, 0xB2, 0xB5, 0x80, 0xB1, 0xB2, 0xB5, 0x80, 0xB1, 0xB2, 0xB5, 0xBF, 0xB1, 0xB2, 0xB5, 0xBF, 0x00, 0x00, 0x00, 0xFF,
  0x00, 0x00, 0x00, 0xFF, 0xB1, 0xB2, 0xB5, 0xBF, 0xB1, 0xB2, 0xB5, 0xBF, 0xB1, 0xB2, 0xB5, 0x80, 0xB1, 0xB2, 0xB5, 0x80, 0xB1, 0xB2, 0xB5, 0x80, 0xB1, 0xB2, 0xB5, 0x40, 0xB1, 0xB2, 0xB5, 0x40,
  0xB1, 0xB2, 0xB5, 0x40, 0xB1, 0xB2, 0xB5, 0x40, 0xB1, 0xB2, 0xB5, 0x40, 0xB1, 0xB2, 0xB5, 0x40, 0xD0, 0xD1, 0xD4, 0x40, 0xD0, 0xD1, 0xD4, 0x40, 0xD0, 0xD1, 0xD4, 0x40, 0xD0, 0xD1, 0xD4, 0x40,
  0xD0, 0xD1, 0xD4, 0x40, 0xD0, 0xD1, 0xD4, 0x40, 0xD0, 0xD1, 0xD4, 0x40, 0xD0, 0xD1, 0xD4, 0x40, 0xD0, 0xD1, 0xD4, 0x40, 0xD0, 0xD1, 0xD4, 0x40, 0xD0, 0xD1, 0xD4, 0x40, 0xD0, 0xD1, 0xD4, 0x40,
  0xD0, 0xD1, 0xD4, 0x40, 0xD0, 0xD1, 0xD4, 0x40, 0xD0, 0xD1, 0xD4, 0x40, 0xD0, 0xD1, 0xD4, 0x40, 0xD0, 0xD1, 0xD4, 0x40, 0xD0, 0xD1, 0xD4, 0x40, 0xD0, 0xD1, 0xD4, 0x40, 0xD0, 0xD1, 0xD4, 0x40,
  0xD0, 0xD1, 0xD4, 0x40, 0xD0, 0xD1, 0xD4, 0x40, 0xD0, 0xD1, 0xD4, 0x40, 0xD0, 0xD1, 0xD4, 0x40, 0xD0, 0xD1, 0xD4, 0x40, 0xD0, 0xD1, 0xD4, 0x40, 0xD0, 0xD1, 0xD4, 0x40, 0xD0, 0xD1, 0xD4, 0x40,
  0xD0, 0xD1, 0xD4, 0x40, 0xD0, 0xD1, 0xD4, 0x40, 0xD0, 0xD1, 0xD4, 0x40, 0xD0, 0xD1, 0xD4, 0x40, 0xD0, 0xD1, 0xD4, 0x40, 0xD0, 0xD1, 0xD4, 0x40, 0xD0, 0xD1, 0xD4, 0x40, 0xD0, 0xD1, 0xD4, 0x40,
  0xD0, 0xD1, 0xD4, 0x40, 0xD0, 0xD1, 0xD4, 0x40, 0xD0, 0xD1, 0xD4, 0x40, 0xD0, 0xD1, 0xD4, 0x40, 0xB1, 0xB2, 0xB5, 0x40, 0xB1, 0xB2, 0xB5, 0x40, 0xB1, 0xB2, 0xB5, 0x40, 0xB1, 0xB2, 0xB5, 0x40,
  0xB1, 0xB2, 0xB5, 0x40, 0xB1, 0xB2, 0xB5, 0x40, 0xB1, 0xB2, 0xB5, 0x80, 0xB1, 0xB2, 0xB5, 0x80, 0xB1, 0xB2, 0xB5, 0x80, 0xB1, 0xB2, 0xB5, 0xBF, 0xB1, 0xB2, 0xB5, 0xBF, 0x00, 0x00, 0x00, 0xFF,
  0x00, 0x00, 0x00, 0xFF, 0xB1, 0xB2, 0xB5, 0xBF, 0xB1, 0xB2, 0xB5, 0xBF, 0xB1, 0xB2, 0xB5, 0x80, 0xB1, 0xB2, 0xB5, 0x80, 0xB1, 0xB2, 0xB5, 0x80, 0xB1, 0xB2, 0xB5, 0x40, 0xB1, 0xB2, 0xB5, 0x40,
  0xB1, 0xB2, 0xB5, 0x40, 0xB1, 0xB2, 0xB5, 0x40, 0xB1, 0xB2, 0xB5, 0x40, 0xB1, 0xB2, 0xB5, 0x40, 0xD0, 0xD1, 0xD4, 0x40, 0xD0, 0xD1, 0xD4, 0x40, 0xD0, 0xD1, 0xD4, 0x40, 0xD0, 0xD1, 0xD4, 0x40,
  0xD0, 0xD1, 0xD4, 0x40, 0xD0, 0xD1, 0xD4, 0x40, 0xD0, 0xD1, 0xD4, 0x40, 0xD0, 0xD1, 0xD4, 0x40, 0xD0, 0xD1, 0xD4, 0x40, 0xD0, 0xD1, 0xD4, 0x40, 0xD0, 0xD1, 0xD4, 0x40, 0xD0, 0xD1, 0xD4, 0x40,
  0xD0, 0xD1, 0xD4, 0x40, 0xD0, 0xD1, 0xD4, 0x40, 0xD0, 0xD1, 0xD4, 0x40, 0xD0, 0xD1, 0xD4, 0x40, 0xD0, 0xD1, 0xD4, 0x40, 0xD0, 0xD1, 0xD4, 0x40, 0xD0, 0xD1, 0xD4, 0x40, 0xD0, 0xD1, 0xD4, 0x40,
  0xD0, 0xD1, 0xD4, 0x40, 0xD0, 0xD1, 0xD4, 0x40, 0xD0, 0xD1, 0xD4, 0x40, 0xD0, 0xD1, 0xD4, 0x40, 0xD0, 0xD1, 0xD4, 0x40, 0xD0, 0xD1, 0xD4, 0x40, 0xD0, 0xD1, 0xD4, 0x40, 0xD0, 0xD1, 0xD4, 0x40,
  0xD0, 0xD1, 0xD4, 0x40, 0xD0, 0xD1, 0xD4, 0x40, 0xD0, 0xD1, 0xD4, 0x40, 0xD0, 0xD1, 0xD4, 0x40, 0xD0, 0xD1, 0xD4, 0x40, 0xD0, 0xD1, 0xD4, 0x40, 0xD0, 0xD1, 0xD4, 0x40, 0xD0, 0xD1, 0xD4, 0x40,
  0xD0, 0xD1, 0xD4, 0x40, 0xD0, 0xD1, 0xD4, 0x40, 0xD0, 0xD1, 0xD4, 0x40, 0xD0, 0xD1, 0xD4, 0x40, 0xB1, 0xB2, 0xB5, 0x40, 0xB1, 0xB2, 0xB5, 0x40, 0xB1, 0xB2, 0xB5, 0x40, 0xB1, 0xB2, 0xB5, 0x40,
  0xB1, 0xB2, 0xB5, 0x40, 0xB1, 0xB2, 0xB5, 0x40, 0xB1, 0xB2, 0xB5, 0x80, 0xB1, 0xB2, 0xB5, 0x80, 0xB1, 0xB2, 0xB5, 0x80, 0xB1, 0xB2, 0xB5, 0xBF, 0xB1, 0xB2, 0xB5, 0xBF, 0x00, 0x00, 0x00, 0xFF,
  0x00, 0x00, 0x00, 0xFF, 0xB1, 0xB2, 0xB5, 0xBF, 0xB1, 0xB2, 0xB5, 0xBF, 0xB1, 0xB2, 0xB5, 0x80, 0xB1, 0xB2, 0xB5, 0x80, 0xB1, 0xB2, 0xB5, 0x80, 0xB1, 0xB2, 0xB5, 0x40, 0xB1, 0xB2, 0xB5, 0x40,
  0xB1, 0xB2, 0xB5, 0x40, 0xB1, 0xB2, 0xB5, 0x40, 0xB1, 0xB2, 0xB5, 0x40, 0xB1, 0xB2, 0xB5, 0x40, 0xD0, 0xD1, 0xD4, 0x40, 0xD0, 0xD1, 0xD4, 0x40, 0xD0, 0xD1, 0xD4, 0x40, 0xD0, 0xD1, 0xD4, 0x40,
  0xD0, 0xD1, 0xD4, 0x40, 0xD0, 0xD1, 0xD4, 0x40, 0xD0, 0xD1, 0xD4, 0x40, 0xD0, 0xD1, 0xD4, 0x40, 0xD0, 0xD1, 0xD4, 0x40, 0xD0, 0xD1, 0xD4, 0x40, 0xD0, 0xD1, 0xD4, 0x40, 0xD0, 0xD1, 0xD4, 0x40,
  0xD0, 0xD1, 0xD4, 0x40, 0xD0, 0xD1, 0xD4, 0x40, 0xD0, 0xD1, 0xD4, 0x40, 0xD0, 0xD1, 0xD4, 0x40, 0xD0, 0xD1, 0xD4, 0x40, 0xD0, 0xD1, 0xD4, 0x40, 0xD0, 0xD1, 0xD4, 0x40, 0xD0, 0xD1, 0xD4, 0x40,
  0xD0, 0xD1, 0xD4, 0x40, 0xD0, 0xD1, 0xD4, 0x40, 0xD0, 0xD1, 0xD4, 0x40, 0xD0, 0xD1, 0xD4, 0x40, 0xD0, 0xD1, 0xD4, 0x40, 0xD0, 0xD1, 0xD4, 0x40, 0xD0, 0xD1, 0xD4, 0x40, 0xD0, 0xD1, 0xD4, 0x40,
  0xD0, 0xD1, 0xD4, 0x40, 0xD0, 0xD1, 0xD4, 0x40, 0xD0, 0xD1, 0xD4, 0x40, 0xD0, 0xD1, 0xD4, 0x40, 0xD0, 0xD1, 0xD4, 0x40, 0xD0, 0xD1, 0xD4, 0x40, 0xD0, 0xD1, 0xD4, 0x40, 0xD0, 0xD1, 0xD4, 0x40,
  0xD0, 0xD1, 0xD4, 0x40, 0xD0, 0xD1, 0xD4, 0x40, 0xD0, 0xD1, 0xD4, 0x40, 0xD0, 0xD1, 0xD4, 0x40, 0xB1, 0xB2, 0xB5, 0x40, 0xB1, 0xB2, 0xB5, 0x40, 0xB1, 0xB2, 0xB5, 0x40, 0xB1, 0xB2, 0xB5, 0x40,
  0xB1, 0xB2, 0xB5, 0x40, 0xB1, 0xB2, 0xB5, 0x40, 0xB1, 0xB2, 0xB5, 0x80, 0xB1, 0xB2, 0xB5, 0x80, 0xB1, 0xB2, 0xB5, 0x80, 0xB1, 0xB2, 0xB5, 0xBF, 0xB1, 0xB2, 0xB5, 0xBF, 0x00, 0x00, 0x00, 0xFF,
  0x00, 0x00, 0x00, 0xFF, 0xB1, 0xB2, 0xB5, 0xBF, 0xB1, 0xB2, 0xB5, 0xBF, 0xB1, 0xB2, 0xB5, 0x80, 0xB1, 0xB2, 0xB5, 0x80, 0xB1, 0xB2, 0xB5, 0x80, 0xB1, 0xB2, 0xB5, 0x40, 0xB1, 0xB2, 0xB5, 0x40,
  0xB1, 0xB2, 0xB5, 0x40, 0xB1, 0xB2, 0xB5, 0x40, 0xB1, 0xB2, 0xB5, 0x40, 0xB1, 0xB2, 0xB5, 0x40, 0xD0, 0xD1, 0xD4, 0x40, 0xD0, 0xD1, 0xD4, 0x40, 0xD0, 0xD1, 0xD4, 0x40, 0xD0, 0xD1, 0xD4, 0x40,
  0xD0, 0xD1, 0xD4, 0x40, 0xD0, 0xD1, 0xD4, 0x40, 0xD0, 0xD1, 0xD4, 0x40, 0xD0, 0xD1, 0xD4, 0x40, 0xD0, 0xD1, 0xD4, 0x40, 0xD0, 0xD1, 0xD4, 0x40, 0xD0, 0xD1, 0xD4, 0x40, 0xD0, 0xD1, 0xD4, 0x40,
  0xD0, 0xD1, 0xD4, 0x40, 0xD0, 0xD1, 0xD4, 0x40, 0xD0, 0xD1, 0xD4, 0x40, 0xD0, 0xD1, 0xD4, 0x40, 0xD0, 0xD1, 0xD4, 0x40, 0xD0, 0xD1, 0xD4, 0x40, 0xD0, 0xD1, 0xD4, 0x40, 0xD0, 0xD1, 0xD4, 0x40,
  0xD0, 0xD1, 0xD4, 0x40, 0xD0, 0xD1, 0xD4, 0x40, 0xD0, 0xD1, 0xD4, 0x40, 0xD0, 0xD1, 0xD4, 0x40, 0xD0, 0xD1, 0xD4, 0x40, 0xD0, 0xD1, 0xD4, 0x40, 0xD0, 0xD1, 0xD4, 0x40, 0xD0, 0xD1, 0xD4, 0x40,
  0xD0, 0xD1, 0xD4, 0x40, 0xD0, 0xD1, 0xD4, 0x40, 0xD0, 0xD1, 0xD4, 0x40, 0xD0, 0xD1, 0xD4, 0x40, 0xD0, 0xD1, 0xD4, 0x40, 0xD0, 0xD1, 0xD4, 0x40, 0xD0, 0xD1, 0xD4, 0x40, 0xD0, 0xD1, 0xD4, 0x40,
  0xD0, 0xD1, 0xD4, 0x40, 0xD0, 0xD1, 0xD4, 0x40, 0xD0, 0xD1, 0xD4, 0x40, 0xD0, 0xD1, 0xD4, 0x40, 0xB1, 0xB2, 0xB5, 0x40, 0xB1, 0xB2, 0xB5, 0x40, 0xB1, 0xB2, 0xB5, 0x40, 0xB1, 0xB2, 0xB5, 0x40,
  0xB1, 0xB2, 0xB5, 0x40, 0xB1, 0xB2, 0xB5, 0x40, 0xB1, 0xB2, 0xB5, 0x80, 0xB1, 0xB2, 0xB5, 0x80, 0xB1, 0xB2, 0xB5, 0x80, 0xB1, 0xB2, 0xB5, 0xBF, 0xB1, 0xB2, 0xB5, 0xBF, 0x00, 0x00, 0x00, 0xFF,
  0x00, 0x00, 0x00, 0xFF, 0xB1, 0xB2, 0xB5, 0xBF, 0xB1, 0xB2, 0xB5, 0xBF, 0xB1, 0xB2, 0xB5, 0x80, 0xB1, 0xB2, 0xB5, 0x80, 0xB1, 0xB2, 0xB5, 0x80, 0xB1, 0xB2, 0xB5, 0x40, 0xB1, 0xB2, 0xB5, 0x40,
  0xB1, 0xB2, 0xB5, 0x40, 0xB1, 0xB2, 0xB5, 0x40, 0xB1, 0xB2, 0xB5, 0x40, 0xB1, 0xB2, 0xB5, 0x40, 0xD0, 0xD1, 0xD4, 0x40, 0xD0, 0xD1, 0xD4, 0x40, 0xD0, 0xD1, 0xD4, 0x40, 0xD0, 0xD1, 0xD4, 0x40,
  0xD0, 0xD1, 0xD4, 0x40, 0xD0, 0xD1, 0xD4, 0x40, 0xD0, 0xD1, 0xD4, 0x40, 0xD0, 0xD1, 0xD4, 0x40, 0xD0, 0xD1, 0xD4, 0x40, 0xD0, 0xD1, 0xD4, 0x40, 0xD0, 0xD1, 0xD4, 0x40, 0xD0, 0xD1, 0xD4, 0x40,
  0xD0, 0xD1, 0xD4, 0x40, 0xD0, 0xD1, 0xD4, 0x40, 0xD0, 0xD1, 0xD4, 0x40, 0xD0, 0xD1, 0xD4, 0x40, 0xD0, 0xD1, 0xD4, 0x40, 0xD0, 0xD1, 0xD4, 0x40, 0xD0, 0xD1, 0xD4, 0x40, 0xD0, 0xD1, 0xD4, 0x40,
  0xD0, 0xD1, 0xD4, 0x40, 0xD0, 0xD1, 0xD4, 0x40, 0xD0, 0xD1, 0xD4, 0x40, 0xD0, 0xD1, 0xD4, 0x40, 0xD0, 0xD1, 0xD4, 0x40, 0xD0, 0xD1, 0xD4, 0x40, 0xD0, 0xD1, 0xD4, 0x40, 0xD0, 0xD1, 0xD4, 0x40,
  0xD0, 0xD1, 0xD4, 0x40, 0xD0, 0xD1, 0xD4, 0x40, 0xD0, 0xD1, 0xD4, 0x40, 0xD0, 0xD1, 0xD4, 0x40, 0xD0, 0xD1, 0xD4, 0x40, 0xD0, 0xD1, 0xD4, 0x40, 0xD0, 0xD1, 0xD4, 0x40, 0xD0, 0xD1, 0xD4, 0x40,
  0xD0, 0xD1, 0xD4, 0x40, 0xD0, 0xD1, 0xD4, 0x40, 0xD0, 0xD1, 0xD4, 0x40, 0xD0, 0xD1, 0xD4, 0x40, 0xB1, 0xB2, 0xB5, 0x40, 0xB1, 0xB2, 0xB5, 0x40, 0xB1, 0xB2, 0xB5, 0x40, 0xB1, 0xB2, 0xB5, 0x40,
  0xB1, 0xB2, 0xB5, 0x40, 0xB1, 0xB2, 0xB5, 0x40, 0xB1, 0xB2, 0xB5, 0x80, 0xB1, 0xB2, 0xB5, 0x80, 0xB1, 0xB2, 0xB5, 0x80, 0xB1, 0xB2, 0xB5, 0xBF, 0xB1, 0xB2, 0xB5, 0xBF, 0x00, 0x00, 0x00, 0xFF,
  0x00, 0x00, 0x00, 0xFF, 0xB1, 0xB2, 0xB5, 0xBF, 0xB1, 0xB2, 0xB5, 0xBF, 0xB1, 0xB2, 0xB5, 0x80, 0xB1, 0xB2, 0xB5, 0x80, 0xB1, 0xB2, 0xB5, 0x80, 0xB1, 0xB2, 0xB5, 0x40, 0xB1, 0xB2, 0xB5, 0x40,
  0xB1, 0xB2, 0xB5, 0x40, 0xB1, 0xB2, 0xB5, 0x40, 0xB1, 0xB2, 0xB5, 0x40, 0xB1, 0xB2, 0xB5, 0x40, 0xD0, 0xD1, 0xD4, 0x40, 0xD0, 0xD1, 0xD4, 0x40, 0xD0, 0xD1, 0xD4, 0x40, 0xD0, 0xD1, 0xD4, 0x40,
  0xD0, 0xD1, 0xD4, 0x40, 0xD0, 0xD1, 0xD4, 0x40, 0xD0, 0xD1, 0xD4, 0x40, 0xD0, 0xD1, 0xD4, 0x40, 0xD0, 0xD1, 0xD4, 0x40, 0xD0, 0xD1, 0xD4, 0x40, 0xD0, 0xD1, 0xD4, 0x40, 0xD0, 0xD1, 0xD4, 0x40,
  0xD0, 0xD1, 0xD4, 0x40, 0xD0, 0xD1, 0xD4, 0x40, 0xD0, 0xD1, 0xD4, 0x40, 0xD0, 0xD1, 0xD4, 0x40, 0xD0, 0xD1, 0xD4, 0x40, 0xD0, 0xD1, 0xD4, 0x40, 0xD0, 0xD1, 0xD4, 0x40, 0xD0, 0xD1, 0xD4, 0x40,
  0xD0, 0xD1, 0xD4, 0x40, 0xD0, 0xD1, 0xD4, 0x40, 0xD0, 0xD1, 0xD4, 0x40, 0xD0, 0xD1, 0xD4, 0x40, 0xD0, 0xD1, 0xD4, 0x40, 0xD0, 0xD1, 0xD4, 0x40, 0xD0, 0xD1, 0xD4, 0x40, 0xD0, 0xD1, 0xD4, 0x40,
  0xD0, 0xD1, 0xD4, 0x40, 0xD0, 0xD1, 0xD4, 0x40, 0xD0, 0xD1, 0xD4, 0x40, 0xD0, 0xD1, 0xD4, 0x40, 0xD0, 0xD1, 0xD4, 0x40, 0xD0, 0xD1, 0xD4, 0x40, 0xD0, 0xD1, 0xD4, 0x40, 0xD0, 0xD1, 0xD4, 0x40,
  0xD0, 0xD1, 0xD4, 0x40, 0xD0, 0xD1, 0xD4, 0x40, 0xD0, 0xD1, 0xD4, 0x40, 0xD0, 0xD1, 0xD4, 0x40, 0xB1, 0xB2, 0xB5, 0x40, 0xB1, 0xB2, 0xB5, 0x40, 0xB1, 0xB2, 0xB5, 0x40, 0xB1, 0xB2, 0xB5, 0x40,
  0xB1, 0xB2, 0xB5, 0x40, 0xB1, 0xB2, 0xB5, 0x40, 0xB1, 0xB2, 0xB5, 0x80, 0xB1, 0xB2, 0xB5, 0x80, 0xB1, 0xB2, 0xB5, 0x80, 0xB1, 0xB2, 0xB5, 0xBF, 0xB1, 0xB2, 0xB5, 0xBF, 0x00, 0x00, 0x00, 0xFF,
  0x00, 0x00, 0x00, 0xFF, 0xB1, 0xB2, 0xB5, 0xBF, 0xB1, 0xB2, 0xB5, 0xBF, 0xB1, 0xB2, 0xB5, 0x80, 0xB1, 0xB2, 0xB5, 0x80, 0xB1, 0xB2, 0xB5, 0x80, 0xB1, 0xB2, 0xB5, 0x40, 0xB1, 0xB2, 0xB5, 0x40,
  0xB1, 0xB2, 0xB5, 0x40, 0xB1, 0xB2, 0xB5, 0x40, 0xB1, 0xB2, 0xB5, 0x40, 0xB1, 0xB2, 0xB5, 0x40, 0xD0, 0xD1, 0xD4, 0x40, 0xD0, 0xD1, 0xD4, 0x40, 0xD0, 0xD1, 0xD4, 0x40, 0xD0, 0xD1, 0xD4, 0x40,
  0xD0, 0xD1, 0xD4, 0x40, 0xD0, 0xD1, 0xD4, 0x40, 0xD0, 0xD1, 0xD4, 0x40, 0xD0, 0xD1, 0xD4, 0x40, 0xD0, 0xD1, 0xD4, 0x40, 0xD0, 0xD1, 0xD4, 0x40, 0xD0, 0xD1, 0xD4, 0x40, 0xD0, 0xD1, 0xD4, 0x40,
  0xD0, 0xD1, 0xD4, 0x40, 0xD0, 0xD1, 0xD4, 0x40, 0xD0, 0xD1, 0xD4, 0x40, 0xD0, 0xD1, 0xD4, 0x40, 0xD0, 0xD1, 0xD4, 0x40, 0xD0, 0xD1, 0xD4, 0x40, 0xD0, 0xD1, 0xD4, 0x40, 0xD0, 0xD1, 0xD4, 0x40,
  0xD0, 0xD1, 0xD4, 0x40, 0xD0, 0xD1, 0xD4, 0x40, 0xD0, 0xD1, 0xD4, 0x40, 0xD0, 0xD1, 0xD4, 0x40, 0xD0, 0xD1, 0xD4, 0x40, 0xD0, 0xD1, 0xD4, 0x40, 0xD0, 0xD1, 0xD4, 0x40, 0xD0, 0xD1, 0xD4, 0x40,
  0xD0, 0xD1, 0xD4, 0x40, 0xD0, 0xD1, 0xD4, 0x40, 0xD0, 0xD1, 0xD4, 0x40, 0xD0, 0xD1, 0xD4, 0x40, 0xD0, 0xD1, 0xD4, 0x40, 0xD0, 0xD1, 0xD4, 0x40, 0xD0, 0xD1, 0xD4, 0x40, 0xD0, 0xD1, 0xD4, 0x40,
  0xD0, 0xD1, 0xD4, 0x40, 0xD0, 0xD1, 0xD4, 0x40, 0xD0, 0xD1, 0xD4, 0x40, 0xD0, 0xD1, 0xD4, 0x40, 0xB1, 0xB2, 0xB5, 0x40, 0xB1, 0xB2, 0xB5, 0x40, 0xB1, 0xB2, 0xB5, 0x40, 0xB1, 0xB2, 0xB5, 0x40,
  0xB1, 0xB2, 0xB5, 0x40, 0xB1, 0xB2, 0xB5, 0x40, 0xB1, 0xB2, 0xB5, 0x80, 0xB1, 0xB2, 0xB5, 0x80, 0xB1, 0xB2, 0xB5, 0x80, 0xB1, 0xB2, 0xB5, 0xBF, 0xB1, 0xB2, 0xB5, 0xBF, 0x00, 0x00, 0x00, 0xFF,
  0x00, 0x00, 0x00, 0xFF, 0xB1, 0xB2, 0xB5, 0xBF, 0xB1, 0xB2, 0xB5, 0xBF, 0xB1, 0xB2, 0xB5, 0x80, 0xB1, 0xB2, 0xB5, 0x80, 0xB1, 0xB2, 0xB5, 0x80, 0xB1, 0xB2, 0xB5, 0x40, 0xB1, 0xB2, 0xB5, 0x40,
  0xB1, 0xB2, 0xB5, 0x40, 0xB1, 0xB2, 0xB5, 0x40, 0xB1, 0xB2, 0xB5, 0x40, 0xB1, 0xB2, 0xB5, 0x40, 0xD0, 0xD1, 0xD4, 0x40, 0xD0, 0xD1, 0xD4, 0x40, 0xD0, 0xD1, 0xD4, 0x40, 0xD0, 0xD1, 0xD4, 0x40,
  0xD0, 0xD1, 0xD4, 0x40, 0xD0, 0xD1, 0xD4, 0x40, 0xD0, 0xD1, 0xD4, 0x40, 0xD0, 0xD1, 0xD4, 0x40, 0xD0, 0xD1, 0xD4, 0x40, 0xD0, 0xD1, 0xD4, 0x40, 0xD0, 0xD1, 0xD4, 0x40, 0xD0, 0xD1, 0xD4, 0x40,
  0xD0, 0xD1, 0xD4, 0x40, 0xD0, 0xD1, 0xD4, 0x40, 0xD0, 0xD1, 0xD4, 0x40, 0xD0, 0xD1, 0xD4, 0x40, 0xD0, 0xD1, 0xD4, 0x40, 0xD0, 0xD1, 0xD4, 0x40, 0xD0, 0xD1, 0xD4, 0x40, 0xD0, 0xD1, 0xD4, 0x40,
  0xD0, 0xD1, 0xD4, 0x40, 0xD0, 0xD1, 0xD4, 0x40, 0xD0, 0xD1, 0xD4, 0x40, 0xD0, 0xD1, 0xD4, 0x40, 0xD0, 0xD1, 0xD4, 0x40, 0xD0, 0xD1, 0xD4, 0x40, 0xD0, 0xD1, 0xD4, 0x40, 0xD0, 0xD1, 0xD4, 0x40,
  0xD0, 0xD1, 0xD4, 0x40, 0xD0, 0xD1, 0xD4, 0x40, 0xD0, 0xD1, 0xD4, 0x40, 0xD0, 0xD1, 0xD4, 0x40, 0xD0, 0xD1, 0xD4, 0x40, 0xD0, 0xD1, 0xD4, 0x40, 0xD0, 0xD1, 0xD4, 0x40, 0xD0, 0xD1, 0xD4, 0x40,
  0xD0, 0xD1, 0xD4, 0x40, 0xD0, 0xD1, 0xD4, 0x40, 0xD0, 0xD1, 0xD4, 0x40, 0xD0, 0xD1, 0xD4, 0x40, 0xB1, 0xB2, 0xB5, 0x40, 0xB1, 0xB2, 0xB5, 0x40, 0xB1, 0xB2, 0xB5, 0x40, 0xB1, 0xB2, 0xB5, 0x40,
  0xB1, 0xB2, 0xB5, 0x40, 0xB1, 0xB2, 0xB5, 0x40, 0xB1, 0xB2, 0xB5, 0x80, 0xB1, 0xB2, 0xB5, 0x80, 0xB1, 0xB2, 0xB5, 0x80, 0xB1, 0xB2, 0xB5, 0xBF, 0xB1, 0xB2, 0xB5, 0xBF, 0x00, 0x00, 0x00, 0xFF,
  0x00, 0x00, 0x00, 0xFF, 0xB1, 0xB2, 0xB5, 0xBF, 0xB1, 0xB2, 0xB5, 0xBF, 0xB1, 0xB2, 0xB5, 0x80, 0xB1, 0xB2, 0xB5, 0x80, 0xB1, 0xB2, 0xB5, 0x80, 0xB1, 0xB2, 0xB5, 0x40, 0xB1, 0xB2, 0xB5, 0x40,
  0xB1, 0xB2, 0xB5, 0x40, 0xB1, 0xB2, 0xB5, 0x40, 0xB1, 0xB2, 0xB5, 0x40, 0xB1, 0xB2, 0xB5, 0x40, 0xD0, 0xD1, 0xD4, 0x40, 0xD0, 0xD1, 0xD4, 0x40, 0xD0, 0xD1, 0xD4, 0x40, 0xD0, 0xD1, 0xD4, 0x40,
  0xD0, 0xD1, 0xD4, 0x40, 0xD0, 0xD1, 0xD4, 0x40, 0xD0, 0xD1, 0xD4, 0x40, 0xD0, 0xD1, 0xD4, 0x40, 0xD0, 0xD1, 0xD4, 0x40, 0xD0, 0xD1, 0xD4, 0x40, 0xD0, 0xD1, 0xD4, 0x40, 0xD0, 0xD1, 0xD4, 0x40,
  0xD0, 0xD1, 0xD4, 0x40, 0xD0, 0xD1, 0xD4, 0x40, 0xD0, 0xD1, 0xD4, 0x40, 0xD0, 0xD1, 0xD4, 0x40, 0xD0, 0xD1, 0xD4, 0x40, 0xD0, 0xD1, 0xD4, 0x40, 0xD0, 0xD1, 0xD4, 0x40, 0xD0, 0xD1, 0xD4, 0x40,
  0xD0, 0xD1, 0xD4, 0x40, 0xD0, 0xD1, 0xD4, 0x40, 0xD0, 0xD1, 0xD4, 0x40, 0xD0, 0xD1, 0xD4, 0x40, 0xD0, 0xD1, 0xD4, 0x40, 0xD0, 0xD1, 0xD4, 0x40, 0xD0, 0xD1, 0xD4, 0x40, 0xD0, 0xD1, 0xD4, 0x40,
  0xD0, 0xD1, 0xD4, 0x40, 0xD0, 0xD1, 0xD4, 0x40, 0xD0, 0xD1, 0xD4, 0x40, 0xD0, 0xD1, 0xD4, 0x40, 0xD0, 0xD1, 0xD4, 0x40, 0xD0, 0xD1, 0xD4, 0x40, 0xD0, 0xD1, 0xD4, 0x40, 0xD0, 0xD1, 0xD4, 0x40,
  0xD0, 0xD1, 0xD4, 0x40, 0xD0, 0xD1, 0xD4, 0x40, 0xD0, 0xD1, 0xD4, 0x40, 0xD0, 0xD1, 0xD4, 0x40, 0xB1, 0xB2, 0xB5, 0x40, 0xB1, 0xB2, 0xB5, 0x40, 0xB1, 0xB2, 0xB5, 0x40, 0xB1, 0xB2, 0xB5, 0x40,
  0xB1, 0xB2, 0xB5, 0x40, 0xB1, 0xB2, 0xB5, 0x40, 0xB1, 0xB2, 0xB5, 0x80, 0xB1, 0xB2, 0xB5, 0x80, 0xB1, 0xB2, 0xB5, 0x80, 0xB1, 0xB2, 0xB5, 0xBF, 0xB1, 0xB2, 0xB5, 0xBF, 0x00, 0x00, 0x00, 0xFF,
  0x00, 0x00, 0x00, 0xFF, 0xB1, 0xB2, 0xB5, 0xBF, 0xB1, 0xB2, 0xB5, 0xBF, 0xB1, 0xB2, 0xB5, 0x80, 0xB1, 0xB2, 0xB5, 0x80, 0xB1, 0xB2, 0xB5, 0x80, 0xB1, 0xB2, 0xB5, 0x40, 0xB1, 0xB2, 0xB5, 0x40,
  0xB1, 0xB2, 0xB5, 0x40, 0xB1, 0xB2, 0xB5, 0x40, 0xB1, 0xB2, 0xB5, 0x40, 0xB1, 0xB2, 0xB5, 0x40, 0xD0, 0xD1, 0xD4, 0x40, 0xD0, 0xD1, 0xD4, 0x40, 0xD0, 0xD1, 0xD4, 0x40, 0xD0, 0xD1, 0xD4, 0x40,
  0xD0, 0xD1, 0xD4, 0x40, 0xD0, 0xD1, 0xD4, 0x40, 0xD0, 0xD1, 0xD4, 0x40, 0xD0, 0xD1, 0xD4, 0x40, 0xD0, 0xD1, 0xD4, 0x40, 0xD0, 0xD1, 0xD4, 0x40, 0xD0, 0xD1, 0xD4, 0x40, 0xD0, 0xD1, 0xD4, 0x40,
  0xD0, 0xD1, 0xD4, 0x40, 0xD0, 0xD1, 0xD4, 0x40, 0xD0, 0xD1, 0xD4, 0x40, 0xD0, 0xD1, 0xD4, 0x40, 0xD0, 0xD1, 0xD4, 0x40, 0xD0, 0xD1, 0xD4, 0x40, 0xD0, 0xD1, 0xD4, 0x40, 0xD0, 0xD1, 0xD4, 0x40,
  0xD0, 0xD1, 0xD4, 0x40, 0xD0, 0xD1, 0xD4, 0x40, 0xD0, 0xD1, 0xD4, 0x40, 0xD0, 0xD1, 0xD4, 0x40, 0xD0, 0xD1, 0xD4, 0x40, 0xD0, 0xD1, 0xD4, 0x40, 0xD0, 0xD1, 0xD4, 0x40, 0xD0, 0xD1, 0xD4, 0x40,
  0xD0, 0xD1, 0xD4, 0x40, 0xD0, 0xD1, 0xD4, 0x40, 0xD0, 0xD1, 0xD4, 0x40, 0xD0, 0xD1, 0xD4, 0x40, 0xD0, 0xD1, 0xD4, 0x40, 0xD0, 0xD1, 0xD4, 0x40, 0xD0, 0xD1, 0xD4, 0x40, 0xD0, 0xD1, 0xD4, 0x40,
  0xD0, 0xD1, 0xD4, 0x40, 0xD0, 0xD1, 0xD4, 0x40, 0xD0, 0xD1, 0xD4, 0x40, 0xD0, 0xD1, 0xD4, 0x40, 0xB1, 0xB2, 0xB5, 0x40, 0xB1, 0xB2, 0xB5, 0x40, 0xB1, 0xB2, 0xB5, 0x40, 0xB1, 0xB2, 0xB5, 0x40,
  0xB1, 0xB2, 0xB5, 0x40, 0xB1, 0xB2, 0xB5, 0x40, 0xB1, 0xB2, 0xB5, 0x80, 0xB1, 0xB2, 0xB5, 0x80, 0xB1, 0xB2, 0xB5, 0x80, 0xB1, 0xB2, 0xB5, 0xBF, 0xB1, 0xB2, 0xB5, 0xBF, 0x00, 0x00, 0x00, 0xFF,
  0x00, 0x00, 0x00, 0xFF, 0xB1, 0xB2, 0xB5, 0xBF, 0xB1, 0xB2, 0xB5, 0xBF, 0xB1, 0xB2, 0xB5, 0x80, 0xB1, 0xB2, 0xB5, 0x80, 0xB1, 0xB2, 0xB5, 0x80, 0xB1, 0xB2, 0xB5, 0x40, 0xB1, 0xB2, 0xB5, 0x40,
  0xB1, 0xB2, 0xB5, 0x40, 0xB1, 0xB2, 0xB5, 0x40, 0xB1, 0xB2, 0xB5, 0x40, 0xB1, 0xB2, 0xB5, 0x40, 0xD0, 0xD1, 0xD4, 0x40, 0xD0, 0xD1, 0xD4, 0x40, 0xD0, 0xD1, 0xD4, 0x40, 0xD0, 0xD1, 0xD4, 0x40,
  0xD0, 0xD1, 0xD4, 0x40, 0xD0, 0xD1, 0xD4, 0x40, 0xD0, 0xD1, 0xD4, 0x40, 0xD0, 0xD1, 0xD4, 0x40, 0xD0, 0xD1, 0xD4, 0x40, 0xD0, 0xD1, 0xD4, 0x40, 0xD0, 0xD1, 0xD4, 0x40, 0xD0, 0xD1, 0xD4, 0x40,
  0xD0, 0xD1, 0xD4, 0x40, 0xD0, 0xD1, 0xD4, 0x40, 0xD0, 0xD1, 0xD4, 0x40, 0xD0, 0xD1, 0xD4, 0x40, 0xD0, 0xD1, 0xD4, 0x40, 0xD0, 0xD1, 0xD4, 0x40, 0xD0, 0xD1, 0xD4, 0x40, 0xD0, 0xD1, 0xD4, 0x40,
  0xD0, 0xD1, 0xD4, 0x40, 0xD0, 0xD1, 0xD4, 0x40, 0xD0, 0xD1, 0xD4, 0x40, 0xD0, 0xD1, 0xD4, 0x40, 0xD0, 0xD1, 0xD4, 0x40, 0xD0, 0xD1, 0xD4, 0x40, 0xD0, 0xD1, 0xD4, 0x40, 0xD0, 0xD1, 0xD4, 0x40,
  0xD0, 0xD1, 0xD4, 0x40, 0xD0, 0xD1, 0xD4, 0x40, 0xD0, 0xD1, 0xD4, 0x40, 0xD0, 0xD1, 0xD4, 0x40, 0xD0, 0xD1, 0xD4, 0x40, 0xD0, 0xD1, 0xD4, 0x40, 0xD0, 0xD1, 0xD4, 0x40, 0xD0, 0xD1, 0xD4, 0x40,
  0xD0, 0xD1, 0xD4, 0x40, 0xD0, 0xD1, 0xD4, 0x40, 0xD0, 0xD1, 0xD4, 0x40, 0xD0, 0xD1, 0xD4, 0x40, 0xB1, 0xB2, 0xB5, 0x40, 0xB1, 0xB2, 0xB5, 0x40, 0xB1, 0xB2, 0xB5, 0x40, 0xB1, 0xB2, 0xB5, 0x40,
  0xB1, 0xB2, 0xB5, 0x40, 0xB1, 0xB2, 0xB5, 0x40, 0xB1, 0xB2, 0xB5, 0x80, 0xB1, 0xB2, 0xB5, 0x80, 0xB1, 0xB2, 0xB5, 0x80, 0xB1, 0xB2, 0xB5, 0xBF, 0xB1, 0xB2, 0xB5, 0xBF, 0x00, 0x00, 0x00, 0xFF,
  0x00, 0x00, 0x00, 0xFF, 0xB1, 0xB2, 0xB5, 0xBF, 0xB1, 0xB2, 0xB5, 0xBF, 0xB1, 0xB2, 0xB5, 0x80, 0xB1, 0xB2, 0xB5, 0x80, 0xB1, 0xB2, 0xB5, 0x80, 0xB1, 0xB2, 0xB5, 0x40, 0xB1, 0xB2, 0xB5, 0x40,
  0xB1, 0xB2, 0xB5, 0x40, 0xB1, 0xB2, 0xB5, 0x40, 0xB1, 0xB2, 0xB5, 0x40, 0xB1, 0xB2, 0xB5, 0x40, 0xD0, 0xD1, 0xD4, 0x40, 0xD0, 0xD1, 0xD4, 0x40, 0xD0, 0xD1, 0xD4, 0x40, 0xD0, 0xD1, 0xD4, 0x40,
  0xD0, 0xD1, 0xD4, 0x40, 0xD0, 0xD1, 0xD4, 0x40, 0xD0, 0xD1, 0xD4, 0x40, 0xD0, 0xD1, 0xD4, 0x40, 0xD0, 0xD1, 0xD4, 0x40, 0xD0, 0xD1, 0xD4, 0x40, 0xD0, 0xD1, 0xD4, 0x40, 0xD0, 0xD1, 0xD4, 0x40,
  0xD0, 0xD1, 0xD4, 0x40, 0xD0, 0xD1, 0xD4, 0x40, 0xD0, 0xD1, 0xD4, 0x40, 0xD0, 0xD1, 0xD4, 0x40, 0xD0, 0xD1, 0xD4, 0x40, 0xD0, 0xD1, 0xD4, 0x40, 0xD0, 0xD1, 0xD4, 0x40, 0xD0, 0xD1, 0xD4, 0x40,
  0xD0, 0xD1, 0xD4, 0x40, 0xD0, 0xD1, 0xD4, 0x40, 0xD0, 0xD1, 0xD4, 0x40, 0xD0, 0xD1, 0xD4, 0x40, 0xD0, 0xD1, 0xD4, 0x40, 0xD0, 0xD1, 0xD4, 0x40, 0xD0, 0xD1, 0xD4, 0x40, 0xD0, 0xD1, 0xD4, 0x40,
  0xD0, 0xD1, 0xD4, 0x40, 0xD0, 0xD1, 0xD4, 0x40, 0xD0, 0xD1, 0xD4, 0x40, 0xD0, 0xD1, 0xD4, 0x40, 0xD0, 0xD1, 0xD4, 0x40, 0xD0, 0xD1, 0xD4, 0x40, 0xD0, 0xD1, 0xD4, 0x40, 0xD0, 0xD1, 0xD4, 0x40,
  0xD0, 0xD1, 0xD4, 0x40, 0xD0, 0xD1, 0xD4, 0x40, 0xD0, 0xD1, 0xD4, 0x40, 0xD0, 0xD1, 0xD4, 0x40, 0xB1, 0xB2, 0xB5, 0x40, 0xB1, 0xB2, 0xB5, 0x40, 0xB1, 0xB2, 0xB5, 0x40, 0xB1, 0xB2, 0xB5, 0x40,
  0xB1, 0xB2, 0xB5, 0x40, 0xB1, 0xB2, 0xB5, 0x40, 0xB1, 0xB2, 0xB5, 0x80, 0xB1, 0xB2, 0xB5, 0x80, 0xB1, 0xB2, 0xB5, 0x80, 0xB1, 0xB2, 0xB5, 0xBF, 0xB1, 0xB2, 0xB5, 0xBF, 0x00, 0x00, 0x00, 0xFF,
  0x00, 0x00, 0x00, 0xFF, 0xB1, 0xB2, 0xB5, 0xBF, 0xB1, 0xB2, 0xB5, 0xBF, 0xB1, 0xB2, 0xB5, 0x80, 0xB1, 0xB2, 0xB5, 0x80, 0xB1, 0xB2, 0xB5, 0x80, 0xB1, 0xB2, 0xB5, 0x40, 0xB1, 0xB2, 0xB5, 0x40,
  0xB1, 0xB2, 0xB5, 0x40, 0xB1, 0xB2, 0xB5, 0x40, 0xB1, 0xB2, 0xB5, 0x40, 0xB1, 0xB2, 0xB5, 0x40, 0xD0, 0xD1, 0xD4, 0x40, 0xD0, 0xD1, 0xD4, 0x40, 0xD0, 0xD1, 0xD4, 0x40, 0xD0, 0xD1, 0xD4, 0x40,
  0xD0, 0xD1, 0xD4, 0x40, 0xD0, 0xD1, 0xD4, 0x40, 0xD0, 0xD1, 0xD4, 0x40, 0xD0, 0xD1, 0xD4, 0x40, 0xD0, 0xD1, 0xD4, 0x40, 0xD0, 0xD1, 0xD4, 0x40, 0xD0, 0xD1, 0xD4, 0x40, 0xD0, 0xD1, 0xD4, 0x40,
  0xD0, 0xD1, 0xD4, 0x40, 0xD0, 0xD1, 0xD4, 0x40, 0xD0, 0xD1, 0xD4, 0x40, 0xD0, 0xD1, 0xD4, 0x40, 0xD0, 0xD1, 0xD4, 0x40, 0xD0, 0xD1, 0xD4, 0x40, 0xD0, 0xD1, 0xD4, 0x40, 0xD0, 0xD1, 0xD4, 0x40,
  0xD0, 0xD1, 0xD4, 0x40, 0xD0, 0xD1, 0xD4, 0x40, 0xD0, 0xD1, 0xD4, 0x40, 0xD0, 0xD1, 0xD4, 0x40, 0xD0, 0xD1, 0xD4, 0x40, 0xD0, 0xD1, 0xD4, 0x40, 0xD0, 0xD1, 0xD4, 0x40, 0xD0, 0xD1, 0xD4, 0x40,
  0xD0, 0xD1, 0xD4, 0x40, 0xD0, 0xD1, 0xD4, 0x40, 0xD0, 0xD1, 0xD4, 0x40, 0xD0, 0xD1, 0xD4, 0x40, 0xD0, 0xD1, 0xD4, 0x40, 0xD0, 0xD1, 0xD4, 0x40, 0xD0, 0xD1, 0xD4, 0x40, 0xD0, 0xD1, 0xD4, 0x40,
  0xD0, 0xD1, 0xD4, 0x40, 0xD0, 0xD1, 0xD4, 0x40, 0xD0, 0xD1, 0xD4, 0x40, 0xD0, 0xD1, 0xD4, 0x40, 0xB1, 0xB2, 0xB5, 0x40, 0xB1, 0xB2, 0xB5, 0x40, 0xB1, 0xB2, 0xB5, 0x40, 0xB1, 0xB2, 0xB5, 0x40,
  0xB1, 0xB2, 0xB5, 0x40, 0xB1, 0xB2, 0xB5, 0x40, 0xB1, 0xB2, 0xB5, 0x80, 0xB1, 0xB2, 0xB5, 0x80, 0xB1, 0xB2, 0xB5, 0x80, 0xB1, 0xB2, 0xB5, 0xBF, 0xB1, 0xB2, 0xB5, 0xBF, 0x00, 0x00, 0x00, 0xFF,
  0x00, 0x00, 0x00, 0xFF, 0xB1, 0xB2, 0xB5, 0xBF, 0xB1, 0xB2, 0xB5, 0xBF, 0xB1, 0xB2, 0xB5, 0x80, 0xB1, 0xB2, 0xB5, 0x80, 0xB1, 0xB2, 0xB5, 0x80, 0xB1, 0xB2, 0xB5, 0x40, 0xB1, 0xB2, 0xB5, 0x40,
  0xB1, 0xB2, 0xB5, 0x40, 0xB1, 0xB2, 0xB5, 0x40, 0xB1, 0xB2, 0xB5, 0x40, 0xB1, 0xB2, 0xB5, 0x40, 0xD0, 0xD1, 0xD4, 0x40, 0xD0, 0xD1, 0xD4, 0x40, 0xD0, 0xD1, 0xD4, 0x40, 0xD0, 0xD1, 0xD4, 0x40,
  0xD0, 0xD1, 0xD4, 0x40, 0xD0, 0xD1, 0xD4, 0x40, 0xD0, 0xD1, 0xD4, 0x40, 0xD0, 0xD1, 0xD4, 0x40, 0xD0, 0xD1, 0xD4, 0x40, 0xD0, 0xD1, 0xD4, 0x40, 0xD0, 0xD1, 0xD4, 0x40, 0xD0, 0xD1, 0xD4, 0x40,
  0xD0, 0xD1, 0xD4, 0x40, 0xD0, 0xD1, 0xD4, 0x40, 0xD0, 0xD1, 0xD4, 0x40, 0xD0, 0xD1, 0xD4, 0x40, 0xD0, 0xD1, 0xD4, 0x40, 0xD0, 0xD1, 0xD4, 0x40, 0xD0, 0xD1, 0xD4, 0x40, 0xD0, 0xD1, 0xD4, 0x40,
  0xD0, 0xD1, 0xD4, 0x40, 0xD0, 0xD1, 0xD4, 0x40, 0xD0, 0xD1, 0xD4, 0x40, 0xD0, 0xD1, 0xD4, 0x40, 0xD0, 0xD1, 0xD4, 0x40, 0xD0, 0xD1, 0xD4, 0x40, 0xD0, 0xD1, 0xD4, 0x40, 0xD0, 0xD1, 0xD4, 0x40,
  0xD0, 0xD1, 0xD4, 0x40, 0xD0, 0xD1, 0xD4, 0x40, 0xD0, 0xD1, 0xD4, 0x40, 0xD0, 0xD1, 0xD4, 0x40, 0xD0, 0xD1, 0xD4, 0x40, 0xD0, 0xD1, 0xD4, 0x40, 0xD0, 0xD1, 0xD4, 0x40, 0xD0, 0xD1, 0xD4, 0x40,
  0xD0, 0xD1, 0xD4, 0x40, 0xD0, 0xD1, 0xD4, 0x40, 0xD0, 0xD1, 0xD4, 0x40, 0xD0, 0xD1, 0xD4, 0x40, 0xB1, 0xB2, 0xB5, 0x40, 0xB1, 0xB2, 0xB5, 0x40, 0xB1, 0xB2, 0xB5, 0x40, 0xB1, 0xB2, 0xB5, 0x40,
  0xB1, 0xB2, 0xB5, 0x40, 0xB1, 0xB2, 0xB5, 0x40, 0xB1, 0xB2, 0xB5, 0x80, 0xB1, 0xB2, 0xB5, 0x80, 0xB1, 0xB2, 0xB5, 0x80, 0xB1, 0xB2, 0xB5, 0xBF, 0xB1, 0xB2, 0xB5, 0xBF, 0x00, 0x00, 0x00, 0xFF,
  0x00, 0x00, 0x00, 0xFF, 0xB1, 0xB2, 0xB5, 0xBF, 0xB1, 0xB2, 0xB5, 0xBF, 0xB1, 0xB2, 0xB5, 0x80, 0xB1, 0xB2, 0xB5, 0x80, 0xB1, 0xB2, 0xB5, 0x80, 0xB1, 0xB2, 0xB5, 0x40, 0xB1, 0xB2, 0xB5, 0x40,
  0xB1, 0xB2, 0xB5, 0x40, 0xB1, 0xB2, 0xB5, 0x40, 0xB1, 0xB2, 0xB5, 0x40, 0xB1, 0xB2, 0xB5, 0x40, 0xD0, 0xD1, 0xD4, 0x40, 0xD0, 0xD1, 0xD4, 0x40, 0xD0, 0xD1, 0xD4, 0x40, 0xD0, 0xD1, 0xD4, 0x40,
  0xD0, 0xD1, 0xD4, 0x40, 0xD0, 0xD1, 0xD4, 0x40, 0xD0, 0xD1, 0xD4, 0x40, 0xD0, 0xD1, 0xD4, 0x40, 0xD0, 0xD1, 0xD4, 0x40, 0xD0, 0xD1, 0xD4, 0x40, 0xD0, 0xD1, 0xD4, 0x40, 0xD0, 0xD1, 0xD4, 0x40,
  0xD0, 0xD1, 0xD4, 0x40, 0xD0, 0xD1, 0xD4, 0x40, 0xD0, 0xD1, 0xD4, 0x40, 0xD0, 0xD1, 0xD4, 0x40, 0xD0, 0xD1, 0xD4, 0x40, 0xD0, 0xD1, 0xD4, 0x40, 0xD0, 0xD1, 0xD4, 0x40, 0xD0, 0xD1, 0xD4, 0x40,
  0xD0, 0xD1, 0xD4, 0x40, 0xD0, 0xD1, 0xD4, 0x40, 0xD0, 0xD1, 0xD4, 0x40, 0xD0, 0xD1, 0xD4, 0x40, 0xD0, 0xD1, 0xD4, 0x40, 0xD0, 0xD1, 0xD4, 0x40, 0xD0, 0xD1, 0xD4, 0x40, 0xD0, 0xD1, 0xD4, 0x40,
  0xD0, 0xD1, 0xD4, 0x40, 0xD0, 0xD1, 0xD4, 0x40, 0xD0, 0xD1, 0xD4, 0x40, 0xD0, 0xD1, 0xD4, 0x40, 0xD0, 0xD1, 0xD4, 0x40, 0xD0, 0xD1, 0xD4, 0x40, 0xD0, 0xD1, 0xD4, 0x40, 0xD0, 0xD1, 0xD4, 0x40,
  0xD0, 0xD1, 0xD4, 0x40, 0xD0, 0xD1, 0xD4, 0x40, 0xD0, 0xD1, 0xD4, 0x40, 0xD0, 0xD1, 0xD4, 0x40, 0xB1, 0xB2, 0xB5, 0x40, 0xB1, 0xB2, 0xB5, 0x40, 0xB1, 0xB2, 0xB5, 0x40, 0xB1, 0xB2, 0xB5, 0x40,
  0xB1, 0xB2, 0xB5, 0x40, 0xB1, 0xB2, 0xB5, 0x40, 0xB1, 0xB2, 0xB5, 0x80, 0xB1, 0xB2, 0xB5, 0x80, 0xB1, 0xB2, 0xB5, 0x80, 0xB1, 0xB2, 0xB5, 0xBF, 0xB1, 0xB2, 0xB5, 0xBF, 0x00, 0x00, 0x00, 0xFF,
  0x00, 0x00, 0x00, 0xFF, 0xB1, 0xB2, 0xB5, 0xBF, 0xB1, 0xB2, 0xB5, 0xBF, 0xB1, 0xB2, 0xB5, 0x80, 0xB1, 0xB2, 0xB5, 0x80, 0xB1, 0xB2, 0xB5, 0x80, 0xB1, 0xB2, 0xB5, 0x40, 0xB1, 0xB2, 0xB5, 0x40,
  0xB1, 0xB2, 0xB5, 0x40, 0xB1, 0xB2, 0xB5, 0x40, 0xB1, 0xB2, 0xB5, 0x40, 0xB1, 0xB2, 0xB5, 0x40, 0xD0, 0xD1, 0xD4, 0x40, 0xD0, 0xD1, 0xD4, 0x40, 0xD0, 0xD1, 0xD4, 0x40, 0xD0, 0xD1, 0xD4, 0x40,
  0xD0, 0xD1, 0xD4, 0x40, 0xD0, 0xD1, 0xD4, 0x40, 0xD0, 0xD1, 0xD4, 0x40, 0xD0, 0xD1, 0xD4, 0x40, 0xD0, 0xD1, 0xD4, 0x40, 0xD0, 0xD1, 0xD4, 0x40, 0xD0, 0xD1, 0xD4, 0x40, 0xD0, 0xD1, 0xD4, 0x40,
  0xD0, 0xD1, 0xD4, 0x40, 0xD0, 0xD1, 0xD4, 0x40, 0xD0, 0xD1, 0xD4, 0x40, 0xD0, 0xD1, 0xD4, 0x40, 0xD0, 0xD1, 0xD4, 0x40, 0xD0, 0xD1, 0xD4, 0x40, 0xD0, 0xD1, 0xD4, 0x40, 0xD0, 0xD1, 0xD4, 0x40,
  0xD0, 0xD1, 0xD4, 0x40, 0xD0, 0xD1, 0xD4, 0x40, 0xD0, 0xD1, 0xD4, 0x40, 0xD0, 0xD1, 0xD4, 0x40, 0xD0, 0xD1, 0xD4, 0x40, 0xD0, 0xD1, 0xD4, 0x40, 0xD0, 0xD1, 0xD4, 0x40, 0xD0, 0xD1, 0xD4, 0x40,
  0xD0, 0xD1, 0xD4, 0x40, 0xD0, 0xD1, 0xD4, 0x40, 0xD0, 0xD1, 0xD4, 0x40, 0xD0, 0xD1, 0xD4, 0x40, 0xD0, 0xD1, 0xD4, 0x40, 0xD0, 0xD1, 0xD4, 0x40, 0xD0, 0xD1, 0xD4, 0x40, 0xD0, 0xD1, 0xD4, 0x40,
  0xD0, 0xD1, 0xD4, 0x40, 0xD0, 0xD1, 0xD4, 0x40, 0xD0, 0xD1, 0xD4, 0x40, 0xD0, 0xD1, 0xD4, 0x40, 0xB1, 0xB2, 0xB5, 0x40, 0xB1, 0xB2, 0xB5, 0x40, 0xB1, 0xB2, 0xB5, 0x40, 0xB1, 0xB2, 0xB5, 0x40,
  0xB1, 0xB2, 0xB5, 0x40, 0xB1, 0xB2, 0xB5, 0x40, 0xB1, 0xB2, 0xB5, 0x80, 0xB1, 0xB2, 0xB5, 0x80, 0xB1, 0xB2, 0xB5, 0x80, 0xB1, 0xB2, 0xB5, 0xBF, 0xB1, 0xB2, 0xB5, 0xBF, 0x00, 0x00, 0x00, 0xFF,
  0x00, 0x00, 0x00, 0xFF, 0xB1, 0xB2, 0xB5, 0xBF, 0xB1, 0xB2, 0xB5, 0xBF, 0xB1, 0xB2, 0xB5, 0x80, 0xB1, 0xB2, 0xB5, 0x80, 0xB1, 0xB2, 0xB5, 0x80, 0xB1, 0xB2, 0xB5, 0x40, 0xB1, 0xB2, 0xB5, 0x40,
  0xB1, 0xB2, 0xB5, 0x40, 0xB1, 0xB2, 0xB5, 0x40, 0xB1, 0xB2, 0xB5, 0x40, 0xB1, 0xB2, 0xB5, 0x40, 0xD0, 0xD1, 0xD4, 0x40, 0xD0, 0xD1, 0xD4, 0x40, 0xD0, 0xD1, 0xD4, 0x40, 0xD0, 0xD1, 0xD4, 0x40,
  0xD0, 0xD1, 0xD4, 0x40, 0xD0, 0xD1, 0xD4, 0x40, 0xD0, 0xD1, 0xD4, 0x40, 0xD0, 0xD1, 0xD4, 0x40, 0xD0, 0xD1, 0xD4, 0x40, 0xD0, 0xD1, 0xD4, 0x40, 0xD0, 0xD1, 0xD4, 0x40, 0xD0, 0xD1, 0xD4, 0x40,
  0xD0, 0xD1, 0xD4, 0x40, 0xD0, 0xD1, 0xD4, 0x40, 0xD0, 0xD1, 0xD4, 0x40, 0xD0, 0xD1, 0xD4, 0x40, 0xD0, 0xD1, 0xD4, 0x40, 0xD0, 0xD1, 0xD4, 0x40, 0xD0, 0xD1, 0xD4, 0x40, 0xD0, 0xD1, 0xD4, 0x40,
  0xD0, 0xD1, 0xD4, 0x40, 0xD0, 0xD1, 0xD4, 0x40, 0xD0, 0xD1, 0xD4, 0x40, 0xD0, 0xD1, 0xD4, 0x40, 0xD0, 0xD1, 0xD4, 0x40, 0xD0, 0xD1, 0xD4, 0x40, 0xD0, 0xD1, 0xD4, 0x40, 0xD0, 0xD1, 0xD4, 0x40,
  0xD0, 0xD1, 0xD4, 0x40, 0xD0, 0xD1, 0xD4, 0x40, 0xD0, 0xD1, 0xD4, 0x40, 0xD0, 0xD1, 0xD4, 0x40, 0xD0, 0xD1, 0xD4, 0x40, 0xD0, 0xD1, 0xD4, 0x40, 0xD0, 0xD1, 0xD4, 0x40, 0xD0, 0xD1, 0xD4, 0x40,
  0xD0, 0xD1, 0xD4, 0x40, 0xD0, 0xD1, 0xD4, 0x40, 0xD0, 0xD1, 0xD4, 0x40, 0xD0, 0xD1, 0xD4, 0x40, 0xB1, 0xB2, 0xB5, 0x40, 0xB1, 0xB2, 0xB5, 0x40, 0xB1, 0xB2, 0xB5, 0x40, 0xB1, 0xB2, 0xB5, 0x40,
  0xB1, 0xB2, 0xB5, 0x40, 0xB1, 0xB2, 0xB5, 0x40, 0xB1, 0xB2, 0xB5, 0x80, 0xB1, 0xB2, 0xB5, 0x80, 0xB1, 0xB2, 0xB5, 0x80, 0xB1, 0xB2, 0xB5, 0xBF, 0xB1, 0xB2, 0xB5, 0xBF, 0x00, 0x00, 0x00, 0xFF,
  0x00, 0x00, 0x00, 0xFF, 0xB1, 0xB2, 0xB5, 0xBF, 0xB1, 0xB2, 0xB5, 0xBF, 0xB1, 0xB2, 0xB5, 0x80, 0xB1, 0xB2, 0xB5, 0x80, 0xB1, 0xB2, 0xB5, 0x80, 0xB1, 0xB2, 0xB5, 0x40, 0xB1, 0xB2, 0xB5, 0x40,
  0xB1, 0xB2, 0xB5, 0x40, 0xB1, 0xB2, 0xB5, 0x40, 0xB1, 0xB2, 0xB5, 0x40, 0xB1, 0xB2, 0xB5, 0x40, 0xD0, 0xD1, 0xD4, 0x40, 0xD0, 0xD1, 0xD4, 0x40, 0xD0, 0xD1, 0xD4, 0x40, 0xD0, 0xD1, 0xD4, 0x40,
  0xD0, 0xD1, 0xD4, 0x40, 0xD0, 0xD1, 0xD4, 0x40, 0xD0, 0xD1, 0xD4, 0x40, 0xD0, 0xD1, 0xD4, 0x40, 0xD0, 0xD1, 0xD4, 0x40, 0xD0, 0xD1, 0xD4, 0x40, 0xD0, 0xD1, 0xD4, 0x40, 0xD0, 0xD1, 0xD4, 0x40,
  0xD0, 0xD1, 0xD4, 0x40, 0xD0, 0xD1, 0xD4, 0x40, 0xD0, 0xD1, 0xD4, 0x40, 0xD0, 0xD1, 0xD4, 0x40, 0xD0, 0xD1, 0xD4, 0x40, 0xD0, 0xD1, 0xD4, 0x40, 0xD0, 0xD1, 0xD4, 0x40, 0xD0, 0xD1, 0xD4, 0x40,
  0xD0, 0xD1, 0xD4, 0x40, 0xD0, 0xD1, 0xD4, 0x40, 0xD0, 0xD1, 0xD4, 0x40, 0xD0, 0xD1, 0xD4, 0x40, 0xD0, 0xD1, 0xD4, 0x40, 0xD0, 0xD1, 0xD4, 0x40, 0xD0, 0xD1, 0xD4, 0x40, 0xD0, 0xD1, 0xD4, 0x40,
  0xD0, 0xD1, 0xD4, 0x40, 0xD0, 0xD1, 0xD4, 0x40, 0xD0, 0xD1, 0xD4, 0x40, 0xD0, 0xD1, 0xD4, 0x40, 0xD0, 0xD1, 0xD4, 0x40, 0xD0, 0xD1, 0xD4, 0x40, 0xD0, 0xD1, 0xD4, 0x40, 0xD0, 0xD1, 0xD4, 0x40,
  0xD0, 0xD1, 0xD4, 0x40, 0xD0, 0xD1, 0xD4, 0x40, 0xD0, 0xD1, 0xD4, 0x40, 0xD0, 0xD1, 0xD4, 0x40, 0xB1, 0xB2, 0xB5, 0x40, 0xB1, 0xB2, 0xB5, 0x40, 0xB1, 0xB2, 0xB5, 0x40, 0xB1, 0xB2, 0xB5, 0x40,
  0xB1, 0xB2, 0xB5, 0x40, 0xB1, 0xB2, 0xB5, 0x40, 0xB1, 0xB2, 0xB5, 0x80, 0xB1, 0xB2, 0xB5, 0x80, 0xB1, 0xB2, 0xB5, 0x80, 0xB1, 0xB2, 0xB5, 0xBF, 0xB1, 0xB2, 0xB5, 0xBF, 0x00, 0x00, 0x00, 0xFF,
  0x00, 0x00, 0x00, 0xFF, 0xB1, 0xB2, 0xB5, 0xBF, 0xB1, 0xB2, 0xB5, 0xBF, 0xB1, 0xB2, 0xB5, 0x80, 0xB1, 0xB2, 0xB5, 0x80, 0xB1, 0xB2, 0xB5, 0x80, 0xB1, 0xB2, 0xB5, 0x40, 0xB1, 0xB2, 0xB5, 0x40,
  0xB1, 0xB2, 0xB5, 0x40, 0xB1, 0xB2, 0xB5, 0x40, 0xB1, 0xB2, 0xB5, 0x40, 0xB1, 0xB2, 0xB5, 0x40, 0xD0, 0xD1, 0xD4, 0x40, 0xD0, 0xD1, 0xD4, 0x40, 0xD0, 0xD1, 0xD4, 0x40, 0xD0, 0xD1, 0xD4, 0x40,
  0xD0, 0xD1, 0xD4, 0x40, 0xD0, 0xD1, 0xD4, 0x40, 0xD0, 0xD1, 0xD4, 0x40, 0xD0, 0xD1, 0xD4, 0x40, 0xD0, 0xD1, 0xD4, 0x40, 0xD0, 0xD1, 0xD4, 0x40, 0xD0, 0xD1, 0xD4, 0x40, 0xD0, 0xD1, 0xD4, 0x40,
  0xD0, 0xD1, 0xD4, 0x40, 0xD0, 0xD1, 0xD4, 0x40, 0xD0, 0xD1, 0xD4, 0x40, 0xD0, 0xD1, 0xD4, 0x40, 0xD0, 0xD1, 0xD4, 0x40, 0xD0, 0xD1, 0xD4, 0x40, 0xD0, 0xD1, 0xD4, 0x40, 0xD0, 0xD1, 0xD4, 0x40,
  0xD0, 0xD1, 0xD4, 0x40, 0xD0, 0xD1, 0xD4, 0x40, 0xD0, 0xD1, 0xD4, 0x40, 0xD0, 0xD1, 0xD4, 0x40, 0xD0, 0xD1, 0xD4, 0x40, 0xD0, 0xD1, 0xD4, 0x40, 0xD0, 0xD1, 0xD4, 0x40, 0xD0, 0xD1, 0xD4, 0x40,
  0xD0, 0xD1, 0xD4, 0x40, 0xD0, 0xD1, 0xD4, 0x40, 0xD0, 0xD1, 0xD4, 0x40, 0xD0, 0xD1, 0xD4, 0x40, 0xD0, 0xD1, 0xD4, 0x40, 0xD0, 0xD1, 0xD4, 0x40, 0xD0, 0xD1, 0xD4, 0x40, 0xD0, 0xD1, 0xD4, 0x40,
  0xD0, 0xD1, 0xD4, 0x40, 0xD0, 0xD1, 0xD4, 0x40, 0xD0, 0xD1, 0xD4, 0x40, 0xD0, 0xD1, 0xD4, 0x40, 0xB1, 0xB2, 0xB5, 0x40, 0xB1, 0xB2, 0xB5, 0x40, 0xB1, 0xB2, 0xB5, 0x40, 0xB1, 0xB2, 0xB5, 0x40,
  0xB1, 0xB2, 0xB5, 0x40, 0xB1, 0xB2, 0xB5, 0x40, 0xB1, 0xB2, 0xB5, 0x80, 0xB1, 0xB2, 0xB5, 0x80, 0xB1, 0xB2, 0xB5, 0x80, 0xB1, 0xB2, 0xB5, 0xBF, 0xB1, 0xB2, 0xB5, 0xBF, 0x00, 0x00, 0x00, 0xFF,
  0x00, 0x00, 0x00, 0xFF, 0xB1, 0xB2, 0xB5, 0xBF, 0xB1, 0xB2, 0xB5, 0xBF, 0xB1, 0xB2, 0xB5, 0x80, 0xB1, 0xB2, 0xB5, 0x80, 0xB1, 0xB2, 0xB5, 0x80, 0xB1, 0xB2, 0xB5, 0x40, 0xB1, 0xB2, 0xB5, 0x40,
  0xB1, 0xB2, 0xB5, 0x40, 0xB1, 0xB2, 0xB5, 0x40, 0xB1, 0xB2, 0xB5, 0x40, 0xB1, 0xB2, 0xB5, 0x40, 0xD0, 0xD1, 0xD4, 0x40, 0xD0, 0xD1, 0xD4, 0x40, 0xD0, 0xD1, 0xD4, 0x40, 0xD0, 0xD1, 0xD4, 0x40,
  0xD0, 0xD1, 0xD4, 0x40, 0xD0, 0xD1, 0xD4, 0x40, 0xD0, 0xD1, 0xD4, 0x40, 0xD0, 0xD1, 0xD4, 0x40, 0xD0, 0xD1, 0xD4, 0x40, 0xD0, 0xD1, 0xD4, 0x40, 0xD0, 0xD1, 0xD4, 0x40, 0xD0, 0xD1, 0xD4, 0x40,
  0xD0, 0xD1, 0xD4, 0x40, 0xD0, 0xD1, 0xD4, 0x40, 0xD0, 0xD1, 0xD4, 0x40, 0xD0, 0xD1, 0xD4, 0x40, 0xD0, 0xD1, 0xD4, 0x40, 0xD0, 0xD1, 0xD4, 0x40, 0xD0, 0xD1, 0xD4, 0x40, 0xD0, 0xD1, 0xD4, 0x40,
  0xD0, 0xD1, 0xD4, 0x40, 0xD0, 0xD1, 0xD4, 0x40, 0xD0, 0xD1, 0xD4, 0x40, 0xD0, 0xD1, 0xD4, 0x40, 0xD0, 0xD1, 0xD4, 0x40, 0xD0, 0xD1, 0xD4, 0x40, 0xD0, 0xD1, 0xD4, 0x40, 0xD0, 0xD1, 0xD4, 0x40,
  0xD0, 0xD1, 0xD4, 0x40, 0xD0, 0xD1, 0xD4, 0x40, 0xD0, 0xD1, 0xD4, 0x40, 0xD0, 0xD1, 0xD4, 0x40, 0xD0, 0xD1, 0xD4, 0x40, 0xD0, 0xD1, 0xD4, 0x40, 0xD0, 0xD1, 0xD4, 0x40, 0xD0, 0xD1, 0xD4, 0x40,
  0xD0, 0xD1, 0xD4, 0x40, 0xD0, 0xD1, 0xD4, 0x40, 0xD0, 0xD1, 0xD4, 0x40, 0xD0, 0xD1, 0xD4, 0x40, 0xB1, 0xB2, 0xB5, 0x40, 0xB1, 0xB2, 0xB5, 0x40, 0xB1, 0xB2, 0xB5, 0x40, 0xB1, 0xB2, 0xB5, 0x40,
  0xB1, 0xB2, 0xB5, 0x40, 0xB1, 0xB2, 0xB5, 0x40, 0xB1, 0xB2, 0xB5, 0x80, 0xB1, 0xB2, 0xB5, 0x80, 0xB1, 0xB2, 0xB5, 0x80, 0xB1, 0xB2, 0xB5, 0xBF, 0xB1, 0xB2, 0xB5, 0xBF, 0x00, 0x00, 0x00, 0xFF,
  0x00, 0x00, 0x00, 0xFF, 0xB1, 0xB2, 0xB5, 0xBF, 0xB1, 0xB2, 0xB5, 0xBF, 0xB1, 0xB2, 0xB5, 0x80, 0xB1, 0xB2, 0xB5, 0x80, 0xB1, 0xB2, 0xB5, 0x80, 0xB1, 0xB2, 0xB5, 0x40, 0xB1, 0xB2, 0xB5, 0x40,
  0xB1, 0xB2, 0xB5, 0x40, 0xB1, 0xB2, 0xB5, 0x40, 0xB1, 0xB2, 0xB5, 0x40, 0xB1, 0xB2, 0xB5, 0x40, 0xD0, 0xD1, 0xD4, 0x40, 0xD0, 0xD1, 0xD4, 0x40, 0xD0, 0xD1, 0xD4, 0x40, 0xD0, 0xD1, 0xD4, 0x40,
  0xD0, 0xD1, 0xD4, 0x40, 0xD0, 0xD1, 0xD4, 0x40, 0xD0, 0xD1, 0xD4, 0x40, 0xD0, 0xD1, 0xD4, 0x40, 0xD0, 0xD1, 0xD4, 0x40, 0xD0, 0xD1, 0xD4, 0x40, 0xD0, 0xD1, 0xD4, 0x40, 0xD0, 0xD1, 0xD4, 0x40,
  0xD0, 0xD1, 0xD4, 0x40, 0xD0, 0xD1, 0xD4, 0x40, 0xD0, 0xD1, 0xD4, 0x40, 0xD0, 0xD1, 0xD4, 0x40, 0xD0, 0xD1, 0xD4, 0x40, 0xD0, 0xD1, 0xD4, 0x40, 0xD0, 0xD1, 0xD4, 0x40, 0xD0, 0xD1, 0xD4, 0x40,
  0xD0, 0xD1, 0xD4, 0x40, 0xD0, 0xD1, 0xD4, 0x40, 0xD0, 0xD1, 0xD4, 0x40, 0xD0, 0xD1, 0xD4, 0x40, 0xD0, 0xD1, 0xD4, 0x40, 0xD0, 0xD1, 0xD4, 0x40, 0xD0, 0xD1, 0xD4, 0x40, 0xD0, 0xD1, 0xD4, 0x40,
  0xD0, 0xD1, 0xD4, 0x40, 0xD0, 0xD1, 0xD4, 0x40, 0xD0, 0xD1, 0xD4, 0x40, 0xD0, 0xD1, 0xD4, 0x40, 0xD0, 0xD1, 0xD4, 0x40, 0xD0, 0xD1, 0xD4, 0x40, 0xD0, 0xD1, 0xD4, 0x40, 0xD0, 0xD1, 0xD4, 0x40,
  0xD0, 0xD1, 0xD4, 0x40, 0xD0, 0xD1, 0xD4, 0x40, 0xD0, 0xD1, 0xD4, 0x40, 0xD0, 0xD1, 0xD4, 0x40, 0xB1, 0xB2, 0xB5, 0x40, 0xB1, 0xB2, 0xB5, 0x40, 0xB1, 0xB2, 0xB5, 0x40, 0xB1, 0xB2, 0xB5, 0x40,
  0xB1, 0xB2, 0xB5, 0x40, 0xB1, 0xB2, 0xB5, 0x40, 0xB1, 0xB2, 0xB5, 0x80, 0xB1, 0xB2, 0xB5, 0x80, 0xB1, 0xB2, 0xB5, 0x80, 0xB1, 0xB2, 0xB5, 0xBF, 0xB1, 0xB2, 0xB5, 0xBF, 0x00, 0x00, 0x00, 0xFF,
  0x00, 0x00, 0x00, 0xFF, 0xB1, 0xB2, 0xB5, 0xBF, 0xB1, 0xB2, 0xB5, 0xBF, 0xB1, 0xB2, 0xB5, 0x80, 0xB1, 0xB2, 0xB5, 0x80, 0xB1, 0xB2, 0xB5, 0x80, 0xB1, 0xB2, 0xB5, 0x40, 0xB1, 0xB2, 0xB5, 0x40,
  0xB1, 0xB2, 0xB5, 0x40, 0xB1, 0xB2, 0xB5, 0x40, 0xB1, 0xB2, 0xB5, 0x40, 0xB1, 0xB2, 0xB5, 0x40, 0xD0, 0xD1, 0xD4, 0x40, 0xD0, 0xD1, 0xD4, 0x40, 0xD0, 0xD1, 0xD4, 0x40, 0xD0, 0xD1, 0xD4, 0x40,
  0xD0, 0xD1, 0xD4, 0x40, 0xD0, 0xD1, 0xD4, 0x40, 0xD0, 0xD1, 0xD4, 0x40, 0xD0, 0xD1, 0xD4, 0x40, 0xD0, 0xD1, 0xD4, 0x40, 0xD0, 0xD1, 0xD4, 0x40, 0xD0, 0xD1, 0xD4, 0x40, 0xD0, 0xD1, 0xD4, 0x40,
  0xD0, 0xD1, 0xD4, 0x40, 0xD0, 0xD1, 0xD4, 0x40, 0xD0, 0xD1, 0xD4, 0x40, 0xD0, 0xD1, 0xD4, 0x40, 0xD0, 0xD1, 0xD4, 0x40, 0xD0, 0xD1, 0xD4, 0x40, 0xD0, 0xD1, 0xD4, 0x40, 0xD0, 0xD1, 0xD4, 0x40,
  0xD0, 0xD1, 0xD4, 0x40, 0xD0, 0xD1, 0xD4, 0x40, 0xD0, 0xD1, 0xD4, 0x40, 0xD0, 0xD1, 0xD4, 0x40, 0xD0, 0xD1, 0xD4, 0x40, 0xD0, 0xD1, 0xD4, 0x40, 0xD0, 0xD1, 0xD4, 0x40, 0xD0, 0xD1, 0xD4, 0x40,
  0xD0, 0xD1, 0xD4, 0x40, 0xD0, 0xD1, 0xD4, 0x40, 0xD0, 0xD1, 0xD4, 0x40, 0xD0, 0xD1, 0xD4, 0x40, 0xD0, 0xD1, 0xD4, 0x40, 0xD0, 0xD1, 0xD4, 0x40, 0xD0, 0xD1, 0xD4, 0x40, 0xD0, 0xD1, 0xD4, 0x40,
  0xD0, 0xD1, 0xD4, 0x40, 0xD0, 0xD1, 0xD4, 0x40, 0xD0, 0xD1, 0xD4, 0x40, 0xD0, 0xD1, 0xD4, 0x40, 0xB1, 0xB2, 0xB5, 0x40, 0xB1, 0xB2, 0xB5, 0x40, 0xB1, 0xB2, 0xB5, 0x40, 0xB1, 0xB2, 0xB5, 0x40,
  0xB1, 0xB2, 0xB5, 0x40, 0xB1, 0xB2, 0xB5, 0x40, 0xB1, 0xB2, 0xB5, 0x80, 0xB1, 0xB2, 0xB5, 0x80, 0xB1, 0xB2, 0xB5, 0x80, 0xB1, 0xB2, 0xB5, 0xBF, 0xB1, 0xB2, 0xB5, 0xBF, 0x00, 0x00, 0x00, 0xFF,
  0x00, 0x00, 0x00, 0xFF, 0xB1, 0xB2, 0xB5, 0xBF, 0xB1, 0xB2, 0xB5, 0xBF, 0xB1, 0xB2, 0xB5, 0x80, 0xB1, 0xB2, 0xB5, 0x80, 0xB1, 0xB2, 0xB5, 0x80, 0xB1, 0xB2, 0xB5, 0x40, 0xB1, 0xB2, 0xB5, 0x40,
  0xB1, 0xB2, 0xB5, 0x40, 0xB1, 0xB2, 0xB5, 0x40, 0xB1, 0xB2, 0xB5, 0x40, 0xB1, 0xB2, 0xB5, 0x40, 0xD0, 0xD1, 0xD4, 0x40, 0xD0, 0xD1, 0xD4, 0x40, 0xD0, 0xD1, 0xD4, 0x40, 0xD0, 0xD1, 0xD4, 0x40,
  0xD0, 0xD1, 0xD4, 0x40, 0xD0, 0xD1, 0xD4, 0x40, 0xD0, 0xD1, 0xD4, 0x40, 0xD0, 0xD1, 0xD4, 0x40, 0xD0, 0xD1, 0xD4, 0x40, 0xD0, 0xD1, 0xD4, 0x40, 0xD0, 0xD1, 0xD4, 0x40, 0xD0, 0xD1, 0xD4, 0x40,
  0xD0, 0xD1, 0xD4, 0x40, 0xD0, 0xD1, 0xD4, 0x40, 0xD0, 0xD1, 0xD4, 0x40, 0xD0, 0xD1, 0xD4, 0x40, 0xD0, 0xD1, 0xD4, 0x40, 0xD0, 0xD1, 0xD4, 0x40, 0xD0, 0xD1, 0xD4, 0x40, 0xD0, 0xD1, 0xD4, 0x40,
  0xD0, 0xD1, 0xD4, 0x40, 0xD0, 0xD1, 0xD4, 0x40, 0xD0, 0xD1, 0xD4, 0x40, 0xD0, 0xD1, 0xD4, 0x40, 0xD0, 0xD1, 0xD4, 0x40, 0xD0, 0xD1, 0xD4, 0x40, 0xD0, 0xD1, 0xD4, 0x40, 0xD0, 0xD1, 0xD4, 0x40,
  0xD0, 0xD1, 0xD4, 0x40, 0xD0, 0xD1, 0xD4, 0x40, 0xD0, 0xD1, 0xD4, 0x40, 0xD0, 0xD1, 0xD4, 0x40, 0xD0, 0xD1, 0xD4, 0x40, 0xD0, 0xD1, 0xD4, 0x40, 0xD0, 0xD1, 0xD4, 0x40, 0xD0, 0xD1, 0xD4, 0x40,
  0xD0, 0xD1, 0xD4, 0x40, 0xD0, 0xD1, 0xD4, 0x40, 0xD0, 0xD1, 0xD4, 0x40, 0xD0, 0xD1, 0xD4, 0x40, 0xB1, 0xB2, 0xB5, 0x40, 0xB1, 0xB2, 0xB5, 0x40, 0xB1, 0xB2, 0xB5, 0x40, 0xB1, 0xB2, 0xB5, 0x40,
  0xB1, 0xB2, 0xB5, 0x40, 0xB1, 0xB2, 0xB5, 0x40, 0xB1, 0xB2, 0xB5, 0x80, 0xB1, 0xB2, 0xB5, 0x80, 0xB1, 0xB2, 0xB5, 0x80, 0xB1, 0xB2, 0xB5, 0xBF, 0xB1, 0xB2, 0xB5, 0xBF, 0x00, 0x00, 0x00, 0xFF,
  0x00, 0x00, 0x00, 0xFF, 0xB1, 0xB2, 0xB5, 0xBF, 0xB1, 0xB2, 0xB5, 0xBF, 0xB1, 0xB2, 0xB5, 0x80, 0xB1, 0xB2, 0xB5, 0x80, 0xB1, 0xB2, 0xB5, 0x80, 0xB1, 0xB2, 0xB5, 0x40, 0xB1, 0xB2, 0xB5, 0x40,
  0xB1, 0xB2, 0xB5, 0x40, 0xB1, 0xB2, 0xB5, 0x40, 0xB1, 0xB2, 0xB5, 0x40, 0xB1, 0xB2, 0xB5, 0x40, 0xD0, 0xD1, 0xD4, 0x40, 0xD0, 0xD1, 0xD4, 0x40, 0xD0, 0xD1, 0xD4, 0x40, 0xD0, 0xD1, 0xD4, 0x40,
  0xD0, 0xD1, 0xD4, 0x40, 0xD0, 0xD1, 0xD4, 0x40, 0xD0, 0xD1, 0xD4, 0x40, 0xD0, 0xD1, 0xD4, 0x40, 0xD0, 0xD1, 0xD4, 0x40, 0xD0, 0xD1, 0xD4, 0x40, 0xD0, 0xD1, 0xD4, 0x40, 0xD0, 0xD1, 0xD4, 0x40,
  0xD0, 0xD1, 0xD4, 0x40, 0xD0, 0xD1, 0xD4, 0x40, 0xD0, 0xD1, 0xD4, 0x40, 0xD0, 0xD1, 0xD4, 0x40, 0xD0, 0xD1, 0xD4, 0x40, 0xD0, 0xD1, 0xD4, 0x40, 0xD0, 0xD1, 0xD4, 0x40, 0xD0, 0xD1, 0xD4, 0x40,
  0xD0, 0xD1, 0xD4, 0x40, 0xD0, 0xD1, 0xD4, 0x40, 0xD0, 0xD1, 0xD4, 0x40, 0xD0, 0xD1, 0xD4, 0x40, 0xD0, 0xD1, 0xD4, 0x40, 0xD0, 0xD1, 0xD4, 0x40, 0xD0, 0xD1, 0xD4, 0x40, 0xD0, 0xD1, 0xD4, 0x40,
  0xD0, 0xD1, 0xD4, 0x40, 0xD0, 0xD1, 0xD4, 0x40, 0xD0, 0xD1, 0xD4, 0x40, 0xD0, 0xD1, 0xD4, 0x40, 0xD0, 0xD1, 0xD4, 0x40, 0xD0, 0xD1, 0xD4, 0x40, 0xD0, 0xD1, 0xD4, 0x40, 0xD0, 0xD1, 0xD4, 0x40,
  0xD0, 0xD1, 0xD4, 0x40, 0xD0, 0xD1, 0xD4, 0x40, 0xD0, 0xD1, 0xD4, 0x40, 0xD0, 0xD1, 0xD4, 0x40, 0xB1, 0xB2, 0xB5, 0x40, 0xB1, 0xB2, 0xB5, 0x40, 0xB1, 0xB2, 0xB5, 0x40, 0xB1, 0xB2, 0xB5, 0x40,
  0xB1, 0xB2, 0xB5, 0x40, 0xB1, 0xB2, 0xB5, 0x40, 0xB1, 0xB2, 0xB5, 0x80, 0xB1, 0xB2, 0xB5, 0x80, 0xB1, 0xB2, 0xB5, 0x80, 0xB1, 0xB2, 0xB5, 0xBF, 0xB1, 0xB2, 0xB5, 0xBF, 0x00, 0x00, 0x00, 0xFF,
  0x00, 0x00, 0x00, 0xFF, 0xB1, 0xB2, 0xB5, 0xBF, 0xB1, 0xB2, 0xB5, 0xBF, 0xB1, 0xB2, 0xB5, 0x80, 0xB1, 0xB2, 0xB5, 0x80, 0xB1, 0xB2, 0xB5, 0x80, 0xB1, 0xB2, 0xB5, 0x40, 0xB1, 0xB2, 0xB5, 0x40,
  0xB1, 0xB2, 0xB5, 0x40, 0xB1, 0xB2, 0xB5, 0x40, 0xB1, 0xB2, 0xB5, 0x40, 0xB1, 0xB2, 0xB5, 0x40, 0xD0, 0xD1, 0xD4, 0x40, 0xD0, 0xD1, 0xD4, 0x40, 0xD0, 0xD1, 0xD4, 0x40, 0xD0, 0xD1, 0xD4, 0x40,
  0xD0, 0xD1, 0xD4, 0x40, 0xD0, 0xD1, 0xD4, 0x40, 0xD0, 0xD1, 0xD4, 0x40, 0xD0, 0xD1, 0xD4, 0x40, 0xD0, 0xD1, 0xD4, 0x40, 0xD0, 0xD1, 0xD4, 0x40, 0xD0, 0xD1, 0xD4, 0x40, 0xD0, 0xD1, 0xD4, 0x40,
  0xD0, 0xD1, 0xD4, 0x40, 0xD0, 0xD1, 0xD4, 0x40, 0xD0, 0xD1, 0xD4, 0x40, 0xD0, 0xD1, 0xD4, 0x40, 0xD0, 0xD1, 0xD4, 0x40, 0xD0, 0xD1, 0xD4, 0x40, 0xD0, 0xD1, 0xD4, 0x40, 0xD0, 0xD1, 0xD4, 0x40,
  0xD0, 0xD1, 0xD4, 0x40, 0xD0, 0xD1, 0xD4, 0x40, 0xD0, 0xD1, 0xD4, 0x40, 0xD0, 0xD1, 0xD4, 0x40, 0xD0, 0xD1, 0xD4, 0x40, 0xD0, 0xD1, 0xD4, 0x40, 0xD0, 0xD1, 0xD4, 0x40, 0xD0, 0xD1, 0xD4, 0x40,
  0xD0, 0xD1, 0xD4, 0x40, 0xD0, 0xD1, 0xD4, 0x40, 0xD0, 0xD1, 0xD4, 0x40, 0xD0, 0xD1, 0xD4, 0x40, 0xD0, 0xD1, 0xD4, 0x40, 0xD0, 0xD1, 0xD4, 0x40, 0xD0, 0xD1, 0xD4, 0x40, 0xD0, 0xD1, 0xD4, 0x40,
  0xD0, 0xD1, 0xD4, 0x40, 0xD0, 0xD1, 0xD4, 0x40, 0xD0, 0xD1, 0xD4, 0x40, 0xD0, 0xD1, 0xD4, 0x40, 0xB1, 0xB2, 0xB5, 0x40, 0xB1, 0xB2, 0xB5, 0x40, 0xB1, 0xB2, 0xB5, 0x40, 0xB1, 0xB2, 0xB5, 0x40,
  0xB1, 0xB2, 0xB5, 0x40, 0xB1, 0xB2, 0xB5, 0x40, 0xB1, 0xB2, 0xB5, 0x80, 0xB1, 0xB2, 0xB5, 0x80, 0xB1, 0xB2, 0xB5, 0x80, 0xB1, 0xB2, 0xB5, 0xBF, 0xB1, 0xB2, 0xB5, 0xBF, 0x00, 0x00, 0x00, 0xFF,
  0x00, 0x00, 0x00, 0xFF, 0xB1, 0xB2, 0xB5, 0xBF, 0xB1, 0xB2, 0xB5, 0xBF, 0xB1, 0xB2, 0xB5, 0x80, 0xB1, 0xB2, 0xB5, 0x80, 0xB1, 0xB2, 0xB5, 0x80, 0xB1, 0xB2, 0xB5, 0x40, 0xB1, 0xB2, 0xB5, 0x40,
  0xB1, 0xB2, 0xB5, 0x40, 0xB1, 0xB2, 0xB5, 0x40, 0xB1, 0xB2, 0xB5, 0x40, 0xB1, 0xB2, 0xB5, 0x40, 0xD0, 0xD1, 0xD4, 0x40, 0xD0, 0xD1, 0xD4, 0x40, 0xD0, 0xD1, 0xD4, 0x40, 0xD0, 0xD1, 0xD4, 0x40,
  0xD0, 0xD1, 0xD4, 0x40, 0xD0, 0xD1, 0xD4, 0x40, 0xD0, 0xD1, 0xD4, 0x40, 0xD0, 0xD1, 0xD4, 0x40, 0xD0, 0xD1, 0xD4, 0x40, 0xD0, 0xD1, 0xD4, 0x40, 0xD0, 0xD1, 0xD4, 0x40, 0xD0, 0xD1, 0xD4, 0x40,
  0xD0, 0xD1, 0xD4, 0x40, 0xD0, 0xD1, 0xD4, 0x40, 0xD0, 0xD1, 0xD4, 0x40, 0xD0, 0xD1, 0xD4, 0x40, 0xD0, 0xD1, 0xD4, 0x40, 0xD0, 0xD1, 0xD4, 0x40, 0xD0, 0xD1, 0xD4, 0x40, 0xD0, 0xD1, 0xD4, 0x40,
  0xD0, 0xD1, 0xD4, 0x40, 0xD0, 0xD1, 0xD4, 0x40, 0xD0, 0xD1, 0xD4, 0x40, 0xD0, 0xD1, 0xD4, 0x40, 0xD0, 0xD1, 0xD4, 0x40, 0xD0, 0xD1, 0xD4, 0x40, 0xD0, 0xD1, 0xD4, 0x40, 0xD0, 0xD1, 0xD4, 0x40,
  0xD0, 0xD1, 0xD4, 0x40, 0xD0, 0xD1, 0xD4, 0x40, 0xD0, 0xD1, 0xD4, 0x40, 0xD0, 0xD1, 0xD4, 0x40, 0xD0, 0xD1, 0xD4, 0x40, 0xD0, 0xD1, 0xD4, 0x40, 0xD0, 0xD1, 0xD4, 0x40, 0xD0, 0xD1, 0xD4, 0x40,
  0xD0, 0xD1, 0xD4, 0x40, 0xD0, 0xD1, 0xD4, 0x40, 0xD0, 0xD1, 0xD4, 0x40, 0xD0, 0xD1, 0xD4, 0x40, 0xB1, 0xB2, 0xB5, 0x40, 0xB1, 0xB2, 0xB5, 0x40, 0xB1, 0xB2, 0xB5, 0x40, 0xB1, 0xB2, 0xB5, 0x40,
  0xB1, 0xB2, 0xB5, 0x40, 0xB1, 0xB2, 0xB5, 0x40, 0xB1, 0xB2, 0xB5, 0x80, 0xB1, 0xB2, 0xB5, 0x80, 0xB1, 0xB2, 0xB5, 0x80, 0xB1, 0xB2, 0xB5, 0xBF, 0xB1, 0xB2, 0xB5, 0xBF, 0x00, 0x00, 0x00, 0xFF,
  0x00, 0x00, 0x00, 0xFF, 0xB1, 0xB2, 0xB5, 0xBF, 0xB1, 0xB2, 0xB5, 0xBF, 0xB1, 0xB2, 0xB5, 0x80, 0xB1, 0xB2, 0xB5, 0x80, 0xB1, 0xB2, 0xB5, 0x80, 0xB1, 0xB2, 0xB5, 0x40, 0xB1, 0xB2, 0xB5, 0x40,
  0xB1, 0xB2, 0xB5, 0x40, 0xB1, 0xB2, 0xB5, 0x40, 0xB1, 0xB2, 0xB5, 0x40, 0xB1, 0xB2, 0xB5, 0x40, 0xD0, 0xD1, 0xD4, 0x40, 0xD0, 0xD1, 0xD4, 0x40, 0xD0, 0xD1, 0xD4, 0x40, 0xD0, 0xD1, 0xD4, 0x40,
  0xD0, 0xD1, 0xD4, 0x40, 0xD0, 0xD1, 0xD4, 0x40, 0xD0, 0xD1, 0xD4, 0x40, 0xD0, 0xD1, 0xD4, 0x40, 0xD0, 0xD1, 0xD4, 0x40, 0xD0, 0xD1, 0xD4, 0x40, 0xD0, 0xD1, 0xD4, 0x40, 0xD0, 0xD1, 0xD4, 0x40,
  0xD0, 0xD1, 0xD4, 0x40, 0xD0, 0xD1, 0xD4, 0x40, 0xD0, 0xD1, 0xD4, 0x40, 0xD0, 0xD1, 0xD4, 0x40, 0xD0, 0xD1, 0xD4, 0x40, 0xD0, 0xD1, 0xD4, 0x40, 0xD0, 0xD1, 0xD4, 0x40, 0xD0, 0xD1, 0xD4, 0x40,
  0xD0, 0xD1, 0xD4, 0x40, 0xD0, 0xD1, 0xD4, 0x40, 0xD0, 0xD1, 0xD4, 0x40, 0xD0, 0xD1, 0xD4, 0x40, 0xD0, 0xD1, 0xD4, 0x40, 0xD0, 0xD1, 0xD4, 0x40, 0xD0, 0xD1, 0xD4, 0x40, 0xD0, 0xD1, 0xD4, 0x40,
  0xD0, 0xD1, 0xD4, 0x40, 0xD0, 0xD1, 0xD4, 0x40, 0xD0, 0xD1, 0xD4, 0x40, 0xD0, 0xD1, 0xD4, 0x40, 0xD0, 0xD1, 0xD4, 0x40, 0xD0, 0xD1, 0xD4, 0x40, 0xD0, 0xD1, 0xD4, 0x40, 0xD0, 0xD1, 0xD4, 0x40,
  0xD0, 0xD1, 0xD4, 0x40, 0xD0, 0xD1, 0xD4, 0x40, 0xD0, 0xD1, 0xD4, 0x40, 0xD0, 0xD1, 0xD4, 0x40, 0xB1, 0xB2, 0xB5, 0x40, 0xB1, 0xB2, 0xB5, 0x40, 0xB1, 0xB2, 0xB5, 0x40, 0xB1, 0xB2, 0xB5, 0x40,
  0xB1, 0xB2, 0xB5, 0x40, 0xB1, 0xB2, 0xB5, 0x40, 0xB1, 0xB2, 0xB5, 0x80, 0xB1, 0xB2, 0xB5, 0x80, 0xB1, 0xB2, 0xB5, 0x80, 0xB1, 0xB2, 0xB5, 0xBF, 0xB1, 0xB2, 0xB5, 0xBF, 0x00, 0x00, 0x00, 0xFF,
  0x00, 0x00, 0x00, 0xFF, 0xB1, 0xB2, 0xB5, 0xBF, 0xB1, 0xB2, 0xB5, 0xBF, 0xB1, 0xB2, 0xB5, 0x80, 0xB1, 0xB2, 0xB5, 0x80, 0xB1, 0xB2, 0xB5, 0x80, 0xB1, 0xB2, 0xB5, 0x40, 0xB1, 0xB2, 0xB5, 0x40,
  0xB1, 0xB2, 0xB5, 0x40, 0xB1, 0xB2, 0xB5, 0x40, 0xB1, 0xB2, 0xB5, 0x40, 0xB1, 0xB2, 0xB5, 0x40, 0xD0, 0xD1, 0xD4, 0x40, 0xD0, 0xD1, 0xD4, 0x40, 0xD0, 0xD1, 0xD4, 0x40, 0xD0, 0xD1, 0xD4, 0x40,
  0xD0, 0xD1, 0xD4, 0x40, 0xD0, 0xD1, 0xD4, 0x40, 0xD0, 0xD1, 0xD4, 0x40, 0xD0, 0xD1, 0xD4, 0x40, 0xD0, 0xD1, 0xD4, 0x40, 0xD0, 0xD1, 0xD4, 0x40, 0xD0, 0xD1, 0xD4, 0x40, 0xD0, 0xD1, 0xD4, 0x40,
  0xD0, 0xD1, 0xD4, 0x40, 0xD0, 0xD1, 0xD4, 0x40, 0xD0, 0xD1, 0xD4, 0x40, 0xD0, 0xD1, 0xD4, 0x40, 0xD0, 0xD1, 0xD4, 0x40, 0xD0, 0xD1, 0xD4, 0x40, 0xD0, 0xD1, 0xD4, 0x40, 0xD0, 0xD1, 0xD4, 0x40,
  0xD0, 0xD1, 0xD4, 0x40, 0xD0, 0xD1, 0xD4, 0x40, 0xD0, 0xD1, 0xD4, 0x40, 0xD0, 0xD1, 0xD4, 0x40, 0xD0, 0xD1, 0xD4, 0x40, 0xD0, 0xD1, 0xD4, 0x40, 0xD0, 0xD1, 0xD4, 0x40, 0xD0, 0xD1, 0xD4, 0x40,
  0xD0, 0xD1, 0xD4, 0x40, 0xD0, 0xD1, 0xD4, 0x40, 0xD0, 0xD1, 0xD4, 0x40, 0xD0, 0xD1, 0xD4, 0x40, 0xD0, 0xD1, 0xD4, 0x40, 0xD0, 0xD1, 0xD4, 0x40, 0xD0, 0xD1, 0xD4, 0x40, 0xD0, 0xD1, 0xD4, 0x40,
  0xD0, 0xD1, 0xD4, 0x40, 0xD0, 0xD1, 0xD4, 0x40, 0xD0, 0xD1, 0xD4, 0x40, 0xD0, 0xD1, 0xD4, 0x40, 0xB1, 0xB2, 0xB5, 0x40, 0xB1, 0xB2, 0xB5, 0x40, 0xB1, 0xB2, 0xB5, 0x40, 0xB1, 0xB2, 0xB5, 0x40,
  0xB1, 0xB2, 0xB5, 0x40, 0xB1, 0xB2, 0xB5, 0x40, 0xB1, 0xB2, 0xB5, 0x80, 0xB1, 0xB2, 0xB5, 0x80, 0xB1, 0xB2, 0xB5, 0x80, 0xB1, 0xB2, 0xB5, 0xBF, 0xB1, 0xB2, 0xB5, 0xBF, 0x00, 0x00, 0x00, 0xFF,
  0x00, 0x00, 0x00, 0xFF, 0xB1, 0xB2, 0xB5, 0xBF, 0xB1, 0xB2, 0xB5, 0xBF, 0xB1, 0xB2, 0xB5, 0x80, 0xB1, 0xB2, 0xB5, 0x80, 0xB1, 0xB2, 0xB5, 0x80, 0xB1, 0xB2, 0xB5, 0x40, 0xB1, 0xB2, 0xB5, 0x40,
  0xB1, 0xB2, 0xB5, 0x40, 0xB1, 0xB2, 0xB5, 0x40, 0xB1, 0xB2, 0xB5, 0x40, 0xB1, 0xB2, 0xB5, 0x40, 0xD0, 0xD1, 0xD4, 0x40, 0xD0, 0xD1, 0xD4, 0x40, 0xD0, 0xD1, 0xD4, 0x40, 0xD0, 0xD1, 0xD4, 0x40,
  0xD0, 0xD1, 0xD4, 0x40, 0xD0, 0xD1, 0xD4, 0x40, 0xD0, 0xD1, 0xD4, 0x40, 0xD0, 0xD1, 0xD4, 0x40, 0xD0, 0xD1, 0xD4, 0x40, 0xD0, 0xD1, 0xD4, 0x40, 0xD0, 0xD1, 0xD4, 0x40, 0xD0, 0xD1, 0xD4, 0x40,
  0xD0, 0xD1, 0xD4, 0x40, 0xD0, 0xD1, 0xD4, 0x40, 0xD0, 0xD1, 0xD4, 0x40, 0xD0, 0xD1, 0xD4, 0x40, 0xD0, 0xD1, 0xD4, 0x40, 0xD0, 0xD1, 0xD4, 0x40, 0xD0, 0xD1, 0xD4, 0x40, 0xD0, 0xD1, 0xD4, 0x40,
  0xD0, 0xD1, 0xD4, 0x40, 0xD0, 0xD1, 0xD4, 0x40, 0xD0, 0xD1, 0xD4, 0x40, 0xD0, 0xD1, 0xD4, 0x40, 0xD0, 0xD1, 0xD4, 0x40, 0xD0, 0xD1, 0xD4, 0x40, 0xD0, 0xD1, 0xD4, 0x40, 0xD0, 0xD1, 0xD4, 0x40,
  0xD0, 0xD1, 0xD4, 0x40, 0xD0, 0xD1, 0xD4, 0x40, 0xD0, 0xD1, 0xD4, 0x40, 0xD0, 0xD1, 0xD4, 0x40, 0xD0, 0xD1, 0xD4, 0x40, 0xD0, 0xD1, 0xD4, 0x40, 0xD0, 0xD1, 0xD4, 0x40, 0xD0, 0xD1, 0xD4, 0x40,
  0xD0, 0xD1, 0xD4, 0x40, 0xD0, 0xD1, 0xD4, 0x40, 0xD0, 0xD1, 0xD4, 0x40, 0xD0, 0xD1, 0xD4, 0x40, 0xB1, 0xB2, 0xB5, 0x40, 0xB1, 0xB2, 0xB5, 0x40, 0xB1, 0xB2, 0xB5, 0x40, 0xB1, 0xB2, 0xB5, 0x40,
  0xB1, 0xB2, 0xB5, 0x40, 0xB1, 0xB2, 0xB5, 0x40, 0xB1, 0xB2, 0xB5, 0x80, 0xB1, 0xB2, 0xB5, 0x80, 0xB1, 0xB2, 0xB5, 0x80, 0xB1, 0xB2, 0xB5, 0xBF, 0xB1, 0xB2, 0xB5, 0xBF, 0x00, 0x00, 0x00, 0xFF,
  0x00, 0x00, 0x00, 0xFF, 0xB1, 0xB2, 0xB5, 0xBF, 0xB1, 0xB2, 0xB5, 0xBF, 0xB1, 0xB2, 0xB5, 0x80, 0xB1, 0xB2, 0xB5, 0x80, 0xB1, 0xB2, 0xB5, 0x80, 0xB1, 0xB2, 0xB5, 0x40, 0xB1, 0xB2, 0xB5, 0x40,
  0xB1, 0xB2, 0xB5, 0x40, 0xB1, 0xB2, 0xB5, 0x40, 0xB1, 0xB2, 0xB5, 0x40, 0xB1, 0xB2, 0xB5, 0x40, 0xD0, 0xD1, 0xD4, 0x40, 0xD0, 0xD1, 0xD4, 0x40, 0xD0, 0xD1, 0xD4, 0x40, 0xD0, 0xD1, 0xD4, 0x40,
  0xD0, 0xD1, 0xD4, 0x40, 0xD0, 0xD1, 0xD4, 0x40, 0xD0, 0xD1, 0xD4, 0x40, 0xD0, 0xD1, 0xD4, 0x40, 0xD0, 0xD1, 0xD4, 0x40, 0xD0, 0xD1, 0xD4, 0x40, 0xD0, 0xD1, 0xD4, 0x40, 0xD0, 0xD1, 0xD4, 0x40,
  0xD0, 0xD1, 0xD4, 0x40, 0xD0, 0xD1, 0xD4, 0x40, 0xD0, 0xD1, 0xD4, 0x40, 0xD0, 0xD1, 0xD4, 0x40, 0xD0, 0xD1, 0xD4, 0x40, 0xD0, 0xD1, 0xD4, 0x40, 0xD0, 0xD1, 0xD4, 0x40, 0xD0, 0xD1, 0xD4, 0x40,
  0xD0, 0xD1, 0xD4, 0x40, 0xD0, 0xD1, 0xD4, 0x40, 0xD0, 0xD1, 0xD4, 0x40, 0xD0, 0xD1, 0xD4, 0x40, 0xD0, 0xD1, 0xD4, 0x40, 0xD0, 0xD1, 0xD4, 0x40, 0xD0, 0xD1, 0xD4, 0x40, 0xD0, 0xD1, 0xD4, 0x40,
  0xD0, 0xD1, 0xD4, 0x40, 0xD0, 0xD1, 0xD4, 0x40, 0xD0, 0xD1, 0xD4, 0x40, 0xD0, 0xD1, 0xD4, 0x40, 0xD0, 0xD1, 0xD4, 0x40, 0xD0, 0xD1, 0xD4, 0x40, 0xD0, 0xD1, 0xD4, 0x40, 0xD0, 0xD1, 0xD4, 0x40,
  0xD0, 0xD1, 0xD4, 0x40, 0xD0, 0xD1, 0xD4, 0x40, 0xD0, 0xD1, 0xD4, 0x40, 0xD0, 0xD1, 0xD4, 0x40, 0xB1, 0xB2, 0xB5, 0x40, 0xB1, 0xB2, 0xB5, 0x40, 0xB1, 0xB2, 0xB5, 0x40, 0xB1, 0xB2, 0xB5, 0x40,
  0xB1, 0xB2, 0xB5, 0x40, 0xB1, 0xB2, 0xB5, 0x40, 0xB1, 0xB2, 0xB5, 0x80, 0xB1, 0xB2, 0xB5, 0x80, 0xB1, 0xB2, 0xB5, 0x80, 0xB1, 0xB2, 0xB5, 0xBF, 0xB1, 0xB2, 0xB5, 0xBF, 0x00, 0x00, 0x00, 0xFF,
  0x00, 0x00, 0x00, 0xFF, 0xB1, 0xB2, 0xB5, 0xBF, 0xB1, 0xB2, 0xB5, 0xBF, 0xB1, 0xB2, 0xB5, 0x80, 0xB1, 0xB2, 0xB5, 0x80, 0xB1, 0xB2, 0xB5, 0x80, 0xB1, 0xB2, 0xB5, 0x40, 0xB1, 0xB2, 0xB5, 0x40,
  0xB1, 0xB2, 0xB5, 0x40, 0xB1, 0xB2, 0xB5, 0x40, 0xB1, 0xB2, 0xB5, 0x40, 0xB1, 0xB2, 0xB5, 0x40, 0xD0, 0xD1, 0xD4, 0x40, 0xD0, 0xD1, 0xD4, 0x40, 0xD0, 0xD1, 0xD4, 0x40, 0xD0, 0xD1, 0xD4, 0x40,
  0xD0, 0xD1, 0xD4, 0x40, 0xD0, 0xD1, 0xD4, 0x40, 0xD0, 0xD1, 0xD4, 0x40, 0xD0, 0xD1, 0xD4, 0x40, 0xD0, 0xD1, 0xD4, 0x40, 0xD0, 0xD1, 0xD4, 0x40, 0xD0, 0xD1, 0xD4, 0x40, 0xD0, 0xD1, 0xD4, 0x40,
  0xD0, 0xD1, 0xD4, 0x40, 0xD0, 0xD1, 0xD4, 0x40, 0xD0, 0xD1, 0xD4, 0x40, 0xD0, 0xD1, 0xD4, 0x40, 0xD0, 0xD1, 0xD4, 0x40, 0xD0, 0xD1, 0xD4, 0x40, 0xD0, 0xD1, 0xD4, 0x40, 0xD0, 0xD1, 0xD4, 0x40,
  0xD0, 0xD1, 0xD4, 0x40, 0xD0, 0xD1, 0xD4, 0x40, 0xD0, 0xD1, 0xD4, 0x40, 0xD0, 0xD1, 0xD4, 0x40, 0xD0, 0xD1, 0xD4, 0x40, 0xD0, 0xD1, 0xD4, 0x40, 0xD0, 0xD1, 0xD4, 0x40, 0xD0, 0xD1, 0xD4, 0x40,
  0xD0, 0xD1, 0xD4, 0x40, 0xD0, 0xD1, 0xD4, 0x40, 0xD0, 0xD1, 0xD4, 0x40, 0xD0, 0xD1, 0xD4, 0x40, 0xD0, 0xD1, 0xD4, 0x40, 0xD0, 0xD1, 0xD4, 0x40, 0xD0, 0xD1, 0xD4, 0x40, 0xD0, 0xD1, 0xD4, 0x40,
  0xD0, 0xD1, 0xD4, 0x40, 0xD0, 0xD1, 0xD4, 0x40, 0xD0, 0xD1, 0xD4, 0x40, 0xD0, 0xD1, 0xD4, 0x40, 0xB1, 0xB2, 0xB5, 0x40, 0xB1, 0xB2, 0xB5, 0x40, 0xB1, 0xB2, 0xB5, 0x40, 0xB1, 0xB2, 0xB5, 0x40,
  0xB1, 0xB2, 0xB5, 0x40, 0xB1, 0xB2, 0xB5, 0x40, 0xB1, 0xB2, 0xB5, 0x80, 0xB1, 0xB2, 0xB5, 0x80, 0xB1, 0xB2, 0xB5, 0x80, 0xB1, 0xB2, 0xB5, 0xBF, 0xB1, 0xB2, 0xB5, 0xBF, 0x00, 0x00, 0x00, 0xFF,
  0x00, 0x00, 0x00, 0xFF, 0xB1, 0xB2, 0xB5, 0xBF, 0xB1, 0xB2, 0xB5, 0xBF, 0xB1, 0xB2, 0xB5, 0x80, 0xB1, 0xB2, 0xB5, 0x80, 0xB1, 0xB2, 0xB5, 0x80, 0xB1, 0xB2, 0xB5, 0x40, 0xB1, 0xB2, 0xB5, 0x40,
  0xB1, 0xB2, 0xB5, 0x40, 0xB1, 0xB2, 0xB5, 0x40, 0xB1, 0xB2, 0xB5, 0x40, 0xB1, 0xB2, 0xB5, 0x40, 0xD0, 0xD1, 0xD4, 0x40, 0xD0, 0xD1, 0xD4, 0x40, 0xD0, 0xD1, 0xD4, 0x40, 0xD0, 0xD1, 0xD4, 0x40,
  0xD0, 0xD1, 0xD4, 0x40, 0xD0, 0xD1, 0xD4, 0x40, 0xD0, 0xD1, 0xD4, 0x40, 0xD0, 0xD1, 0xD4, 0x40, 0xD0, 0xD1, 0xD4, 0x40, 0xD0, 0xD1, 0xD4, 0x40, 0xD0, 0xD1, 0xD4, 0x40, 0xD0, 0xD1, 0xD4, 0x40,
  0xD0, 0xD1, 0xD4, 0x40, 0xD0, 0xD1, 0xD4, 0x40, 0xD0, 0xD1, 0xD4, 0x40, 0xD0, 0xD1, 0xD4, 0x40, 0xD0, 0xD1, 0xD4, 0x40, 0xD0, 0xD1, 0xD4, 0x40, 0xD0, 0xD1, 0xD4, 0x40, 0xD0, 0xD1, 0xD4, 0x40,
  0xD0, 0xD1, 0xD4, 0x40, 0xD0, 0xD1, 0xD4, 0x40, 0xD0, 0xD1, 0xD4, 0x40, 0xD0, 0xD1, 0xD4, 0x40, 0xD0, 0xD1, 0xD4, 0x40, 0xD0, 0xD1, 0xD4, 0x40, 0xD0, 0xD1, 0xD4, 0x40, 0xD0, 0xD1, 0xD4, 0x40,
  0xD0, 0xD1, 0xD4, 0x40, 0xD0, 0xD1, 0xD4, 0x40, 0xD0, 0xD1, 0xD4, 0x40, 0xD0, 0xD1, 0xD4, 0x40, 0xD0, 0xD1, 0xD4, 0x40, 0xD0, 0xD1, 0xD4, 0x40, 0xD0, 0xD1, 0xD4, 0x40, 0xD0, 0xD1, 0xD4, 0x40,
  0xD0, 0xD1, 0xD4, 0x40, 0xD0, 0xD1, 0xD4, 0x40, 0xD0, 0xD1, 0xD4, 0x40, 0xD0, 0xD1, 0xD4, 0x40, 0xB1, 0xB2, 0xB5, 0x40, 0xB1, 0xB2, 0xB5, 0x40, 0xB1, 0xB2, 0xB5, 0x40, 0xB1, 0xB2, 0xB5, 0x40,
  0xB1, 0xB2, 0xB5, 0x40, 0xB1, 0xB2, 0xB5, 0x40, 0xB1, 0xB2, 0xB5, 0x80, 0xB1, 0xB2, 0xB5, 0x80, 0xB1, 0xB2, 0xB5, 0x80, 0xB1, 0xB2, 0xB5, 0xBF, 0xB1, 0xB2, 0xB5, 0xBF, 0x00, 0x00, 0x00, 0xFF,
  0x00, 0x00, 0x00, 0xFF, 0xB1, 0xB2, 0xB5, 0xBF, 0xB1, 0xB2, 0xB5, 0xBF, 0xB1, 0xB2, 0xB5, 0x80, 0xB1, 0xB2, 0xB5, 0x80, 0xB1, 0xB2, 0xB5, 0x80, 0xB1, 0xB2, 0xB5, 0x40, 0xB1, 0xB2, 0xB5, 0x40,
  0xB1, 0xB2, 0xB5, 0x40, 0xB1, 0xB2, 0xB5, 0x40, 0xB1, 0xB2, 0xB5, 0x40, 0xB1, 0xB2, 0xB5, 0x40, 0xB1, 0xB2, 0xB5, 0x40, 0xB1, 0xB2, 0xB5, 0x40, 0xB1, 0xB2, 0xB5, 0x40, 0xB1, 0xB2, 0xB5, 0x40,
  0xD0, 0xD1, 0xD4, 0x40, 0xD0, 0xD1, 0xD4, 0x40, 0xD0, 0xD1, 0xD4, 0x40, 0xD0, 0xD1, 0xD4, 0x40, 0xD0, 0xD1, 0xD4, 0x40, 0xD0, 0xD1, 0xD4, 0x40, 0xD0, 0xD1, 0xD4, 0x40, 0xD0, 0xD1, 0xD4, 0x40,
  0xD0, 0xD1, 0xD4, 0x40, 0xD0, 0xD1, 0xD4, 0x40, 0xD0, 0xD1, 0xD4, 0x40, 0xD0, 0xD1, 0xD4, 0x40, 0xD0, 0xD1, 0xD4, 0x40, 0xD0, 0xD1, 0xD4, 0x40, 0xD0, 0xD1, 0xD4, 0x40, 0xD0, 0xD1, 0xD4, 0x40,
  0xD0, 0xD1, 0xD4, 0x40, 0xD0, 0xD1, 0xD4, 0x40, 0xD0, 0xD1, 0xD4, 0x40, 0xD0, 0xD1, 0xD4, 0x40, 0xD0, 0xD1, 0xD4, 0x40, 0xD0, 0xD1, 0xD4, 0x40, 0xD0, 0xD1, 0xD4, 0x40, 0xD0, 0xD1, 0xD4, 0x40,
  0xD0, 0xD1, 0xD4, 0x40, 0xD0, 0xD1, 0xD4, 0x40, 0xD0, 0xD1, 0xD4, 0x40, 0xD0, 0xD1, 0xD4, 0x40, 0xD0, 0xD1, 0xD4, 0x40, 0xD0, 0xD1, 0xD4, 0x40, 0xD0, 0xD1, 0xD4, 0x40, 0xD0, 0xD1, 0xD4, 0x40,
  0xB1, 0xB2, 0xB5, 0x40, 0xB1, 0xB2, 0xB5, 0x40, 0xB1, 0xB2, 0xB5, 0x40, 0xB1, 0xB2, 0xB5, 0x40, 0xB1, 0xB2, 0xB5, 0x40, 0xB1, 0xB2, 0xB5, 0x40, 0xB1, 0xB2, 0xB5, 0x40, 0xB1, 0xB2, 0xB5, 0x40,
  0xB1, 0xB2, 0xB5, 0x40, 0xB1, 0xB2, 0xB5, 0x40, 0xB1, 0xB2, 0xB5, 0x80, 0xB1, 0xB2, 0xB5, 0x80, 0xB1, 0xB2, 0xB5, 0x80, 0xB1, 0xB2, 0xB5, 0xBF, 0xB1, 0xB2, 0xB5, 0xBF, 0x00, 0x00, 0x00, 0xFF,
  0x00, 0x00, 0x00, 0xFF, 0xB1, 0xB2, 0xB5, 0xBF, 0xB1, 0xB2, 0xB5, 0xBF, 0xB1, 0xB2, 0xB5, 0x80, 0xB1, 0xB2, 0xB5, 0x80, 0xB1, 0xB2, 0xB5, 0x80, 0xB1, 0xB2, 0xB5, 0x40, 0xB1, 0xB2, 0xB5, 0x40,
  0xB1, 0xB2, 0xB5, 0x40, 0xB1, 0xB2, 0xB5, 0x40, 0xB1, 0xB2, 0xB5, 0x40, 0xB1, 0xB2, 0xB5, 0x40, 0xB1, 0xB2, 0xB5, 0x40, 0xB1, 0xB2, 0xB5, 0x40, 0xB1, 0xB2, 0xB5, 0x40, 0xB1, 0xB2, 0xB5, 0x40,
  0xD0, 0xD1, 0xD4, 0x40, 0xD0, 0xD1, 0xD4, 0x40, 0xD0, 0xD1, 0xD4, 0x40, 0xD0, 0xD1, 0xD4, 0x40, 0xD0, 0xD1, 0xD4, 0x40, 0xD0, 0xD1, 0xD4, 0x40, 0xD0, 0xD1, 0xD4, 0x40, 0xD0, 0xD1, 0xD4, 0x40,
  0xD0, 0xD1, 0xD4, 0x40, 0xD0, 0xD1, 0xD4, 0x40, 0xD0, 0xD1, 0xD4, 0x40, 0xD0, 0xD1, 0xD4, 0x40, 0xD0, 0xD1, 0xD4, 0x40, 0xD0, 0xD1, 0xD4, 0x40, 0xD0, 0xD1, 0xD4, 0x40, 0xD0, 0xD1, 0xD4, 0x40,
  0xD0, 0xD1, 0xD4, 0x40, 0xD0, 0xD1, 0xD4, 0x40, 0xD0, 0xD1, 0xD4, 0x40, 0xD0, 0xD1, 0xD4, 0x40, 0xD0, 0xD1, 0xD4, 0x40, 0xD0, 0xD1, 0xD4, 0x40, 0xD0, 0xD1, 0xD4, 0x40, 0xD0, 0xD1, 0xD4, 0x40,
  0xD0, 0xD1, 0xD4, 0x40, 0xD0, 0xD1, 0xD4, 0x40, 0xD0, 0xD1, 0xD4, 0x40, 0xD0, 0xD1, 0xD4, 0x40, 0xD0, 0xD1, 0xD4, 0x40, 0xD0, 0xD1, 0xD4, 0x40, 0xD0, 0xD1, 0xD4, 0x40, 0xD0, 0xD1, 0xD4, 0x40,
  0xB1, 0xB2, 0xB5, 0x40, 0xB1, 0xB2, 0xB5, 0x40, 0xB1, 0xB2, 0xB5, 0x40, 0xB1, 0xB2, 0xB5, 0x40, 0xB1, 0xB2, 0xB5, 0x40, 0xB1, 0xB2, 0xB5, 0x40, 0xB1, 0xB2, 0xB5, 0x40, 0xB1, 0xB2, 0xB5, 0x40,
  0xB1, 0xB2, 0xB5, 0x40, 0xB1, 0xB2, 0xB5, 0x40, 0xB1, 0xB2, 0xB5, 0x80, 0xB1, 0xB2, 0xB5, 0x80, 0xB1, 0xB2, 0xB5, 0x80, 0xB1, 0xB2, 0xB5, 0xBF, 0xB1, 0xB2, 0xB5, 0xBF, 0x00, 0x00, 0x00, 0xFF,
  0x00, 0x00, 0x00, 0xFF, 0xB1, 0xB2, 0xB5, 0xBF, 0xB1, 0xB2, 0xB5, 0xBF, 0xB1, 0xB2, 0xB5, 0x80, 0xB1, 0xB2, 0xB5, 0x80, 0xB1, 0xB2, 0xB5, 0x80, 0xB1, 0xB2, 0xB5, 0x40, 0xB1, 0xB2, 0xB5, 0x40,
  0xB1, 0xB2, 0xB5, 0x40, 0xB1, 0xB2, 0xB5, 0x40, 0xB1, 0xB2, 0xB5, 0x40, 0xB1, 0xB2, 0xB5, 0x40, 0xB1, 0xB2, 0xB5, 0x40, 0xB1, 0xB2, 0xB5, 0x40, 0xB1, 0xB2, 0xB5, 0x40, 0xB1, 0xB2, 0xB5, 0x40,
  0xD0, 0xD1, 0xD4, 0x40, 0xD0, 0xD1, 0xD4, 0x40, 0xD0, 0xD1, 0xD4, 0x40, 0xD0, 0xD1, 0xD4, 0x40, 0xD0, 0xD1, 0xD4, 0x40, 0xD0, 0xD1, 0xD4, 0x40, 0xD0, 0xD1, 0xD4, 0x40, 0xD0, 0xD1, 0xD4, 0x40,
  0xD0, 0xD1, 0xD4, 0x40, 0xD0, 0xD1, 0xD4, 0x40, 0xD0, 0xD1, 0xD4, 0x40, 0xD0, 0xD1, 0xD4, 0x40, 0xD0, 0xD1, 0xD4, 0x40, 0xD0, 0xD1, 0xD4, 0x40, 0xD0, 0xD1, 0xD4, 0x40, 0xD0, 0xD1, 0xD4, 0x40,
  0xD0, 0xD1, 0xD4, 0x40, 0xD0, 0xD1, 0xD4, 0x40, 0xD0, 0xD1, 0xD4, 0x40, 0xD0, 0xD1, 0xD4, 0x40, 0xD0, 0xD1, 0xD4, 0x40, 0xD0, 0xD1, 0xD4, 0x40, 0xD0, 0xD1, 0xD4, 0x40, 0xD0, 0xD1, 0xD4, 0x40,
  0xD0, 0xD1, 0xD4, 0x40, 0xD0, 0xD1, 0xD4, 0x40, 0xD0, 0xD1, 0xD4, 0x40, 0xD0, 0xD1, 0xD4, 0x40, 0xD0, 0xD1, 0xD4, 0x40, 0xD0, 0xD1, 0xD4, 0x40, 0xD0, 0xD1, 0xD4, 0x40, 0xD0, 0xD1, 0xD4, 0x40,
  0xB1, 0xB2, 0xB5, 0x40, 0xB1, 0xB2, 0xB5, 0x40, 0xB1, 0xB2, 0xB5, 0x40, 0xB1, 0xB2, 0xB5, 0x40, 0xB1, 0xB2, 0xB5, 0x40, 0xB1, 0xB2, 0xB5, 0x40, 0xB1, 0xB2, 0xB5, 0x40, 0xB1, 0xB2, 0xB5, 0x40,
  0xB1, 0xB2, 0xB5, 0x40, 0xB1, 0xB2, 0xB5, 0x40, 0xB1, 0xB2, 0xB5, 0x80, 0xB1, 0xB2, 0xB5, 0x80, 0xB1, 0xB2, 0xB5, 0x80, 0xB1, 0xB2, 0xB5, 0xBF, 0xB1, 0xB2, 0xB5, 0xBF, 0x00, 0x00, 0x00, 0xFF,
  0x00, 0x00, 0x00, 0xFF, 0xB1, 0xB2, 0xB5, 0xBF, 0xB1, 0xB2, 0xB5, 0xBF, 0xB1, 0xB2, 0xB5, 0x80, 0xB1, 0xB2, 0xB5, 0x80, 0xB1, 0xB2, 0xB5, 0x80, 0xB1, 0xB2, 0xB5, 0x40, 0xB1, 0xB2, 0xB5, 0x40,
  0xB1, 0xB2, 0xB5, 0x40, 0xB1, 0xB2, 0xB5, 0x40, 0xB1, 0xB2, 0xB5, 0x40, 0xB1, 0xB2, 0xB5, 0x40, 0xB1, 0xB2, 0xB5, 0x40, 0xB1, 0xB2, 0xB5, 0x40, 0xB1, 0xB2, 0xB5, 0x40, 0xB1, 0xB2, 0xB5, 0x40,
  0xD0, 0xD1, 0xD4, 0x40, 0xD0, 0xD1, 0xD4, 0x40, 0xD0, 0xD1, 0xD4, 0x40, 0xD0, 0xD1, 0xD4, 0x40, 0xD0, 0xD1, 0xD4, 0x40, 0xD0, 0xD1, 0xD4, 0x40, 0xD0, 0xD1, 0xD4, 0x40, 0xD0, 0xD1, 0xD4, 0x40,
  0xD0, 0xD1, 0xD4, 0x40, 0xD0, 0xD1, 0xD4, 0x40, 0xD0, 0xD1, 0xD4, 0x40, 0xD0, 0xD1, 0xD4, 0x40, 0xD0, 0xD1, 0xD4, 0x40, 0xD0, 0xD1, 0xD4, 0x40, 0xD0, 0xD1, 0xD4, 0x40, 0xD0, 0xD1, 0xD4, 0x40,
  0xD0, 0xD1, 0xD4, 0x40, 0xD0, 0xD1, 0xD4, 0x40, 0xD0, 0xD1, 0xD4, 0x40, 0xD0, 0xD1, 0xD4, 0x40, 0xD0, 0xD1, 0xD4, 0x40, 0xD0, 0xD1, 0xD4, 0x40, 0xD0, 0xD1, 0xD4, 0x40, 0xD0, 0xD1, 0xD4, 0x40,
  0xD0, 0xD1, 0xD4, 0x40, 0xD0, 0xD1, 0xD4, 0x40, 0xD0, 0xD1, 0xD4, 0x40, 0xD0, 0xD1, 0xD4, 0x40, 0xD0, 0xD1, 0xD4, 0x40, 0xD0, 0xD1, 0xD4, 0x40, 0xD0, 0xD1, 0xD4, 0x40, 0xD0, 0xD1, 0xD4, 0x40,
  0xB1, 0xB2, 0xB5, 0x40, 0xB1, 0xB2, 0xB5, 0x40, 0xB1, 0xB2, 0xB5, 0x40, 0xB1, 0xB2, 0xB5, 0x40, 0xB1, 0xB2, 0xB5, 0x40, 0xB1, 0xB2, 0xB5, 0x40, 0xB1, 0xB2, 0xB5, 0x40, 0xB1, 0xB2, 0xB5, 0x40,
  0xB1, 0xB2, 0xB5, 0x40, 0xB1, 0xB2, 0xB5, 0x40, 0xB1, 0xB2, 0xB5, 0x80, 0xB1, 0xB2, 0xB5, 0x80, 0xB1, 0xB2, 0xB5, 0x80, 0xB1, 0xB2, 0xB5, 0xBF, 0xB1, 0xB2, 0xB5, 0xBF, 0x00, 0x00, 0x00, 0xFF,
  0x00, 0x00, 0x00, 0xFF, 0xB1, 0xB2, 0xB5, 0xBF, 0xB1, 0xB2, 0xB5, 0xBF, 0xB1, 0xB2, 0xB5, 0x80, 0xB1, 0xB2, 0xB5, 0x80, 0xB1, 0xB2, 0xB5, 0x80, 0xB1, 0xB2, 0xB5, 0x40, 0xB1, 0xB2, 0xB5, 0x40,
  0xB1, 0xB2, 0xB5, 0x40, 0xB1, 0xB2, 0xB5, 0x40, 0xB1, 0xB2, 0xB5, 0x40, 0xB1, 0xB2, 0xB5, 0x40, 0xB1, 0xB2, 0xB5, 0x40, 0xB1, 0xB2, 0xB5, 0x40, 0xB1, 0xB2, 0xB5, 0x40, 0xB1, 0xB2, 0xB5, 0x40,
  0xB1, 0xB2, 0xB5, 0x40, 0xB1, 0xB2, 0xB5, 0x40, 0xB1, 0xB2, 0xB5, 0x40, 0xB1, 0xB2, 0xB5, 0x40, 0xB1, 0xB2, 0xB5, 0x40, 0xB1, 0xB2, 0xB5, 0x40, 0xB1, 0xB2, 0xB5, 0x40, 0xB1, 0xB2, 0xB5, 0x40,
  0xB1, 0xB2, 0xB5, 0x40, 0xB1, 0xB2, 0xB5, 0x40, 0xB1, 0xB2, 0xB5, 0x40, 0xB1, 0xB2, 0xB5, 0x40, 0xB1, 0xB2, 0xB5, 0x40, 0xB1, 0xB2, 0xB5, 0x40, 0xB1, 0xB2, 0xB5, 0x40, 0xB1, 0xB2, 0xB5, 0x40,
  0xB1, 0xB2, 0xB5, 0x40, 0xB1, 0xB2, 0xB5, 0x40, 0xB1, 0xB2, 0xB5, 0x40, 0xB1, 0xB2, 0xB5, 0x40, 0xB1, 0xB2, 0xB5, 0x40, 0xB1, 0xB2, 0xB5, 0x40, 0xB1, 0xB2, 0xB5, 0x40, 0xB1, 0xB2, 0xB5, 0x40,
  0xB1, 0xB2, 0xB5, 0x40, 0xB1, 0xB2, 0xB5, 0x40, 0xB1, 0xB2, 0xB5, 0x40, 0xB1, 0xB2, 0xB5, 0x40, 0xB1, 0xB2, 0xB5, 0x40, 0xB1, 0xB2, 0xB5, 0x40, 0xB1, 0xB2, 0xB5, 0x40, 0xB1, 0xB2, 0xB5, 0x40,
  0xB1, 0xB2, 0xB5, 0x40, 0xB1, 0xB2, 0xB5, 0x40, 0xB1, 0xB2, 0xB5, 0x40, 0xB1, 0xB2, 0xB5, 0x40, 0xB1, 0xB2, 0xB5, 0x40, 0xB1, 0xB2, 0xB5, 0x40, 0xB1, 0xB2, 0xB5, 0x40, 0xB1, 0xB2, 0xB5, 0x40,
  0xB1, 0xB2, 0xB5, 0x40, 0xB1, 0xB2, 0xB5, 0x40, 0xB1, 0xB2, 0xB5, 0x80, 0xB1, 0xB2, 0xB5, 0x80, 0xB1, 0xB2, 0xB5, 0x80, 0xB1, 0xB2, 0xB5, 0xBF, 0xB1, 0xB2, 0xB5, 0xBF, 0x00, 0x00, 0x00, 0xFF,
  0x00, 0x00, 0x00, 0xFF, 0xB1, 0xB2, 0xB5, 0xBF, 0xB1, 0xB2, 0xB5, 0xBF, 0xB1, 0xB2, 0xB5, 0x80, 0xB1, 0xB2, 0xB5, 0x80, 0xB1, 0xB2, 0xB5, 0x80, 0xB1, 0xB2, 0xB5, 0x40, 0xB1, 0xB2, 0xB5, 0x40,
  0xB1, 0xB2, 0xB5, 0x40, 0xB1, 0xB2, 0xB5, 0x40, 0xB1, 0xB2, 0xB5, 0x40, 0xB1, 0xB2, 0xB5, 0x40, 0xB1, 0xB2, 0xB5, 0x40, 0xB1, 0xB2, 0xB5, 0x40, 0xB1, 0xB2, 0xB5, 0x40, 0xB1, 0xB2, 0xB5, 0x40,
  0xB1, 0xB2, 0xB5, 0x40, 0xB1, 0xB2, 0xB5, 0x40, 0xB1, 0xB2, 0xB5, 0x40, 0xB1, 0xB2, 0xB5, 0x40, 0xB1, 0xB2, 0xB5, 0x40, 0xB1, 0xB2, 0xB5, 0x40, 0xB1, 0xB2, 0xB5, 0x40, 0xB1, 0xB2, 0xB5, 0x40,
  0xB1, 0xB2, 0xB5, 0x40, 0xB1, 0xB2, 0xB5, 0x40, 0xB1, 0xB2, 0xB5, 0x40, 0xB1, 0xB2, 0xB5, 0x40, 0xB1, 0xB2, 0xB5, 0x40, 0xB1, 0xB2, 0xB5, 0x40, 0xB1, 0xB2, 0xB5, 0x40, 0xB1, 0xB2, 0xB5, 0x40,
  0xB1, 0xB2, 0xB5, 0x40, 0xB1, 0xB2, 0xB5, 0x40, 0xB1, 0xB2, 0xB5, 0x40, 0xB1, 0xB2, 0xB5, 0x40, 0xB1, 0xB2, 0xB5, 0x40, 0xB1, 0xB2, 0xB5, 0x40, 0xB1, 0xB2, 0xB5, 0x40, 0xB1, 0xB2, 0xB5, 0x40,
  0xB1, 0xB2, 0xB5, 0x40, 0xB1, 0xB2, 0xB5, 0x40, 0xB1, 0xB2, 0xB5, 0x40, 0xB1, 0xB2, 0xB5, 0x40, 0xB1, 0xB2, 0xB5, 0x40, 0xB1, 0xB2, 0xB5, 0x40, 0xB1, 0xB2, 0xB5, 0x40, 0xB1, 0xB2, 0xB5, 0x40,
  0xB1, 0xB2, 0xB5, 0x40, 0xB1, 0xB2, 0xB5, 0x40, 0xB1, 0xB2, 0xB5, 0x40, 0xB1, 0xB2, 0xB5, 0x40, 0xB1, 0xB2, 0xB5, 0x40, 0xB1, 0xB2, 0xB5, 0x40, 0xB1, 0xB2, 0xB5, 0x40, 0xB1, 0xB2, 0xB5, 0x40,
  0xB1, 0xB2, 0xB5, 0x40, 0xB1, 0xB2, 0xB5, 0x40, 0xB1, 0xB2, 0xB5, 0x80, 0xB1, 0xB2, 0xB5, 0x80, 0xB1, 0xB2, 0xB5, 0x80, 0xB1, 0xB2, 0xB5, 0xBF, 0xB1, 0xB2, 0xB5, 0xBF, 0x00, 0x00, 0x00, 0xFF,
  0x00, 0x00, 0x00, 0xFF, 0xB1, 0xB2, 0xB5, 0xBF, 0xB1, 0xB2, 0xB5, 0xBF, 0xB1, 0xB2, 0xB5, 0x80, 0xB1, 0xB2, 0xB5, 0x80, 0xB1, 0xB2, 0xB5, 0x80, 0xB1, 0xB2, 0xB5, 0x40, 0xB1, 0xB2, 0xB5, 0x40,
  0xB1, 0xB2, 0xB5, 0x40, 0xB1, 0xB2, 0xB5, 0x40, 0xB1, 0xB2, 0xB5, 0x40, 0xB1, 0xB2, 0xB5, 0x40, 0xB1, 0xB2, 0xB5, 0x40, 0xB1, 0xB2, 0xB5, 0x40, 0xB1, 0xB2, 0xB5, 0x40, 0xB1, 0xB2, 0xB5, 0x40,
  0xB1, 0xB2, 0xB5, 0x40, 0xB1, 0xB2, 0xB5, 0x40, 0xB1, 0xB2, 0xB5, 0x40, 0xB1, 0xB2, 0xB5, 0x40, 0xB1, 0xB2, 0xB5, 0x40, 0xB1, 0xB2, 0xB5, 0x40, 0xB1, 0xB2, 0xB5, 0x40, 0xB1, 0xB2, 0xB5, 0x40,
  0xB1, 0xB2, 0xB5, 0x40, 0xB1, 0xB2, 0xB5, 0x40, 0xB1, 0xB2, 0xB5, 0x40, 0xB1, 0xB2, 0xB5, 0x40, 0xB1, 0xB2, 0xB5, 0x40, 0xB1, 0xB2, 0xB5, 0x40, 0xB1, 0xB2, 0xB5, 0x40, 0xB1, 0xB2, 0xB5, 0x40,
  0xB1, 0xB2, 0xB5, 0x40, 0xB1, 0xB2, 0xB5, 0x40, 0xB1, 0xB2, 0xB5, 0x40, 0xB1, 0xB2, 0xB5, 0x40, 0xB1, 0xB2, 0xB5, 0x40, 0xB1, 0xB2, 0xB5, 0x40, 0xB1, 0xB2, 0xB5, 0x40, 0xB1, 0xB2, 0xB5, 0x40,
  0xB1, 0xB2, 0xB5, 0x40, 0xB1, 0xB2, 0xB5, 0x40, 0xB1, 0xB2, 0xB5, 0x40, 0xB1, 0xB2, 0xB5, 0x40, 0xB1, 0xB2, 0xB5, 0x40, 0xB1, 0xB2, 0xB5, 0x40, 0xB1, 0xB2, 0xB5, 0x40, 0xB1, 0xB2, 0xB5, 0x40,
  0xB1, 0xB2, 0xB5, 0x40, 0xB1, 0xB2, 0xB5, 0x40, 0xB1, 0xB2, 0xB5, 0x40, 0xB1, 0xB2, 0xB5, 0x40, 0xB1, 0xB2, 0xB5, 0x40, 0xB1, 0xB2, 0xB5, 0x40, 0xB1, 0xB2, 0xB5, 0x40, 0xB1, 0xB2, 0xB5, 0x40,
  0xB1, 0xB2, 0xB5, 0x40, 0xB1, 0xB2, 0xB5, 0x40, 0xB1, 0xB2, 0xB5, 0x80, 0xB1, 0xB2, 0xB5, 0x80, 0xB1, 0xB2, 0xB5, 0x80, 0xB1, 0xB2, 0xB5, 0xBF, 0xB1, 0xB2, 0xB5, 0xBF, 0x00, 0x00, 0x00, 0xFF,
  0x00, 0x00, 0x00, 0xFF, 0xB1, 0xB2, 0xB5, 0xBF, 0xB1, 0xB2, 0xB5, 0xBF, 0xB1, 0xB2, 0xB5, 0x80, 0xB1, 0xB2, 0xB5, 0x80, 0xB1, 0xB2, 0xB5, 0x80, 0xB1, 0xB2, 0xB5, 0x80, 0xB1, 0xB2, 0xB5, 0x80,
  0xB1, 0xB2, 0xB5, 0x80, 0xB1, 0xB2, 0xB5, 0x40, 0xB1, 0xB2, 0xB5, 0x40, 0xB1, 0xB2, 0xB5, 0x40, 0xB1, 0xB2, 0xB5, 0x40, 0xB1, 0xB2, 0xB5, 0x40, 0xB1, 0xB2, 0xB5, 0x40, 0xB1, 0xB2, 0xB5, 0x40,
  0xB1, 0xB2, 0xB5, 0x40, 0xB1, 0xB2, 0xB5, 0x40, 0xB1, 0xB2, 0xB5, 0x40, 0xB1, 0xB2, 0xB5, 0x40, 0xB1, 0xB2, 0xB5, 0x40, 0xB1, 0xB2, 0xB5, 0x40, 0xB1, 0xB2, 0xB5, 0x40, 0xB1, 0xB2, 0xB5, 0x40,
  0xB1, 0xB2, 0xB5, 0x40, 0xB1, 0xB2, 0xB5, 0x40, 0xB1, 0xB2, 0xB5, 0x40, 0xB1, 0xB2, 0xB5, 0x40, 0xB1, 0xB2, 0xB5, 0x40, 0xB1, 0xB2, 0xB5, 0x40, 0xB1, 0xB2, 0xB5, 0x40, 0xB1, 0xB2, 0xB5, 0x40,
  0xB1, 0xB2, 0xB5, 0x40, 0xB1, 0xB2, 0xB5, 0x40, 0xB1, 0xB2, 0xB5, 0x40, 0xB1, 0xB2, 0xB5, 0x40, 0xB1, 0xB2, 0xB5, 0x40, 0xB1, 0xB2, 0xB5, 0x40, 0xB1, 0xB2, 0xB5, 0x40, 0xB1, 0xB2, 0xB5, 0x40,
  0xB1, 0xB2, 0xB5, 0x40, 0xB1, 0xB2, 0xB5, 0x40, 0xB1, 0xB2, 0xB5, 0x40, 0xB1, 0xB2, 0xB5, 0x40, 0xB1, 0xB2, 0xB5, 0x40, 0xB1, 0xB2, 0xB5, 0x40, 0xB1, 0xB2, 0xB5, 0x40, 0xB1, 0xB2, 0xB5, 0x40,
  0xB1, 0xB2, 0xB5, 0x40, 0xB1, 0xB2, 0xB5, 0x40, 0xB1, 0xB2, 0xB5, 0x40, 0xB1, 0xB2, 0xB5, 0x40, 0xB1, 0xB2, 0xB5, 0x40, 0xB1, 0xB2, 0xB5, 0x40, 0xB1, 0xB2, 0xB5, 0x40, 0xB1, 0xB2, 0xB5, 0x80,
  0xB1, 0xB2, 0xB5, 0x80, 0xB1, 0xB2, 0xB5, 0x80, 0xB1, 0xB2, 0xB5, 0x80, 0xB1, 0xB2, 0xB5, 0x80, 0xB1, 0xB2, 0xB5, 0x80, 0xB1, 0xB2, 0xB5, 0xBF, 0xB1, 0xB2, 0xB5, 0xBF, 0x00, 0x00, 0x00, 0xFF,
  0x00, 0x00, 0x00, 0xFF, 0xB1, 0xB2, 0xB5, 0xBF, 0xB1, 0xB2, 0xB5, 0xBF, 0xB1, 0xB2, 0xB5, 0x80, 0xB1, 0xB2, 0xB5, 0x80, 0xB1, 0xB2, 0xB5, 0x80, 0xB1, 0xB2, 0xB5, 0x80, 0xB1, 0xB2, 0xB5, 0x80,
  0xB1, 0xB2, 0xB5, 0x80, 0xB1, 0xB2, 0xB5, 0x40, 0xB1, 0xB2, 0xB5, 0x40, 0xB1, 0xB2, 0xB5, 0x40, 0xB1, 0xB2, 0xB5, 0x40, 0xB1, 0xB2, 0xB5, 0x40, 0xB1, 0xB2, 0xB5, 0x40, 0xB1, 0xB2, 0xB5, 0x40,
  0xB1, 0xB2, 0xB5, 0x40, 0xB1, 0xB2, 0xB5, 0x40, 0xB1, 0xB2, 0xB5, 0x40, 0xB1, 0xB2, 0xB5, 0x40, 0xB1, 0xB2, 0xB5, 0x40, 0xB1, 0xB2, 0xB5, 0x40, 0xB1, 0xB2, 0xB5, 0x40, 0xB1, 0xB2, 0xB5, 0x40,
  0xB1, 0xB2, 0xB5, 0x40, 0xB1, 0xB2, 0xB5, 0x40, 0xB1, 0xB2, 0xB5, 0x40, 0xB1, 0xB2, 0xB5, 0x40, 0xB1, 0xB2, 0xB5, 0x40, 0xB1, 0xB2, 0xB5, 0x40, 0xB1, 0xB2, 0xB5, 0x40, 0xB1, 0xB2, 0xB5, 0x40,
  0xB1, 0xB2, 0xB5, 0x40, 0xB1, 0xB2, 0xB5, 0x40, 0xB1, 0xB2, 0xB5, 0x40, 0xB1, 0xB2, 0xB5, 0x40, 0xB1, 0xB2, 0xB5, 0x40, 0xB1, 0xB2, 0xB5, 0x40, 0xB1, 0xB2, 0xB5, 0x40, 0xB1, 0xB2, 0xB5, 0x40,
  0xB1, 0xB2, 0xB5, 0x40, 0xB1, 0xB2, 0xB5, 0x40, 0xB1, 0xB2, 0xB5, 0x40, 0xB1, 0xB2, 0xB5, 0x40, 0xB1, 0xB2, 0xB5, 0x40, 0xB1, 0xB2, 0xB5, 0x40, 0xB1, 0xB2, 0xB5, 0x40, 0xB1, 0xB2, 0xB5, 0x40,
  0xB1, 0xB2, 0xB5, 0x40, 0xB1, 0xB2, 0xB5, 0x40, 0xB1, 0xB2, 0xB5, 0x40, 0xB1, 0xB2, 0xB5, 0x40, 0xB1, 0xB2, 0xB5, 0x40, 0xB1, 0xB2, 0xB5, 0x40, 0xB1, 0xB2, 0xB5, 0x40, 0xB1, 0xB2, 0xB5, 0x80,
  0xB1, 0xB2, 0xB5, 0x80, 0xB1, 0xB2, 0xB5, 0x80, 0xB1, 0xB2, 0xB5, 0x80, 0xB1, 0xB2, 0xB5, 0x80, 0xB1, 0xB2, 0xB5, 0x80, 0xB1, 0xB2, 0xB5, 0xBF, 0xB1, 0xB2, 0xB5, 0xBF, 0x00, 0x00, 0x00, 0xFF,
  0x00, 0x00, 0x00, 0xFF, 0xB1, 0xB2, 0xB5, 0xBF, 0xB1, 0xB2, 0xB5, 0xBF, 0xB1, 0xB2, 0xB5, 0x80, 0xB1, 0xB2, 0xB5, 0x80, 0xB1, 0xB2, 0xB5, 0x80, 0xB1, 0xB2, 0xB5, 0x80, 0xB1, 0xB2, 0xB5, 0x80,
  0xB1, 0xB2, 0xB5, 0x80, 0xB1, 0xB2, 0xB5, 0x40, 0xB1, 0xB2, 0xB5, 0x40, 0xB1, 0xB2, 0xB5, 0x40, 0xB1, 0xB2, 0xB5, 0x40, 0xB1, 0xB2, 0xB5, 0x40, 0xB1, 0xB2, 0xB5, 0x40, 0xB1, 0xB2, 0xB5, 0x40,
  0xB1, 0xB2, 0xB5, 0x40, 0xB1, 0xB2, 0xB5, 0x40, 0xB1, 0xB2, 0xB5, 0x40, 0xB1, 0xB2, 0xB5, 0x40, 0xB1, 0xB2, 0xB5, 0x40, 0xB1, 0xB2, 0xB5, 0x40, 0xB1, 0xB2, 0xB5, 0x40, 0xB1, 0xB2, 0xB5, 0x40,
  0xB1, 0xB2, 0xB5, 0x40, 0xB1, 0xB2, 0xB5, 0x40, 0xB1, 0xB2, 0xB5, 0x40, 0xB1, 0xB2, 0xB5, 0x40, 0xB1, 0xB2, 0xB5, 0x40, 0xB1, 0xB2, 0xB5, 0x40, 0xB1, 0xB2, 0xB5, 0x40, 0xB1, 0xB2, 0xB5, 0x40,
  0xB1, 0xB2, 0xB5, 0x40, 0xB1, 0xB2, 0xB5, 0x40, 0xB1, 0xB2, 0xB5, 0x40, 0xB1, 0xB2, 0xB5, 0x40, 0xB1, 0xB2, 0xB5, 0x40, 0xB1, 0xB2, 0xB5, 0x40, 0xB1, 0xB2, 0xB5, 0x40, 0xB1, 0xB2, 0xB5, 0x40,
  0xB1, 0xB2, 0xB5, 0x40, 0xB1, 0xB2, 0xB5, 0x40, 0xB1, 0xB2, 0xB5, 0x40, 0xB1, 0xB2, 0xB5, 0x40, 0xB1, 0xB2, 0xB5, 0x40, 0xB1, 0xB2, 0xB5, 0x40, 0xB1, 0xB2, 0xB5, 0x40, 0xB1, 0xB2, 0xB5, 0x40,
  0xB1, 0xB2, 0xB5, 0x40, 0xB1, 0xB2, 0xB5, 0x40, 0xB1, 0xB2, 0xB5, 0x40, 0xB1, 0xB2, 0xB5, 0x40, 0xB1, 0xB2, 0xB5, 0x40, 0xB1, 0xB2, 0xB5, 0x40, 0xB1, 0xB2, 0xB5, 0x40, 0xB1, 0xB2, 0xB5, 0x80,
  0xB1, 0xB2, 0xB5, 0x80, 0xB1, 0xB2, 0xB5, 0x80, 0xB1, 0xB2, 0xB5, 0x80, 0xB1, 0xB2, 0xB5, 0x80, 0xB1, 0xB2, 0xB5, 0x80, 0xB1, 0xB2, 0xB5, 0xBF, 0xB1, 0xB2, 0xB5, 0xBF, 0x00, 0x00, 0x00, 0xFF,
  0x00, 0x00, 0x00, 0xFF, 0xB1, 0xB2, 0xB5, 0xBF, 0xB1, 0xB2, 0xB5, 0xBF, 0xB1, 0xB2, 0xB5, 0x80, 0xB1, 0xB2, 0xB5, 0x80, 0xB1, 0xB2, 0xB5, 0x80, 0xB1, 0xB2, 0xB5, 0x80, 0xB1, 0xB2, 0xB5, 0x80,
  0xB1, 0xB2, 0xB5, 0x80, 0xB1, 0xB2, 0xB5, 0x80, 0xB1, 0xB2, 0xB5, 0x80, 0xB1, 0xB2, 0xB5, 0x80, 0xB1, 0xB2, 0xB5, 0x80, 0xB1, 0xB2, 0xB5, 0x80, 0xB1, 0xB2, 0xB5, 0x80, 0xB1, 0xB2, 0xB5, 0x80,
  0xB1, 0xB2, 0xB5, 0x80, 0xB1, 0xB2, 0xB5, 0x80, 0xB1, 0xB2, 0xB5, 0x80, 0xB1, 0xB2, 0xB5, 0x80, 0xB1, 0xB2, 0xB5, 0x80, 0xB1, 0xB2, 0xB5, 0x80, 0xB1, 0xB2, 0xB5, 0x80, 0xB1, 0xB2, 0xB5, 0x80,
  0xB1, 0xB2, 0xB5, 0x80, 0xB1, 0xB2, 0xB5, 0x80, 0xB1, 0xB2, 0xB5, 0x80, 0xB1, 0xB2, 0xB5, 0x80, 0xB1, 0xB2, 0xB5, 0x80, 0xB1, 0xB2, 0xB5, 0x80, 0xB1, 0xB2, 0xB5, 0x80, 0xB1, 0xB2, 0xB5, 0x80,
  0xB1, 0xB2, 0xB5, 0x80, 0xB1, 0xB2, 0xB5, 0x80, 0xB1, 0xB2, 0xB5, 0x80, 0xB1, 0xB2, 0xB5, 0x80, 0xB1, 0xB2, 0xB5, 0x80, 0xB1, 0xB2, 0xB5, 0x80, 0xB1, 0xB2, 0xB5, 0x80, 0xB1, 0xB2, 0xB5, 0x80,
  0xB1, 0xB2, 0xB5, 0x80, 0xB1, 0xB2, 0xB5, 0x80, 0xB1, 0xB2, 0xB5, 0x80, 0xB1, 0xB2, 0xB5, 0x80, 0xB1, 0xB2, 0xB5, 0x80, 0xB1, 0xB2, 0xB5, 0x80, 0xB1, 0xB2, 0xB5, 0x80, 0xB1, 0xB2, 0xB5, 0x80,
  0xB1, 0xB2, 0xB5, 0x80, 0xB1, 0xB2, 0xB5, 0x80, 0xB1, 0xB2, 0xB5, 0x80, 0xB1, 0xB2, 0xB5, 0x80, 0xB1, 0xB2, 0xB5, 0x80, 0xB1, 0xB2, 0xB5, 0x80, 0xB1, 0xB2, 0xB5, 0x80, 0xB1, 0xB2, 0xB5, 0x80,
  0xB1, 0xB2, 0xB5, 0x80, 0xB1, 0xB2, 0xB5, 0x80, 0xB1, 0xB2, 0xB5, 0x80, 0xB1, 0xB2, 0xB5, 0x80, 0xB1, 0xB2, 0xB5, 0x80, 0xB1, 0xB2, 0xB5, 0xBF, 0xB1, 0xB2, 0xB5, 0xBF, 0x00, 0x00, 0x00, 0xFF,
  0x00, 0x00, 0x00, 0xFF, 0xB1, 0xB2, 0xB5, 0xBF, 0xB1, 0xB2, 0xB5, 0xBF, 0xB1, 0xB2, 0xB5, 0xBF, 0xB1, 0xB2, 0xB5, 0xBF, 0xB1, 0xB2, 0xB5, 0x80, 0xB1, 0xB2, 0xB5, 0x80, 0xB1, 0xB2, 0xB5, 0x80,
  0xB1, 0xB2, 0xB5, 0x80, 0xB1, 0xB2, 0xB5, 0x80, 0xB1, 0xB2, 0xB5, 0x80, 0xB1, 0xB2, 0xB5, 0x80, 0xB1, 0xB2, 0xB5, 0x80, 0xB1, 0xB2, 0xB5, 0x80, 0xB1, 0xB2, 0xB5, 0x80, 0xB1, 0xB2, 0xB5, 0x80,
  0xB1, 0xB2, 0xB5, 0x80, 0xB1, 0xB2, 0xB5, 0x80, 0xB1, 0xB2, 0xB5, 0x80, 0xB1, 0xB2, 0xB5, 0x80, 0xB1, 0xB2, 0xB5, 0x80, 0xB1, 0xB2, 0xB5, 0x80, 0xB1, 0xB2, 0xB5, 0x80, 0xB1, 0xB2, 0xB5, 0x80,
  0xB1, 0xB2, 0xB5, 0x80, 0xB1, 0xB2, 0xB5, 0x80, 0xB1, 0xB2, 0xB5, 0x80, 0xB1, 0xB2, 0xB5, 0x80, 0xB1, 0xB2, 0xB5, 0x80, 0xB1, 0xB2, 0xB5, 0x80, 0xB1, 0xB2, 0xB5, 0x80, 0xB1, 0xB2, 0xB5, 0x80,
  0xB1, 0xB2, 0xB5, 0x80, 0xB1, 0xB2, 0xB5, 0x80, 0xB1, 0xB2, 0xB5, 0x80, 0xB1, 0xB2, 0xB5, 0x80, 0xB1, 0xB2, 0xB5, 0x80, 0xB1, 0xB2, 0xB5, 0x80, 0xB1, 0xB2, 0xB5, 0x80, 0xB1, 0xB2, 0xB5, 0x80,
  0xB1, 0xB2, 0xB5, 0x80, 0xB1, 0xB2, 0xB5, 0x80, 0xB1, 0xB2, 0xB5, 0x80, 0xB1, 0xB2, 0xB5, 0x80, 0xB1, 0xB2, 0xB5, 0x80, 0xB1, 0xB2, 0xB5, 0x80, 0xB1, 0xB2, 0xB5, 0x80, 0xB1, 0xB2, 0xB5, 0x80,
  0xB1, 0xB2, 0xB5, 0x80, 0xB1, 0xB2, 0xB5, 0x80, 0xB1, 0xB2, 0xB5, 0x80, 0xB1, 0xB2, 0xB5, 0x80, 0xB1, 0xB2, 0xB5, 0x80, 0xB1, 0xB2, 0xB5, 0x80, 0xB1, 0xB2, 0xB5, 0x80, 0xB1, 0xB2, 0xB5, 0x80,
  0xB1, 0xB2, 0xB5, 0x80, 0xB1, 0xB2, 0xB5, 0x80, 0xB1, 0xB2, 0xB5, 0x80, 0xB1, 0xB2, 0xB5, 0xBF, 0xB1, 0xB2, 0xB5, 0xBF, 0xB1, 0xB2, 0xB5, 0xBF, 0xB1, 0xB2, 0xB5, 0xBF, 0x00, 0x00, 0x00, 0xFF,
  0x00, 0x00, 0x00, 0xFF, 0xB1, 0xB2, 0xB5, 0xBF, 0xB1, 0xB2, 0xB5, 0xBF, 0xB1, 0xB2, 0xB5, 0xBF, 0xB1, 0xB2, 0xB5, 0xBF, 0xB1, 0xB2, 0xB5, 0x80, 0xB1, 0xB2, 0xB5, 0x80, 0xB1, 0xB2, 0xB5, 0x80,
  0xB1, 0xB2, 0xB5, 0x80, 0xB1, 0xB2, 0xB5, 0x80, 0xB1, 0xB2, 0xB5, 0x80, 0xB1, 0xB2, 0xB5, 0x80, 0xB1, 0xB2, 0xB5, 0x80, 0xB1, 0xB2, 0xB5, 0x80, 0xB1, 0xB2, 0xB5, 0x80, 0xB1, 0xB2, 0xB5, 0x80,
  0xB1, 0xB2, 0xB5, 0x80, 0xB1, 0xB2, 0xB5, 0x80, 0xB1, 0xB2, 0xB5, 0x80, 0xB1, 0xB2, 0xB5, 0x80, 0xB1, 0xB2, 0xB5, 0x80, 0xB1, 0xB2, 0xB5, 0x80, 0xB1, 0xB2, 0xB5, 0x80, 0xB1, 0xB2, 0xB5, 0x80,
  0xB1, 0xB2, 0xB5, 0x80, 0xB1, 0xB2, 0xB5, 0x80, 0xB1, 0xB2, 0xB5, 0x80, 0xB1, 0xB2, 0xB5, 0x80, 0xB1, 0xB2, 0xB5, 0x80, 0xB1, 0xB2, 0xB5, 0x80, 0xB1, 0xB2, 0xB5, 0x80, 0xB1, 0xB2, 0xB5, 0x80,
  0xB1, 0xB2, 0xB5, 0x80, 0xB1, 0xB2, 0xB5, 0x80, 0xB1, 0xB2, 0xB5, 0x80, 0xB1, 0xB2, 0xB5, 0x80, 0xB1, 0xB2, 0xB5, 0x80, 0xB1, 0xB2, 0xB5, 0x80, 0xB1, 0xB2, 0xB5, 0x80, 0xB1, 0xB2, 0xB5, 0x80,
  0xB1, 0xB2, 0xB5, 0x80, 0xB1, 0xB2, 0xB5, 0x80, 0xB1, 0xB2, 0xB5, 0x80, 0xB1, 0xB2, 0xB5, 0x80, 0xB1, 0xB2, 0xB5, 0x80, 0xB1, 0xB2, 0xB5, 0x80, 0xB1, 0xB2, 0xB5, 0x80, 0xB1, 0xB2, 0xB5, 0x80,
  0xB1, 0xB2, 0xB5, 0x80, 0xB1, 0xB2, 0xB5, 0x80, 0xB1, 0xB2, 0xB5, 0x80, 0xB1, 0xB2, 0xB5, 0x80, 0xB1, 0xB2, 0xB5, 0x80, 0xB1, 0xB2, 0xB5, 0x80, 0xB1, 0xB2, 0xB5, 0x80, 0xB1, 0xB2, 0xB5, 0x80,
  0xB1, 0xB2, 0xB5, 0x80, 0xB1, 0xB2, 0xB5, 0x80, 0xB1, 0xB2, 0xB5, 0x80, 0xB1, 0xB2, 0xB5, 0xBF, 0xB1, 0xB2, 0xB5, 0xBF, 0xB1, 0xB2, 0xB5, 0xBF, 0xB1, 0xB2, 0xB5, 0xBF, 0x00, 0x00, 0x00, 0xFF,
  0x00, 0x00, 0x00, 0xFF, 0x00, 0x00, 0x00, 0xFF, 0x00, 0x00, 0x00, 0xFF, 0xB1, 0xB2, 0xB5, 0xBF, 0xB1, 0xB2, 0xB5, 0xBF, 0xB1, 0xB2, 0xB5, 0xBF, 0xB1, 0xB2, 0xB5, 0xBF, 0xB1, 0xB2, 0xB5, 0xBF,
  0xB1, 0xB2, 0xB5, 0xBF, 0xB1, 0xB2, 0xB5, 0xBF, 0xB1, 0xB2, 0xB5, 0xBF, 0xB1, 0xB2, 0xB5, 0xBF, 0xB1, 0xB2, 0xB5, 0xBF, 0xB1, 0xB2, 0xB5, 0xBF, 0xB1, 0xB2, 0xB5, 0xBF, 0xB1, 0xB2, 0xB5, 0xBF,
  0xB1, 0xB2, 0xB5, 0xBF, 0xB1, 0xB2, 0xB5, 0xBF, 0xB1, 0xB2, 0xB5, 0xBF, 0xB1, 0xB2, 0xB5, 0xBF, 0xB1, 0xB2, 0xB5, 0xBF, 0xB1, 0xB2, 0xB5, 0xBF, 0xB1, 0xB2, 0xB5, 0xBF, 0xB1, 0xB2, 0xB5, 0xBF,
  0xB1, 0xB2, 0xB5, 0xBF, 0xB1, 0xB2, 0xB5, 0xBF, 0xB1, 0xB2, 0xB5, 0xBF, 0xB1, 0xB2, 0xB5, 0xBF, 0xB1, 0xB2, 0xB5, 0xBF, 0xB1, 0xB2, 0xB5, 0xBF, 0xB1, 0xB2, 0xB5, 0xBF, 0xB1, 0xB2, 0xB5, 0xBF,
  0xB1, 0xB2, 0xB5, 0xBF, 0xB1, 0xB2, 0xB5, 0xBF, 0xB1, 0xB2, 0xB5, 0xBF, 0xB1, 0xB2, 0xB5, 0xBF, 0xB1, 0xB2, 0xB5, 0xBF, 0xB1, 0xB2, 0xB5, 0xBF, 0xB1, 0xB2, 0xB5, 0xBF, 0xB1, 0xB2, 0xB5, 0xBF,
  0xB1, 0xB2, 0xB5, 0xBF, 0xB1, 0xB2, 0xB5, 0xBF, 0xB1, 0xB2, 0xB5, 0xBF, 0xB1, 0xB2, 0xB5, 0xBF, 0xB1, 0xB2, 0xB5, 0xBF, 0xB1, 0xB2, 0xB5, 0xBF, 0xB1, 0xB2, 0xB5, 0xBF, 0xB1, 0xB2, 0xB5, 0xBF,
  0xB1, 0xB2, 0xB5, 0xBF, 0xB1, 0xB2, 0xB5, 0xBF, 0xB1, 0xB2, 0xB5, 0xBF, 0xB1, 0xB2, 0xB5, 0xBF, 0xB1, 0xB2, 0xB5, 0xBF, 0xB1, 0xB2, 0xB5, 0xBF, 0xB1, 0xB2, 0xB5, 0xBF, 0xB1, 0xB2, 0xB5, 0xBF,
  0xB1, 0xB2, 0xB5, 0xBF, 0xB1, 0xB2, 0xB5, 0xBF, 0xB1, 0xB2, 0xB5, 0xBF, 0xB1, 0xB2, 0xB5, 0xBF, 0xB1, 0xB2, 0xB5, 0xBF, 0x00, 0x00, 0x00, 0xFF, 0x00, 0x00, 0x00, 0xFF, 0x00, 0x00, 0x00, 0xFF,
  0x00, 0x00, 0x00, 0x00, 0x00, 0x00, 0x00, 0x00, 0x00, 0x00, 0x00, 0xFF, 0xB1, 0xB2, 0xB5, 0xBF, 0xB1, 0xB2, 0xB5, 0xBF, 0xB1, 0xB2, 0xB5, 0xBF, 0xB1, 0xB2, 0xB5, 0xBF, 0xB1, 0xB2, 0xB5, 0xBF,
  0xB1, 0xB2, 0xB5, 0xBF, 0xB1, 0xB2, 0xB5, 0xBF, 0xB1, 0xB2, 0xB5, 0xBF, 0xB1, 0xB2, 0xB5, 0xBF, 0xB1, 0xB2, 0xB5, 0xBF, 0xB1, 0xB2, 0xB5, 0xBF, 0xB1, 0xB2, 0xB5, 0xBF, 0xB1, 0xB2, 0xB5, 0xBF,
  0xB1, 0xB2, 0xB5, 0xBF, 0xB1, 0xB2, 0xB5, 0xBF, 0xB1, 0xB2, 0xB5, 0xBF, 0xB1, 0xB2, 0xB5, 0xBF, 0xB1, 0xB2, 0xB5, 0xBF, 0xB1, 0xB2, 0xB5, 0xBF, 0xB1, 0xB2, 0xB5, 0xBF, 0xB1, 0xB2, 0xB5, 0xBF,
  0xB1, 0xB2, 0xB5, 0xBF, 0xB1, 0xB2, 0xB5, 0xBF, 0xB1, 0xB2, 0xB5, 0xBF, 0xB1, 0xB2, 0xB5, 0xBF, 0xB1, 0xB2, 0xB5, 0xBF, 0xB1, 0xB2, 0xB5, 0xBF, 0xB1, 0xB2, 0xB5, 0xBF, 0xB1, 0xB2, 0xB5, 0xBF,
  0xB1, 0xB2, 0xB5, 0xBF, 0xB1, 0xB2, 0xB5, 0xBF, 0xB1, 0xB2, 0xB5, 0xBF, 0xB1, 0xB2, 0xB5, 0xBF, 0xB1, 0xB2, 0xB5, 0xBF, 0xB1, 0xB2, 0xB5, 0xBF, 0xB1, 0xB2, 0xB5, 0xBF, 0xB1, 0xB2, 0xB5, 0xBF,
  0xB1, 0xB2, 0xB5, 0xBF, 0xB1, 0xB2, 0xB5, 0xBF, 0xB1, 0xB2, 0xB5, 0xBF, 0xB1, 0xB2, 0xB5, 0xBF, 0xB1, 0xB2, 0xB5, 0xBF, 0xB1, 0xB2, 0xB5, 0xBF, 0xB1, 0xB2, 0xB5, 0xBF, 0xB1, 0xB2, 0xB5, 0xBF,
  0xB1, 0xB2, 0xB5, 0xBF, 0xB1, 0xB2, 0xB5, 0xBF, 0xB1, 0xB2, 0xB5, 0xBF, 0xB1, 0xB2, 0xB5, 0xBF, 0xB1, 0xB2, 0xB5, 0xBF, 0xB1, 0xB2, 0xB5, 0xBF, 0xB1, 0xB2, 0xB5, 0xBF, 0xB1, 0xB2, 0xB5, 0xBF,
  0xB1, 0xB2, 0xB5, 0xBF, 0xB1, 0xB2, 0xB5, 0xBF, 0xB1, 0xB2, 0xB5, 0xBF, 0xB1, 0xB2, 0xB5, 0xBF, 0xB1, 0xB2, 0xB5, 0xBF, 0x00, 0x00, 0x00, 0xFF, 0x00, 0x00, 0x00, 0x00, 0x00, 0x00, 0x00, 0x00,
  0x00, 0x00, 0x00, 0x00, 0x00, 0x00, 0x00, 0x00, 0x00, 0x00, 0x00, 0xFF, 0x00, 0x00, 0x00, 0xFF, 0x00, 0x00, 0x00, 0xFF, 0x00, 0x00, 0x00, 0xFF, 0x00, 0x00, 0x00, 0xFF, 0x00, 0x00, 0x00, 0xFF,
  0x00, 0x00, 0x00, 0xFF, 0x00, 0x00, 0x00, 0xFF, 0x00, 0x00, 0x00, 0xFF, 0x00, 0x00, 0x00, 0xFF, 0x00, 0x00, 0x00, 0xFF, 0x00, 0x00, 0x00, 0xFF, 0x00, 0x00, 0x00, 0xFF, 0x00, 0x00, 0x00, 0xFF,
  0x00, 0x00, 0x00, 0xFF, 0x00, 0x00, 0x00, 0xFF, 0x00, 0x00, 0x00, 0xFF, 0x00, 0x00, 0x00, 0xFF, 0x00, 0x00, 0x00, 0xFF, 0x00, 0x00, 0x00, 0xFF, 0x00, 0x00, 0x00, 0xFF, 0x00, 0x00, 0x00, 0xFF,
  0x00, 0x00, 0x00, 0xFF, 0x00, 0x00, 0x00, 0xFF, 0x00, 0x00, 0x00, 0xFF, 0x00, 0x00, 0x00, 0xFF, 0x00, 0x00, 0x00, 0xFF, 0x00, 0x00, 0x00, 0xFF, 0x00, 0x00, 0x00, 0xFF, 0x00, 0x00, 0x00, 0xFF,
  0x00, 0x00, 0x00, 0xFF, 0x00, 0x00, 0x00, 0xFF, 0x00, 0x00, 0x00, 0xFF, 0x00, 0x00, 0x00, 0xFF, 0x00, 0x00, 0x00, 0xFF, 0x00, 0x00, 0x00, 0xFF, 0x00, 0x00, 0x00, 0xFF, 0x00, 0x00, 0x00, 0xFF,
  0x00, 0x00, 0x00, 0xFF, 0x00, 0x00, 0x00, 0xFF, 0x00, 0x00, 0x00, 0xFF, 0x00, 0x00, 0x00, 0xFF, 0x00, 0x00, 0x00, 0xFF, 0x00, 0x00, 0x00, 0xFF, 0x00, 0x00, 0x00, 0xFF, 0x00, 0x00, 0x00, 0xFF,
  0x00, 0x00, 0x00, 0xFF, 0x00, 0x00, 0x00, 0xFF, 0x00, 0x00, 0x00, 0xFF, 0x00, 0x00, 0x00, 0xFF, 0x00, 0x00, 0x00, 0xFF, 0x00, 0x00, 0x00, 0xFF, 0x00, 0x00, 0x00, 0xFF, 0x00, 0x00, 0x00, 0xFF,
  0x00, 0x00, 0x00, 0xFF, 0x00, 0x00, 0x00, 0xFF, 0x00, 0x00, 0x00, 0xFF, 0x00, 0x00, 0x00, 0xFF, 0x00, 0x00, 0x00, 0xFF, 0x00, 0x00, 0x00, 0xFF, 0x00, 0x00, 0x00, 0x00, 0x00, 0x00, 0x00, 0x00,
};
static const NcControlRgba nc_ctrl_rgba_joystick_frame = { nc_rgba_joystick_frame, 64, 64 };

static const unsigned char nc_rgba_joystick_knob[] = {
  0xFF, 0xFF, 0xFF, 0x00, 0x00, 0x00, 0x00, 0xFF, 0x00, 0x00, 0x00, 0xFF, 0x00, 0x00, 0x00, 0xFF, 0x00, 0x00, 0x00, 0xFF, 0x00, 0x00, 0x00, 0xFF, 0x00, 0x00, 0x00, 0xFF, 0x00, 0x00, 0x00, 0xFF,
  0x00, 0x00, 0x00, 0xFF, 0x00, 0x00, 0x00, 0xFF, 0x00, 0x00, 0x00, 0xFF, 0x00, 0x00, 0x00, 0xFF, 0x00, 0x00, 0x00, 0xFF, 0x00, 0x00, 0x00, 0xFF, 0x00, 0x00, 0x00, 0xFF, 0x00, 0x00, 0x00, 0xFF,
  0x00, 0x00, 0x00, 0xFF, 0x00, 0x00, 0x00, 0xFF, 0x00, 0x00, 0x00, 0xFF, 0x00, 0x00, 0x00, 0xFF, 0x00, 0x00, 0x00, 0xFF, 0x00, 0x00, 0x00, 0xFF, 0x00, 0x00, 0x00, 0xFF, 0x00, 0x00, 0x00, 0xFF,
  0x00, 0x00, 0x00, 0xFF, 0x00, 0x00, 0x00, 0xFF, 0x00, 0x00, 0x00, 0xFF, 0x00, 0x00, 0x00, 0xFF, 0x00, 0x00, 0x00, 0xFF, 0x00, 0x00, 0x00, 0xFF, 0x00, 0x00, 0x00, 0xFF, 0xFF, 0xFF, 0xFF, 0x00,
  0x00, 0x00, 0x00, 0xFF, 0x00, 0x00, 0x00, 0xFF, 0x68, 0x68, 0x68, 0xFF, 0x68, 0x68, 0x68, 0xFF, 0x68, 0x68, 0x68, 0xFF, 0x68, 0x68, 0x68, 0xFF, 0x68, 0x68, 0x68, 0xFF, 0x68, 0x68, 0x68, 0xFF,
  0x68, 0x68, 0x68, 0xFF, 0x68, 0x68, 0x68, 0xFF, 0x68, 0x68, 0x68, 0xFF, 0x68, 0x68, 0x68, 0xFF, 0x68, 0x68, 0x68, 0xFF, 0x68, 0x68, 0x68, 0xFF, 0x68, 0x68, 0x68, 0xFF, 0x68, 0x68, 0x68, 0xFF,
  0x68, 0x68, 0x68, 0xFF, 0x68, 0x68, 0x68, 0xFF, 0x68, 0x68, 0x68, 0xFF, 0x68, 0x68, 0x68, 0xFF, 0x68, 0x68, 0x68, 0xFF, 0x68, 0x68, 0x68, 0xFF, 0x68, 0x68, 0x68, 0xFF, 0x68, 0x68, 0x68, 0xFF,
  0x68, 0x68, 0x68, 0xFF, 0x68, 0x68, 0x68, 0xFF, 0x68, 0x68, 0x68, 0xFF, 0x68, 0x68, 0x68, 0xFF, 0x68, 0x68, 0x68, 0xFF, 0x68, 0x68, 0x68, 0xFF, 0x00, 0x00, 0x00, 0xFF, 0x00, 0x00, 0x00, 0xFF,
  0x00, 0x00, 0x00, 0xFF, 0x68, 0x68, 0x68, 0xFF, 0x68, 0x68, 0x68, 0xFF, 0x68, 0x68, 0x68, 0xFF, 0x68, 0x68, 0x68, 0xFF, 0x68, 0x68, 0x68, 0xFF, 0x68, 0x68, 0x68, 0xFF, 0x68, 0x68, 0x68, 0xFF,
  0x68, 0x68, 0x68, 0xFF, 0x68, 0x68, 0x68, 0xFF, 0x68, 0x68, 0x68, 0xFF, 0x68, 0x68, 0x68, 0xFF, 0x68, 0x68, 0x68, 0xFF, 0x68, 0x68, 0x68, 0xFF, 0x68, 0x68, 0x68, 0xFF, 0x68, 0x68, 0x68, 0xFF,
  0x68, 0x68, 0x68, 0xFF, 0x68, 0x68, 0x68, 0xFF, 0x68, 0x68, 0x68, 0xFF, 0x68, 0x68, 0x68, 0xFF, 0x68, 0x68, 0x68, 0xFF, 0x68, 0x68, 0x68, 0xFF, 0x68, 0x68, 0x68, 0xFF, 0x68, 0x68, 0x68, 0xFF,
  0x68, 0x68, 0x68, 0xFF, 0x68, 0x68, 0x68, 0xFF, 0x68, 0x68, 0x68, 0xFF, 0x68, 0x68, 0x68, 0xFF, 0x68, 0x68, 0x68, 0xFF, 0x68, 0x68, 0x68, 0xFF, 0x68, 0x68, 0x68, 0xFF, 0x00, 0x00, 0x00, 0xFF,
  0x00, 0x00, 0x00, 0xFF, 0x68, 0x68, 0x68, 0xFF, 0x68, 0x68, 0x68, 0xFF, 0x68, 0x68, 0x68, 0xFF, 0x80, 0x80, 0x80, 0xFF, 0x80, 0x80, 0x80, 0xFF, 0x80, 0x80, 0x80, 0xFF, 0x80, 0x80, 0x80, 0xFF,
  0x80, 0x80, 0x80, 0xFF, 0x80, 0x80, 0x80, 0xFF, 0x80, 0x80, 0x80, 0xFF, 0x80, 0x80, 0x80, 0xFF, 0x80, 0x80, 0x80, 0xFF, 0x80, 0x80, 0x80, 0xFF, 0x80, 0x80, 0x80, 0xFF, 0x80, 0x80, 0x80, 0xFF,
  0x80, 0x80, 0x80, 0xFF, 0x80, 0x80, 0x80, 0xFF, 0x80, 0x80, 0x80, 0xFF, 0x80, 0x80, 0x80, 0xFF, 0x80, 0x80, 0x80, 0xFF, 0x80, 0x80, 0x80, 0xFF, 0x80, 0x80, 0x80, 0xFF, 0x80, 0x80, 0x80, 0xFF,
  0x80, 0x80, 0x80, 0xFF, 0x80, 0x80, 0x80, 0xFF, 0x80, 0x80, 0x80, 0xFF, 0x80, 0x80, 0x80, 0xFF, 0x68, 0x68, 0x68, 0xFF, 0x68, 0x68, 0x68, 0xFF, 0x68, 0x68, 0x68, 0xFF, 0x00, 0x00, 0x00, 0xFF,
  0x00, 0x00, 0x00, 0xFF, 0x68, 0x68, 0x68, 0xFF, 0x68, 0x68, 0x68, 0xFF, 0x80, 0x80, 0x80, 0xFF, 0x80, 0x80, 0x80, 0xFF, 0x80, 0x80, 0x80, 0xFF, 0x80, 0x80, 0x80, 0xFF, 0x80, 0x80, 0x80, 0xFF,
  0x80, 0x80, 0x80, 0xFF, 0x80, 0x80, 0x80, 0xFF, 0x80, 0x80, 0x80, 0xFF, 0x80, 0x80, 0x80, 0xFF, 0x80, 0x80, 0x80, 0xFF, 0x80, 0x80, 0x80, 0xFF, 0x80, 0x80, 0x80, 0xFF, 0x80, 0x80, 0x80, 0xFF,
  0x80, 0x80, 0x80, 0xFF, 0x80, 0x80, 0x80, 0xFF, 0x80, 0x80, 0x80, 0xFF, 0x80, 0x80, 0x80, 0xFF, 0x80, 0x80, 0x80, 0xFF, 0x80, 0x80, 0x80, 0xFF, 0x80, 0x80, 0x80, 0xFF, 0x80, 0x80, 0x80, 0xFF,
  0x80, 0x80, 0x80, 0xFF, 0x80, 0x80, 0x80, 0xFF, 0x80, 0x80, 0x80, 0xFF, 0x80, 0x80, 0x80, 0xFF, 0x80, 0x80, 0x80, 0xFF, 0x68, 0x68, 0x68, 0xFF, 0x68, 0x68, 0x68, 0xFF, 0x00, 0x00, 0x00, 0xFF,
  0x00, 0x00, 0x00, 0xFF, 0x68, 0x68, 0x68, 0xFF, 0x68, 0x68, 0x68, 0xFF, 0x80, 0x80, 0x80, 0xFF, 0x80, 0x80, 0x80, 0xFF, 0x80, 0x80, 0x80, 0xFF, 0x80, 0x80, 0x80, 0xFF, 0x80, 0x80, 0x80, 0xFF,
  0x80, 0x80, 0x80, 0xFF, 0x80, 0x80, 0x80, 0xFF, 0x80, 0x80, 0x80, 0xFF, 0x80, 0x80, 0x80, 0xFF, 0x80, 0x80, 0x80, 0xFF, 0x80, 0x80, 0x80, 0xFF, 0x80, 0x80, 0x80, 0xFF, 0x80, 0x80, 0x80, 0xFF,
  0x80, 0x80, 0x80, 0xFF, 0x80, 0x80, 0x80, 0xFF, 0x80, 0x80, 0x80, 0xFF, 0x80, 0x80, 0x80, 0xFF, 0x80, 0x80, 0x80, 0xFF, 0x80, 0x80, 0x80, 0xFF, 0x80, 0x80, 0x80, 0xFF, 0x80, 0x80, 0x80, 0xFF,
  0x80, 0x80, 0x80, 0xFF, 0x80, 0x80, 0x80, 0xFF, 0x80, 0x80, 0x80, 0xFF, 0x80, 0x80, 0x80, 0xFF, 0x80, 0x80, 0x80, 0xFF, 0x68, 0x68, 0x68, 0xFF, 0x68, 0x68, 0x68, 0xFF, 0x00, 0x00, 0x00, 0xFF,
  0x00, 0x00, 0x00, 0xFF, 0x68, 0x68, 0x68, 0xFF, 0x68, 0x68, 0x68, 0xFF, 0x80, 0x80, 0x80, 0xFF, 0x80, 0x80, 0x80, 0xFF, 0x80, 0x80, 0x80, 0xFF, 0x80, 0x80, 0x80, 0xFF, 0x80, 0x80, 0x80, 0xFF,
  0x80, 0x80, 0x80, 0xFF, 0x80, 0x80, 0x80, 0xFF, 0x80, 0x80, 0x80, 0xFF, 0x80, 0x80, 0x80, 0xFF, 0x80, 0x80, 0x80, 0xFF, 0x80, 0x80, 0x80, 0xFF, 0x80, 0x80, 0x80, 0xFF, 0x80, 0x80, 0x80, 0xFF,
  0x80, 0x80, 0x80, 0xFF, 0x80, 0x80, 0x80, 0xFF, 0x80, 0x80, 0x80, 0xFF, 0x80, 0x80, 0x80, 0xFF, 0x80, 0x80, 0x80, 0xFF, 0x80, 0x80, 0x80, 0xFF, 0x80, 0x80, 0x80, 0xFF, 0x80, 0x80, 0x80, 0xFF,
  0x80, 0x80, 0x80, 0xFF, 0x80, 0x80, 0x80, 0xFF, 0x80, 0x80, 0x80, 0xFF, 0x80, 0x80, 0x80, 0xFF, 0x80, 0x80, 0x80, 0xFF, 0x68, 0x68, 0x68, 0xFF, 0x68, 0x68, 0x68, 0xFF, 0x00, 0x00, 0x00, 0xFF,
  0x00, 0x00, 0x00, 0xFF, 0x68, 0x68, 0x68, 0xFF, 0x68, 0x68, 0x68, 0xFF, 0x80, 0x80, 0x80, 0xFF, 0x80, 0x80, 0x80, 0xFF, 0x80, 0x80, 0x80, 0xFF, 0x80, 0x80, 0x80, 0xFF, 0x80, 0x80, 0x80, 0xFF,
  0x80, 0x80, 0x80, 0xFF, 0x80, 0x80, 0x80, 0xFF, 0x80, 0x80, 0x80, 0xFF, 0x80, 0x80, 0x80, 0xFF, 0x80, 0x80, 0x80, 0xFF, 0x80, 0x80, 0x80, 0xFF, 0x80, 0x80, 0x80, 0xFF, 0x80, 0x80, 0x80, 0xFF,
  0x80, 0x80, 0x80, 0xFF, 0x80, 0x80, 0x80, 0xFF, 0x80, 0x80, 0x80, 0xFF, 0x80, 0x80, 0x80, 0xFF, 0x80, 0x80, 0x80, 0xFF, 0x80, 0x80, 0x80, 0xFF, 0x80, 0x80, 0x80, 0xFF, 0x80, 0x80, 0x80, 0xFF,
  0x80, 0x80, 0x80, 0xFF, 0x80, 0x80, 0x80, 0xFF, 0x80, 0x80, 0x80, 0xFF, 0x80, 0x80, 0x80, 0xFF, 0x80, 0x80, 0x80, 0xFF, 0x68, 0x68, 0x68, 0xFF, 0x68, 0x68, 0x68, 0xFF, 0x00, 0x00, 0x00, 0xFF,
  0x00, 0x00, 0x00, 0xFF, 0x68, 0x68, 0x68, 0xFF, 0x68, 0x68, 0x68, 0xFF, 0x80, 0x80, 0x80, 0xFF, 0x80, 0x80, 0x80, 0xFF, 0x80, 0x80, 0x80, 0xFF, 0x80, 0x80, 0x80, 0xFF, 0x80, 0x80, 0x80, 0xFF,
  0x80, 0x80, 0x80, 0xFF, 0x80, 0x80, 0x80, 0xFF, 0x80, 0x80, 0x80, 0xFF, 0x80, 0x80, 0x80, 0xFF, 0x80, 0x80, 0x80, 0xFF, 0x80, 0x80, 0x80, 0xFF, 0x80, 0x80, 0x80, 0xFF, 0x80, 0x80, 0x80, 0xFF,
  0x80, 0x80, 0x80, 0xFF, 0x80, 0x80, 0x80, 0xFF, 0x80, 0x80, 0x80, 0xFF, 0x80, 0x80, 0x80, 0xFF, 0x80, 0x80, 0x80, 0xFF, 0x80, 0x80, 0x80, 0xFF, 0x80, 0x80, 0x80, 0xFF, 0x80, 0x80, 0x80, 0xFF,
  0x80, 0x80, 0x80, 0xFF, 0x80, 0x80, 0x80, 0xFF, 0x80, 0x80, 0x80, 0xFF, 0x80, 0x80, 0x80, 0xFF, 0x80, 0x80, 0x80, 0xFF, 0x68, 0x68, 0x68, 0xFF, 0x68, 0x68, 0x68, 0xFF, 0x00, 0x00, 0x00, 0xFF,
  0x00, 0x00, 0x00, 0xFF, 0x68, 0x68, 0x68, 0xFF, 0x68, 0x68, 0x68, 0xFF, 0x80, 0x80, 0x80, 0xFF, 0x80, 0x80, 0x80, 0xFF, 0x80, 0x80, 0x80, 0xFF, 0x80, 0x80, 0x80, 0xFF, 0x80, 0x80, 0x80, 0xFF,
  0x80, 0x80, 0x80, 0xFF, 0x80, 0x80, 0x80, 0xFF, 0x80, 0x80, 0x80, 0xFF, 0x80, 0x80, 0x80, 0xFF, 0x80, 0x80, 0x80, 0xFF, 0x80, 0x80, 0x80, 0xFF, 0x80, 0x80, 0x80, 0xFF, 0x80, 0x80, 0x80, 0xFF,
  0x80, 0x80, 0x80, 0xFF, 0x80, 0x80, 0x80, 0xFF, 0x80, 0x80, 0x80, 0xFF, 0x80, 0x80, 0x80, 0xFF, 0x80, 0x80, 0x80, 0xFF, 0x80, 0x80, 0x80, 0xFF, 0x80, 0x80, 0x80, 0xFF, 0x80, 0x80, 0x80, 0xFF,
  0x80, 0x80, 0x80, 0xFF, 0x80, 0x80, 0x80, 0xFF, 0x80, 0x80, 0x80, 0xFF, 0x80, 0x80, 0x80, 0xFF, 0x80, 0x80, 0x80, 0xFF, 0x68, 0x68, 0x68, 0xFF, 0x68, 0x68, 0x68, 0xFF, 0x00, 0x00, 0x00, 0xFF,
  0x00, 0x00, 0x00, 0xFF, 0x68, 0x68, 0x68, 0xFF, 0x68, 0x68, 0x68, 0xFF, 0x80, 0x80, 0x80, 0xFF, 0x80, 0x80, 0x80, 0xFF, 0x80, 0x80, 0x80, 0xFF, 0x80, 0x80, 0x80, 0xFF, 0x80, 0x80, 0x80, 0xFF,
  0x80, 0x80, 0x80, 0xFF, 0x80, 0x80, 0x80, 0xFF, 0x80, 0x80, 0x80, 0xFF, 0x80, 0x80, 0x80, 0xFF, 0x80, 0x80, 0x80, 0xFF, 0x80, 0x80, 0x80, 0xFF, 0x80, 0x80, 0x80, 0xFF, 0x80, 0x80, 0x80, 0xFF,
  0x80, 0x80, 0x80, 0xFF, 0x80, 0x80, 0x80, 0xFF, 0x80, 0x80, 0x80, 0xFF, 0x80, 0x80, 0x80, 0xFF, 0x80, 0x80, 0x80, 0xFF, 0x80, 0x80, 0x80, 0xFF, 0x80, 0x80, 0x80, 0xFF, 0x80, 0x80, 0x80, 0xFF,
  0x80, 0x80, 0x80, 0xFF, 0x80, 0x80, 0x80, 0xFF, 0x80, 0x80, 0x80, 0xFF, 0x80, 0x80, 0x80, 0xFF, 0x80, 0x80, 0x80, 0xFF, 0x68, 0x68, 0x68, 0xFF, 0x68, 0x68, 0x68, 0xFF, 0x00, 0x00, 0x00, 0xFF,
  0x00, 0x00, 0x00, 0xFF, 0x68, 0x68, 0x68, 0xFF, 0x68, 0x68, 0x68, 0xFF, 0x80, 0x80, 0x80, 0xFF, 0x80, 0x80, 0x80, 0xFF, 0x80, 0x80, 0x80, 0xFF, 0x80, 0x80, 0x80, 0xFF, 0x80, 0x80, 0x80, 0xFF,
  0x80, 0x80, 0x80, 0xFF, 0x80, 0x80, 0x80, 0xFF, 0x80, 0x80, 0x80, 0xFF, 0x80, 0x80, 0x80, 0xFF, 0x80, 0x80, 0x80, 0xFF, 0x80, 0x80, 0x80, 0xFF, 0x80, 0x80, 0x80, 0xFF, 0x80, 0x80, 0x80, 0xFF,
  0x80, 0x80, 0x80, 0xFF, 0x80, 0x80, 0x80, 0xFF, 0x80, 0x80, 0x80, 0xFF, 0x80, 0x80, 0x80, 0xFF, 0x80, 0x80, 0x80, 0xFF, 0x80, 0x80, 0x80, 0xFF, 0x80, 0x80, 0x80, 0xFF, 0x80, 0x80, 0x80, 0xFF,
  0x80, 0x80, 0x80, 0xFF, 0x80, 0x80, 0x80, 0xFF, 0x80, 0x80, 0x80, 0xFF, 0x80, 0x80, 0x80, 0xFF, 0x80, 0x80, 0x80, 0xFF, 0x68, 0x68, 0x68, 0xFF, 0x68, 0x68, 0x68, 0xFF, 0x00, 0x00, 0x00, 0xFF,
  0x00, 0x00, 0x00, 0xFF, 0x68, 0x68, 0x68, 0xFF, 0x68, 0x68, 0x68, 0xFF, 0x80, 0x80, 0x80, 0xFF, 0x80, 0x80, 0x80, 0xFF, 0x80, 0x80, 0x80, 0xFF, 0x80, 0x80, 0x80, 0xFF, 0x80, 0x80, 0x80, 0xFF,
  0x80, 0x80, 0x80, 0xFF, 0x80, 0x80, 0x80, 0xFF, 0x80, 0x80, 0x80, 0xFF, 0x80, 0x80, 0x80, 0xFF, 0x80, 0x80, 0x80, 0xFF, 0x80, 0x80, 0x80, 0xFF, 0x80, 0x80, 0x80, 0xFF, 0x80, 0x80, 0x80, 0xFF,
  0x80, 0x80, 0x80, 0xFF, 0x80, 0x80, 0x80, 0xFF, 0x80, 0x80, 0x80, 0xFF, 0x80, 0x80, 0x80, 0xFF, 0x80, 0x80, 0x80, 0xFF, 0x80, 0x80, 0x80, 0xFF, 0x80, 0x80, 0x80, 0xFF, 0x80, 0x80, 0x80, 0xFF,
  0x80, 0x80, 0x80, 0xFF, 0x80, 0x80, 0x80, 0xFF, 0x80, 0x80, 0x80, 0xFF, 0x80, 0x80, 0x80, 0xFF, 0x80, 0x80, 0x80, 0xFF, 0x68, 0x68, 0x68, 0xFF, 0x68, 0x68, 0x68, 0xFF, 0x00, 0x00, 0x00, 0xFF,
  0x00, 0x00, 0x00, 0xFF, 0x68, 0x68, 0x68, 0xFF, 0x68, 0x68, 0x68, 0xFF, 0x80, 0x80, 0x80, 0xFF, 0x80, 0x80, 0x80, 0xFF, 0x80, 0x80, 0x80, 0xFF, 0x80, 0x80, 0x80, 0xFF, 0x80, 0x80, 0x80, 0xFF,
  0x80, 0x80, 0x80, 0xFF, 0x80, 0x80, 0x80, 0xFF, 0x80, 0x80, 0x80, 0xFF, 0x80, 0x80, 0x80, 0xFF, 0x80, 0x80, 0x80, 0xFF, 0x80, 0x80, 0x80, 0xFF, 0x80, 0x80, 0x80, 0xFF, 0x80, 0x80, 0x80, 0xFF,
  0x80, 0x80, 0x80, 0xFF, 0x80, 0x80, 0x80, 0xFF, 0x80, 0x80, 0x80, 0xFF, 0x80, 0x80, 0x80, 0xFF, 0x80, 0x80, 0x80, 0xFF, 0x80, 0x80, 0x80, 0xFF, 0x80, 0x80, 0x80, 0xFF, 0x80, 0x80, 0x80, 0xFF,
  0x80, 0x80, 0x80, 0xFF, 0x80, 0x80, 0x80, 0xFF, 0x80, 0x80, 0x80, 0xFF, 0x80, 0x80, 0x80, 0xFF, 0x80, 0x80, 0x80, 0xFF, 0x68, 0x68, 0x68, 0xFF, 0x68, 0x68, 0x68, 0xFF, 0x00, 0x00, 0x00, 0xFF,
  0x00, 0x00, 0x00, 0xFF, 0x68, 0x68, 0x68, 0xFF, 0x68, 0x68, 0x68, 0xFF, 0x80, 0x80, 0x80, 0xFF, 0x80, 0x80, 0x80, 0xFF, 0x80, 0x80, 0x80, 0xFF, 0x80, 0x80, 0x80, 0xFF, 0x80, 0x80, 0x80, 0xFF,
  0x80, 0x80, 0x80, 0xFF, 0x80, 0x80, 0x80, 0xFF, 0x80, 0x80, 0x80, 0xFF, 0x80, 0x80, 0x80, 0xFF, 0x80, 0x80, 0x80, 0xFF, 0x80, 0x80, 0x80, 0xFF, 0x80, 0x80, 0x80, 0xFF, 0x80, 0x80, 0x80, 0xFF,
  0x80, 0x80, 0x80, 0xFF, 0x80, 0x80, 0x80, 0xFF, 0x80, 0x80, 0x80, 0xFF, 0x80, 0x80, 0x80, 0xFF, 0x80, 0x80, 0x80, 0xFF, 0x80, 0x80, 0x80, 0xFF, 0x80, 0x80, 0x80, 0xFF, 0x80, 0x80, 0x80, 0xFF,
  0x80, 0x80, 0x80, 0xFF, 0x80, 0x80, 0x80, 0xFF, 0x80, 0x80, 0x80, 0xFF, 0x80, 0x80, 0x80, 0xFF, 0x80, 0x80, 0x80, 0xFF, 0x68, 0x68, 0x68, 0xFF, 0x68, 0x68, 0x68, 0xFF, 0x00, 0x00, 0x00, 0xFF,
  0x00, 0x00, 0x00, 0xFF, 0x68, 0x68, 0x68, 0xFF, 0x68, 0x68, 0x68, 0xFF, 0x80, 0x80, 0x80, 0xFF, 0x80, 0x80, 0x80, 0xFF, 0x80, 0x80, 0x80, 0xFF, 0x80, 0x80, 0x80, 0xFF, 0x80, 0x80, 0x80, 0xFF,
  0x80, 0x80, 0x80, 0xFF, 0x80, 0x80, 0x80, 0xFF, 0x80, 0x80, 0x80, 0xFF, 0x80, 0x80, 0x80, 0xFF, 0x80, 0x80, 0x80, 0xFF, 0x80, 0x80, 0x80, 0xFF, 0x80, 0x80, 0x80, 0xFF, 0x80, 0x80, 0x80, 0xFF,
  0x80, 0x80, 0x80, 0xFF, 0x80, 0x80, 0x80, 0xFF, 0x80, 0x80, 0x80, 0xFF, 0x80, 0x80, 0x80, 0xFF, 0x80, 0x80, 0x80, 0xFF, 0x80, 0x80, 0x80, 0xFF, 0x80, 0x80, 0x80, 0xFF, 0x80, 0x80, 0x80, 0xFF,
  0x80, 0x80, 0x80, 0xFF, 0x80, 0x80, 0x80, 0xFF, 0x80, 0x80, 0x80, 0xFF, 0x80, 0x80, 0x80, 0xFF, 0x80, 0x80, 0x80, 0xFF, 0x68, 0x68, 0x68, 0xFF, 0x68, 0x68, 0x68, 0xFF, 0x00, 0x00, 0x00, 0xFF,
  0x00, 0x00, 0x00, 0xFF, 0x68, 0x68, 0x68, 0xFF, 0x68, 0x68, 0x68, 0xFF, 0x80, 0x80, 0x80, 0xFF, 0x80, 0x80, 0x80, 0xFF, 0x80, 0x80, 0x80, 0xFF, 0x80, 0x80, 0x80, 0xFF, 0x80, 0x80, 0x80, 0xFF,
  0x80, 0x80, 0x80, 0xFF, 0x80, 0x80, 0x80, 0xFF, 0x80, 0x80, 0x80, 0xFF, 0x80, 0x80, 0x80, 0xFF, 0x80, 0x80, 0x80, 0xFF, 0x80, 0x80, 0x80, 0xFF, 0x80, 0x80, 0x80, 0xFF, 0x80, 0x80, 0x80, 0xFF,
  0x80, 0x80, 0x80, 0xFF, 0x80, 0x80, 0x80, 0xFF, 0x80, 0x80, 0x80, 0xFF, 0x80, 0x80, 0x80, 0xFF, 0x80, 0x80, 0x80, 0xFF, 0x80, 0x80, 0x80, 0xFF, 0x80, 0x80, 0x80, 0xFF, 0x80, 0x80, 0x80, 0xFF,
  0x80, 0x80, 0x80, 0xFF, 0x80, 0x80, 0x80, 0xFF, 0x80, 0x80, 0x80, 0xFF, 0x80, 0x80, 0x80, 0xFF, 0x80, 0x80, 0x80, 0xFF, 0x68, 0x68, 0x68, 0xFF, 0x68, 0x68, 0x68, 0xFF, 0x00, 0x00, 0x00, 0xFF,
  0x00, 0x00, 0x00, 0xFF, 0x68, 0x68, 0x68, 0xFF, 0x68, 0x68, 0x68, 0xFF, 0x80, 0x80, 0x80, 0xFF, 0x80, 0x80, 0x80, 0xFF, 0x80, 0x80, 0x80, 0xFF, 0x80, 0x80, 0x80, 0xFF, 0x80, 0x80, 0x80, 0xFF,
  0x80, 0x80, 0x80, 0xFF, 0x80, 0x80, 0x80, 0xFF, 0x80, 0x80, 0x80, 0xFF, 0x80, 0x80, 0x80, 0xFF, 0x80, 0x80, 0x80, 0xFF, 0x80, 0x80, 0x80, 0xFF, 0x80, 0x80, 0x80, 0xFF, 0x80, 0x80, 0x80, 0xFF,
  0x80, 0x80, 0x80, 0xFF, 0x80, 0x80, 0x80, 0xFF, 0x80, 0x80, 0x80, 0xFF, 0x80, 0x80, 0x80, 0xFF, 0x80, 0x80, 0x80, 0xFF, 0x80, 0x80, 0x80, 0xFF, 0x80, 0x80, 0x80, 0xFF, 0x80, 0x80, 0x80, 0xFF,
  0x80, 0x80, 0x80, 0xFF, 0x80, 0x80, 0x80, 0xFF, 0x80, 0x80, 0x80, 0xFF, 0x80, 0x80, 0x80, 0xFF, 0x80, 0x80, 0x80, 0xFF, 0x68, 0x68, 0x68, 0xFF, 0x68, 0x68, 0x68, 0xFF, 0x00, 0x00, 0x00, 0xFF,
  0x00, 0x00, 0x00, 0xFF, 0x68, 0x68, 0x68, 0xFF, 0x68, 0x68, 0x68, 0xFF, 0x80, 0x80, 0x80, 0xFF, 0x80, 0x80, 0x80, 0xFF, 0x80, 0x80, 0x80, 0xFF, 0x80, 0x80, 0x80, 0xFF, 0x80, 0x80, 0x80, 0xFF,
  0x80, 0x80, 0x80, 0xFF, 0x80, 0x80, 0x80, 0xFF, 0x80, 0x80, 0x80, 0xFF, 0x80, 0x80, 0x80, 0xFF, 0x80, 0x80, 0x80, 0xFF, 0x80, 0x80, 0x80, 0xFF, 0x80, 0x80, 0x80, 0xFF, 0x80, 0x80, 0x80, 0xFF,
  0x80, 0x80, 0x80, 0xFF, 0x80, 0x80, 0x80, 0xFF, 0x80, 0x80, 0x80, 0xFF, 0x80, 0x80, 0x80, 0xFF, 0x80, 0x80, 0x80, 0xFF, 0x80, 0x80, 0x80, 0xFF, 0x80, 0x80, 0x80, 0xFF, 0x80, 0x80, 0x80, 0xFF,
  0x80, 0x80, 0x80, 0xFF, 0x80, 0x80, 0x80, 0xFF, 0x80, 0x80, 0x80, 0xFF, 0x80, 0x80, 0x80, 0xFF, 0x80, 0x80, 0x80, 0xFF, 0x68, 0x68, 0x68, 0xFF, 0x68, 0x68, 0x68, 0xFF, 0x00, 0x00, 0x00, 0xFF,
  0x00, 0x00, 0x00, 0xFF, 0x68, 0x68, 0x68, 0xFF, 0x68, 0x68, 0x68, 0xFF, 0x80, 0x80, 0x80, 0xFF, 0x80, 0x80, 0x80, 0xFF, 0x80, 0x80, 0x80, 0xFF, 0x80, 0x80, 0x80, 0xFF, 0x80, 0x80, 0x80, 0xFF,
  0x80, 0x80, 0x80, 0xFF, 0x80, 0x80, 0x80, 0xFF, 0x80, 0x80, 0x80, 0xFF, 0x80, 0x80, 0x80, 0xFF, 0x80, 0x80, 0x80, 0xFF, 0x80, 0x80, 0x80, 0xFF, 0x80, 0x80, 0x80, 0xFF, 0x80, 0x80, 0x80, 0xFF,
  0x80, 0x80, 0x80, 0xFF, 0x80, 0x80, 0x80, 0xFF, 0x80, 0x80, 0x80, 0xFF, 0x80, 0x80, 0x80, 0xFF, 0x80, 0x80, 0x80, 0xFF, 0x80, 0x80, 0x80, 0xFF, 0x80, 0x80, 0x80, 0xFF, 0x80, 0x80, 0x80, 0xFF,
  0x80, 0x80, 0x80, 0xFF, 0x80, 0x80, 0x80, 0xFF, 0x80, 0x80, 0x80, 0xFF, 0x80, 0x80, 0x80, 0xFF, 0x80, 0x80, 0x80, 0xFF, 0x68, 0x68, 0x68, 0xFF, 0x68, 0x68, 0x68, 0xFF, 0x00, 0x00, 0x00, 0xFF,
  0x00, 0x00, 0x00, 0xFF, 0x68, 0x68, 0x68, 0xFF, 0x68, 0x68, 0x68, 0xFF, 0x80, 0x80, 0x80, 0xFF, 0x80, 0x80, 0x80, 0xFF, 0x80, 0x80, 0x80, 0xFF, 0x80, 0x80, 0x80, 0xFF, 0x80, 0x80, 0x80, 0xFF,
  0x80, 0x80, 0x80, 0xFF, 0x80, 0x80, 0x80, 0xFF, 0x80, 0x80, 0x80, 0xFF, 0x80, 0x80, 0x80, 0xFF, 0x80, 0x80, 0x80, 0xFF, 0x80, 0x80, 0x80, 0xFF, 0x80, 0x80, 0x80, 0xFF, 0x80, 0x80, 0x80, 0xFF,
  0x80, 0x80, 0x80, 0xFF, 0x80, 0x80, 0x80, 0xFF, 0x80, 0x80, 0x80, 0xFF, 0x80, 0x80, 0x80, 0xFF, 0x80, 0x80, 0x80, 0xFF, 0x80, 0x80, 0x80, 0xFF, 0x80, 0x80, 0x80, 0xFF, 0x80, 0x80, 0x80, 0xFF,
  0x80, 0x80, 0x80, 0xFF, 0x80, 0x80, 0x80, 0xFF, 0x80, 0x80, 0x80, 0xFF, 0x80, 0x80, 0x80, 0xFF, 0x80, 0x80, 0x80, 0xFF, 0x68, 0x68, 0x68, 0xFF, 0x68, 0x68, 0x68, 0xFF, 0x00, 0x00, 0x00, 0xFF,
  0x00, 0x00, 0x00, 0xFF, 0x68, 0x68, 0x68, 0xFF, 0x68, 0x68, 0x68, 0xFF, 0x80, 0x80, 0x80, 0xFF, 0x80, 0x80, 0x80, 0xFF, 0x80, 0x80, 0x80, 0xFF, 0x80, 0x80, 0x80, 0xFF, 0x80, 0x80, 0x80, 0xFF,
  0x80, 0x80, 0x80, 0xFF, 0x80, 0x80, 0x80, 0xFF, 0x80, 0x80, 0x80, 0xFF, 0x80, 0x80, 0x80, 0xFF, 0x80, 0x80, 0x80, 0xFF, 0x80, 0x80, 0x80, 0xFF, 0x80, 0x80, 0x80, 0xFF, 0x80, 0x80, 0x80, 0xFF,
  0x80, 0x80, 0x80, 0xFF, 0x80, 0x80, 0x80, 0xFF, 0x80, 0x80, 0x80, 0xFF, 0x80, 0x80, 0x80, 0xFF, 0x80, 0x80, 0x80, 0xFF, 0x80, 0x80, 0x80, 0xFF, 0x80, 0x80, 0x80, 0xFF, 0x80, 0x80, 0x80, 0xFF,
  0x80, 0x80, 0x80, 0xFF, 0x80, 0x80, 0x80, 0xFF, 0x80, 0x80, 0x80, 0xFF, 0x80, 0x80, 0x80, 0xFF, 0x80, 0x80, 0x80, 0xFF, 0x68, 0x68, 0x68, 0xFF, 0x68, 0x68, 0x68, 0xFF, 0x00, 0x00, 0x00, 0xFF,
  0x00, 0x00, 0x00, 0xFF, 0x68, 0x68, 0x68, 0xFF, 0x68, 0x68, 0x68, 0xFF, 0x80, 0x80, 0x80, 0xFF, 0x80, 0x80, 0x80, 0xFF, 0x80, 0x80, 0x80, 0xFF, 0x80, 0x80, 0x80, 0xFF, 0x80, 0x80, 0x80, 0xFF,
  0x80, 0x80, 0x80, 0xFF, 0x80, 0x80, 0x80, 0xFF, 0x80, 0x80, 0x80, 0xFF, 0x80, 0x80, 0x80, 0xFF, 0x80, 0x80, 0x80, 0xFF, 0x80, 0x80, 0x80, 0xFF, 0x80, 0x80, 0x80, 0xFF, 0x80, 0x80, 0x80, 0xFF,
  0x80, 0x80, 0x80, 0xFF, 0x80, 0x80, 0x80, 0xFF, 0x80, 0x80, 0x80, 0xFF, 0x80, 0x80, 0x80, 0xFF, 0x80, 0x80, 0x80, 0xFF, 0x80, 0x80, 0x80, 0xFF, 0x80, 0x80, 0x80, 0xFF, 0x80, 0x80, 0x80, 0xFF,
  0x80, 0x80, 0x80, 0xFF, 0x80, 0x80, 0x80, 0xFF, 0x80, 0x80, 0x80, 0xFF, 0x80, 0x80, 0x80, 0xFF, 0x80, 0x80, 0x80, 0xFF, 0x68, 0x68, 0x68, 0xFF, 0x68, 0x68, 0x68, 0xFF, 0x00, 0x00, 0x00, 0xFF,
  0x00, 0x00, 0x00, 0xFF, 0x68, 0x68, 0x68, 0xFF, 0x68, 0x68, 0x68, 0xFF, 0x80, 0x80, 0x80, 0xFF, 0x80, 0x80, 0x80, 0xFF, 0x80, 0x80, 0x80, 0xFF, 0x80, 0x80, 0x80, 0xFF, 0x80, 0x80, 0x80, 0xFF,
  0x80, 0x80, 0x80, 0xFF, 0x80, 0x80, 0x80, 0xFF, 0x80, 0x80, 0x80, 0xFF, 0x80, 0x80, 0x80, 0xFF, 0x80, 0x80, 0x80, 0xFF, 0x80, 0x80, 0x80, 0xFF, 0x80, 0x80, 0x80, 0xFF, 0x80, 0x80, 0x80, 0xFF,
  0x80, 0x80, 0x80, 0xFF, 0x80, 0x80, 0x80, 0xFF, 0x80, 0x80, 0x80, 0xFF, 0x80, 0x80, 0x80, 0xFF, 0x80, 0x80, 0x80, 0xFF, 0x80, 0x80, 0x80, 0xFF, 0x80, 0x80, 0x80, 0xFF, 0x80, 0x80, 0x80, 0xFF,
  0x80, 0x80, 0x80, 0xFF, 0x80, 0x80, 0x80, 0xFF, 0x80, 0x80, 0x80, 0xFF, 0x80, 0x80, 0x80, 0xFF, 0x80, 0x80, 0x80, 0xFF, 0x68, 0x68, 0x68, 0xFF, 0x68, 0x68, 0x68, 0xFF, 0x00, 0x00, 0x00, 0xFF,
  0x00, 0x00, 0x00, 0xFF, 0x68, 0x68, 0x68, 0xFF, 0x68, 0x68, 0x68, 0xFF, 0x80, 0x80, 0x80, 0xFF, 0x80, 0x80, 0x80, 0xFF, 0x80, 0x80, 0x80, 0xFF, 0x80, 0x80, 0x80, 0xFF, 0x80, 0x80, 0x80, 0xFF,
  0x80, 0x80, 0x80, 0xFF, 0x80, 0x80, 0x80, 0xFF, 0x80, 0x80, 0x80, 0xFF, 0x80, 0x80, 0x80, 0xFF, 0x80, 0x80, 0x80, 0xFF, 0x80, 0x80, 0x80, 0xFF, 0x80, 0x80, 0x80, 0xFF, 0x80, 0x80, 0x80, 0xFF,
  0x80, 0x80, 0x80, 0xFF, 0x80, 0x80, 0x80, 0xFF, 0x80, 0x80, 0x80, 0xFF, 0x80, 0x80, 0x80, 0xFF, 0x80, 0x80, 0x80, 0xFF, 0x80, 0x80, 0x80, 0xFF, 0x80, 0x80, 0x80, 0xFF, 0x80, 0x80, 0x80, 0xFF,
  0x80, 0x80, 0x80, 0xFF, 0x80, 0x80, 0x80, 0xFF, 0x80, 0x80, 0x80, 0xFF, 0x80, 0x80, 0x80, 0xFF, 0x80, 0x80, 0x80, 0xFF, 0x68, 0x68, 0x68, 0xFF, 0x68, 0x68, 0x68, 0xFF, 0x00, 0x00, 0x00, 0xFF,
  0x00, 0x00, 0x00, 0xFF, 0x68, 0x68, 0x68, 0xFF, 0x68, 0x68, 0x68, 0xFF, 0x80, 0x80, 0x80, 0xFF, 0x80, 0x80, 0x80, 0xFF, 0x80, 0x80, 0x80, 0xFF, 0x80, 0x80, 0x80, 0xFF, 0x80, 0x80, 0x80, 0xFF,
  0x80, 0x80, 0x80, 0xFF, 0x80, 0x80, 0x80, 0xFF, 0x80, 0x80, 0x80, 0xFF, 0x80, 0x80, 0x80, 0xFF, 0x80, 0x80, 0x80, 0xFF, 0x80, 0x80, 0x80, 0xFF, 0x80, 0x80, 0x80, 0xFF, 0x80, 0x80, 0x80, 0xFF,
  0x80, 0x80, 0x80, 0xFF, 0x80, 0x80, 0x80, 0xFF, 0x80, 0x80, 0x80, 0xFF, 0x80, 0x80, 0x80, 0xFF, 0x80, 0x80, 0x80, 0xFF, 0x80, 0x80, 0x80, 0xFF, 0x80, 0x80, 0x80, 0xFF, 0x80, 0x80, 0x80, 0xFF,
  0x80, 0x80, 0x80, 0xFF, 0x80, 0x80, 0x80, 0xFF, 0x80, 0x80, 0x80, 0xFF, 0x80, 0x80, 0x80, 0xFF, 0x80, 0x80, 0x80, 0xFF, 0x68, 0x68, 0x68, 0xFF, 0x68, 0x68, 0x68, 0xFF, 0x00, 0x00, 0x00, 0xFF,
  0x00, 0x00, 0x00, 0xFF, 0x68, 0x68, 0x68, 0xFF, 0x68, 0x68, 0x68, 0xFF, 0x68, 0x68, 0x68, 0xFF, 0x80, 0x80, 0x80, 0xFF, 0x80, 0x80, 0x80, 0xFF, 0x80, 0x80, 0x80, 0xFF, 0x80, 0x80, 0x80, 0xFF,
  0x80, 0x80, 0x80, 0xFF, 0x80, 0x80, 0x80, 0xFF, 0x80, 0x80, 0x80, 0xFF, 0x80, 0x80, 0x80, 0xFF, 0x80, 0x80, 0x80, 0xFF, 0x80, 0x80, 0x80, 0xFF, 0x80, 0x80, 0x80, 0xFF, 0x80, 0x80, 0x80, 0xFF,
  0x80, 0x80, 0x80, 0xFF, 0x80, 0x80, 0x80, 0xFF, 0x80, 0x80, 0x80, 0xFF, 0x80, 0x80, 0x80, 0xFF, 0x80, 0x80, 0x80, 0xFF, 0x80, 0x80, 0x80, 0xFF, 0x80, 0x80, 0x80, 0xFF, 0x80, 0x80, 0x80, 0xFF,
  0x80, 0x80, 0x80, 0xFF, 0x80, 0x80, 0x80, 0xFF, 0x80, 0x80, 0x80, 0xFF, 0x80, 0x80, 0x80, 0xFF, 0x68, 0x68, 0x68, 0xFF, 0x68, 0x68, 0x68, 0xFF, 0x68, 0x68, 0x68, 0xFF, 0x00, 0x00, 0x00, 0xFF,
  0x00, 0x00, 0x00, 0xFF, 0x68, 0x68, 0x68, 0xFF, 0x68, 0x68, 0x68, 0xFF, 0x68, 0x68, 0x68, 0xFF, 0x68, 0x68, 0x68, 0xFF, 0x68, 0x68, 0x68, 0xFF, 0x68, 0x68, 0x68, 0xFF, 0x68, 0x68, 0x68, 0xFF,
  0x68, 0x68, 0x68, 0xFF, 0x68, 0x68, 0x68, 0xFF, 0x68, 0x68, 0x68, 0xFF, 0x68, 0x68, 0x68, 0xFF, 0x68, 0x68, 0x68, 0xFF, 0x68, 0x68, 0x68, 0xFF, 0x68, 0x68, 0x68, 0xFF, 0x68, 0x68, 0x68, 0xFF,
  0x68, 0x68, 0x68, 0xFF, 0x68, 0x68, 0x68, 0xFF, 0x68, 0x68, 0x68, 0xFF, 0x68, 0x68, 0x68, 0xFF, 0x68, 0x68, 0x68, 0xFF, 0x68, 0x68, 0x68, 0xFF, 0x68, 0x68, 0x68, 0xFF, 0x68, 0x68, 0x68, 0xFF,
  0x68, 0x68, 0x68, 0xFF, 0x68, 0x68, 0x68, 0xFF, 0x68, 0x68, 0x68, 0xFF, 0x68, 0x68, 0x68, 0xFF, 0x68, 0x68, 0x68, 0xFF, 0x68, 0x68, 0x68, 0xFF, 0x68, 0x68, 0x68, 0xFF, 0x00, 0x00, 0x00, 0xFF,
  0x00, 0x00, 0x00, 0xFF, 0x50, 0x50, 0x51, 0xFF, 0x68, 0x68, 0x68, 0xFF, 0x68, 0x68, 0x68, 0xFF, 0x68, 0x68, 0x68, 0xFF, 0x68, 0x68, 0x68, 0xFF, 0x68, 0x68, 0x68, 0xFF, 0x68, 0x68, 0x68, 0xFF,
  0x68, 0x68, 0x68, 0xFF, 0x68, 0x68, 0x68, 0xFF, 0x68, 0x68, 0x68, 0xFF, 0x68, 0x68, 0x68, 0xFF, 0x68, 0x68, 0x68, 0xFF, 0x68, 0x68, 0x68, 0xFF, 0x68, 0x68, 0x68, 0xFF, 0x68, 0x68, 0x68, 0xFF,
  0x68, 0x68, 0x68, 0xFF, 0x68, 0x68, 0x68, 0xFF, 0x68, 0x68, 0x68, 0xFF, 0x68, 0x68, 0x68, 0xFF, 0x68, 0x68, 0x68, 0xFF, 0x68, 0x68, 0x68, 0xFF, 0x68, 0x68, 0x68, 0xFF, 0x68, 0x68, 0x68, 0xFF,
  0x68, 0x68, 0x68, 0xFF, 0x68, 0x68, 0x68, 0xFF, 0x68, 0x68, 0x68, 0xFF, 0x68, 0x68, 0x68, 0xFF, 0x68, 0x68, 0x68, 0xFF, 0x68, 0x68, 0x68, 0xFF, 0x12, 0x12, 0x13, 0xFF, 0x00, 0x00, 0x00, 0xFF,
  0x00, 0x00, 0x00, 0xFF, 0x50, 0x50, 0x51, 0xFF, 0x39, 0x39, 0x3C, 0xFF, 0x39, 0x39, 0x3C, 0xFF, 0x39, 0x39, 0x3C, 0xFF, 0x39, 0x39, 0x3C, 0xFF, 0x39, 0x39, 0x3C, 0xFF, 0x39, 0x39, 0x3C, 0xFF,
  0x39, 0x39, 0x3C, 0xFF, 0x39, 0x39, 0x3C, 0xFF, 0x39, 0x39, 0x3C, 0xFF, 0x39, 0x39, 0x3C, 0xFF, 0x39, 0x39, 0x3C, 0xFF, 0x39, 0x39, 0x3C, 0xFF, 0x39, 0x39, 0x3C, 0xFF, 0x39, 0x39, 0x3C, 0xFF,
  0x39, 0x39, 0x3C, 0xFF, 0x39, 0x39, 0x3C, 0xFF, 0x39, 0x39, 0x3C, 0xFF, 0x39, 0x39, 0x3C, 0xFF, 0x39, 0x39, 0x3C, 0xFF, 0x39, 0x39, 0x3C, 0xFF, 0x39, 0x39, 0x3C, 0xFF, 0x39, 0x39, 0x3C, 0xFF,
  0x39, 0x39, 0x3C, 0xFF, 0x39, 0x39, 0x3C, 0xFF, 0x39, 0x39, 0x3C, 0xFF, 0x39, 0x39, 0x3C, 0xFF, 0x39, 0x39, 0x3C, 0xFF, 0x39, 0x39, 0x3C, 0xFF, 0x12, 0x12, 0x13, 0xFF, 0x00, 0x00, 0x00, 0xFF,
  0x00, 0x00, 0x00, 0xFF, 0x00, 0x00, 0x00, 0xFF, 0x39, 0x39, 0x3C, 0xFF, 0x39, 0x39, 0x3C, 0xFF, 0x39, 0x39, 0x3C, 0xFF, 0x39, 0x39, 0x3C, 0xFF, 0x39, 0x39, 0x3C, 0xFF, 0x39, 0x39, 0x3C, 0xFF,
  0x39, 0x39, 0x3C, 0xFF, 0x39, 0x39, 0x3C, 0xFF, 0x39, 0x39, 0x3C, 0xFF, 0x39, 0x39, 0x3C, 0xFF, 0x39, 0x39, 0x3C, 0xFF, 0x39, 0x39, 0x3C, 0xFF, 0x39, 0x39, 0x3C, 0xFF, 0x39, 0x39, 0x3C, 0xFF,
  0x39, 0x39, 0x3C, 0xFF, 0x39, 0x39, 0x3C, 0xFF, 0x39, 0x39, 0x3C, 0xFF, 0x39, 0x39, 0x3C, 0xFF, 0x39, 0x39, 0x3C, 0xFF, 0x39, 0x39, 0x3C, 0xFF, 0x39, 0x39, 0x3C, 0xFF, 0x39, 0x39, 0x3C, 0xFF,
  0x39, 0x39, 0x3C, 0xFF, 0x39, 0x39, 0x3C, 0xFF, 0x39, 0x39, 0x3C, 0xFF, 0x39, 0x39, 0x3C, 0xFF, 0x39, 0x39, 0x3C, 0xFF, 0x39, 0x39, 0x3C, 0xFF, 0x00, 0x00, 0x00, 0xFF, 0x00, 0x00, 0x00, 0xFF,
  0xFF, 0xFF, 0xFF, 0x00, 0x00, 0x00, 0x00, 0xFF, 0x00, 0x00, 0x00, 0xFF, 0x00, 0x00, 0x00, 0xFF, 0x00, 0x00, 0x00, 0xFF, 0x00, 0x00, 0x00, 0xFF, 0x00, 0x00, 0x00, 0xFF, 0x00, 0x00, 0x00, 0xFF,
  0x00, 0x00, 0x00, 0xFF, 0x00, 0x00, 0x00, 0xFF, 0x00, 0x00, 0x00, 0xFF, 0x00, 0x00, 0x00, 0xFF, 0x00, 0x00, 0x00, 0xFF, 0x00, 0x00, 0x00, 0xFF, 0x00, 0x00, 0x00, 0xFF, 0x00, 0x00, 0x00, 0xFF,
  0x00, 0x00, 0x00, 0xFF, 0x00, 0x00, 0x00, 0xFF, 0x00, 0x00, 0x00, 0xFF, 0x00, 0x00, 0x00, 0xFF, 0x00, 0x00, 0x00, 0xFF, 0x00, 0x00, 0x00, 0xFF, 0x00, 0x00, 0x00, 0xFF, 0x00, 0x00, 0x00, 0xFF,
  0x00, 0x00, 0x00, 0xFF, 0x00, 0x00, 0x00, 0xFF, 0x00, 0x00, 0x00, 0xFF, 0x00, 0x00, 0x00, 0xFF, 0x00, 0x00, 0x00, 0xFF, 0x00, 0x00, 0x00, 0xFF, 0x00, 0x00, 0x00, 0xFF, 0xFF, 0xFF, 0xFF, 0x00,
};
static const NcControlRgba nc_ctrl_rgba_joystick_knob = { nc_rgba_joystick_knob, 32, 32 };

static const unsigned char nc_rgba_attack[] = {
  0xFF, 0xFF, 0xFF, 0x00, 0x00, 0x00, 0x00, 0xFF, 0x00, 0x00, 0x00, 0xFF, 0x00, 0x00, 0x00, 0xFF, 0x00, 0x00, 0x00, 0xFF, 0x00, 0x00, 0x00, 0xFF, 0x00, 0x00, 0x00, 0xFF, 0x00, 0x00, 0x00, 0xFF,
  0x00, 0x00, 0x00, 0xFF, 0x00, 0x00, 0x00, 0xFF, 0x00, 0x00, 0x00, 0xFF, 0x00, 0x00, 0x00, 0xFF, 0x00, 0x00, 0x00, 0xFF, 0x00, 0x00, 0x00, 0xFF, 0x00, 0x00, 0x00, 0xFF, 0x00, 0x00, 0x00, 0xFF,
  0x00, 0x00, 0x00, 0xFF, 0x00, 0x00, 0x00, 0xFF, 0x00, 0x00, 0x00, 0xFF, 0x00, 0x00, 0x00, 0xFF, 0x00, 0x00, 0x00, 0xFF, 0xFF, 0xFF, 0xFF, 0x00, 0x00, 0x00, 0x00, 0xFF, 0x00, 0x00, 0x00, 0xFF,
  0x68, 0x68, 0x68, 0xFF, 0x68, 0x68, 0x68, 0xFF, 0x68, 0x68, 0x68, 0xFF, 0x68, 0x68, 0x68, 0xFF, 0x68, 0x68, 0x68, 0xFF, 0x68, 0x68, 0x68, 0xFF, 0x68, 0x68, 0x68, 0xFF, 0x68, 0x68, 0x68, 0xFF,
  0x68, 0x68, 0x68, 0xFF, 0x68, 0x68, 0x68, 0xFF, 0x68, 0x68, 0x68, 0xFF, 0x68, 0x68, 0x68, 0xFF, 0x68, 0x68, 0x68, 0xFF, 0x68, 0x68, 0x68, 0xFF, 0x68, 0x68, 0x68, 0xFF, 0x68, 0x68, 0x68, 0xFF,
  0x68, 0x68, 0x68, 0xFF, 0x68, 0x68, 0x68, 0xFF, 0x00, 0x00, 0x00, 0xFF, 0x00, 0x00, 0x00, 0xFF, 0x00, 0x00, 0x00, 0xFF, 0x68, 0x68, 0x68, 0xFF, 0x68, 0x68, 0x68, 0xFF, 0x68, 0x68, 0x68, 0xFF,
  0x68, 0x68, 0x68, 0xFF, 0x68, 0x68, 0x68, 0xFF, 0x68, 0x68, 0x68, 0xFF, 0x68, 0x68, 0x68, 0xFF, 0x68, 0x68, 0x68, 0xFF, 0x68, 0x68, 0x68, 0xFF, 0x68, 0x68, 0x68, 0xFF, 0x68, 0x68, 0x68, 0xFF,
  0x68, 0x68, 0x68, 0xFF, 0x68, 0x68, 0x68, 0xFF, 0x68, 0x68, 0x68, 0xFF, 0x68, 0x68, 0x68, 0xFF, 0x68, 0x68, 0x68, 0xFF, 0x68, 0x68, 0x68, 0xFF, 0x68, 0x68, 0x68, 0xFF, 0x68, 0x68, 0x68, 0xFF,
  0x68, 0x68, 0x68, 0xFF, 0x00, 0x00, 0x00, 0xFF, 0x00, 0x00, 0x00, 0xFF, 0x68, 0x68, 0x68, 0xFF, 0x68, 0x68, 0x68, 0xFF, 0x68, 0x68, 0x68, 0xFF, 0x80, 0x80, 0x80, 0xFF, 0x80, 0x80, 0x80, 0xFF,
  0x80, 0x80, 0x80, 0xFF, 0x80, 0x80, 0x80, 0xFF, 0x80, 0x80, 0x80, 0xFF, 0x80, 0x80, 0x80, 0xFF, 0x80, 0x80, 0x80, 0xFF, 0x80, 0x80, 0x80, 0xFF, 0x80, 0x80, 0x80, 0xFF, 0x80, 0x80, 0x80, 0xFF,
  0x80, 0x80, 0x80, 0xFF, 0x00, 0x00, 0x00, 0xFF, 0x00, 0x00, 0x00, 0xFF, 0x00, 0x00, 0x00, 0xFF, 0x68, 0x68, 0x68, 0xFF, 0x68, 0x68, 0x68, 0xFF, 0x68, 0x68, 0x68, 0xFF, 0x00, 0x00, 0x00, 0xFF,
  0x00, 0x00, 0x00, 0xFF, 0x68, 0x68, 0x68, 0xFF, 0x68, 0x68, 0x68, 0xFF, 0x80, 0x80, 0x80, 0xFF, 0x80, 0x80, 0x80, 0xFF, 0x80, 0x80, 0x80, 0xFF, 0x80, 0x80, 0x80, 0xFF, 0x80, 0x80, 0x80, 0xFF,
  0x80, 0x80, 0x80, 0xFF, 0x80, 0x80, 0x80, 0xFF, 0x80, 0x80, 0x80, 0xFF, 0x80, 0x80, 0x80, 0xFF, 0x80, 0x80, 0x80, 0xFF, 0x80, 0x80, 0x80, 0xFF, 0x00, 0x00, 0x00, 0xFF, 0x00, 0x00, 0x00, 0xFF,
  0x00, 0x00, 0x00, 0xFF, 0x00, 0x00, 0x00, 0xFF, 0x80, 0x80, 0x80, 0xFF, 0x68, 0x68, 0x68, 0xFF, 0x68, 0x68, 0x68, 0xFF, 0x00, 0x00, 0x00, 0xFF, 0x00, 0x00, 0x00, 0xFF, 0x68, 0x68, 0x68, 0xFF,
  0x68, 0x68, 0x68, 0xFF, 0x80, 0x80, 0x80, 0xFF, 0x80, 0x80, 0x80, 0xFF, 0x80, 0x80, 0x80, 0xFF, 0x80, 0x80, 0x80, 0xFF, 0x80, 0x80, 0x80, 0xFF, 0x80, 0x80, 0x80, 0xFF, 0x80, 0x80, 0x80, 0xFF,
  0x80, 0x80, 0x80, 0xFF, 0x80, 0x80, 0x80, 0xFF, 0x80, 0x80, 0x80, 0xFF, 0x00, 0x00, 0x00, 0xFF, 0x00, 0x00, 0x00, 0xFF, 0x00, 0x00, 0x00, 0xFF, 0x00, 0x00, 0x00, 0xFF, 0x00, 0x00, 0x00, 0xFF,
  0x80, 0x80, 0x80, 0xFF, 0x68, 0x68, 0x68, 0xFF, 0x68, 0x68, 0x68, 0xFF, 0x00, 0x00, 0x00, 0xFF, 0x00, 0x00, 0x00, 0xFF, 0x68, 0x68, 0x68, 0xFF, 0x68, 0x68, 0x68, 0xFF, 0x80, 0x80, 0x80, 0xFF,
  0x80, 0x80, 0x80, 0xFF, 0x80, 0x80, 0x80, 0xFF, 0x80, 0x80, 0x80, 0xFF, 0x80, 0x80, 0x80, 0xFF, 0x80, 0x80, 0x80, 0xFF, 0x80, 0x80, 0x80, 0xFF, 0x80, 0x80, 0x80, 0xFF, 0x80, 0x80, 0x80, 0xFF,
  0x00, 0x00, 0x00, 0xFF, 0x00, 0x00, 0x00, 0xFF, 0x00, 0x00, 0x00, 0xFF, 0x00, 0x00, 0x00, 0xFF, 0x00, 0x00, 0x00, 0xFF, 0x80, 0x80, 0x80, 0xFF, 0x80, 0x80, 0x80, 0xFF, 0x68, 0x68, 0x68, 0xFF,
  0x68, 0x68, 0x68, 0xFF, 0x00, 0x00, 0x00, 0xFF, 0x00, 0x00, 0x00, 0xFF, 0x68, 0x68, 0x68, 0xFF, 0x68, 0x68, 0x68, 0xFF, 0x80, 0x80, 0x80, 0xFF, 0x80, 0x80, 0x80, 0xFF, 0x80, 0x80, 0x80, 0xFF,
  0x80, 0x80, 0x80, 0xFF, 0x80, 0x80, 0x80, 0xFF, 0x80, 0x80, 0x80, 0xFF, 0x80, 0x80, 0x80, 0xFF, 0x80, 0x80, 0x80, 0xFF, 0x00, 0x00, 0x00, 0xFF, 0x00, 0x00, 0x00, 0xFF, 0x00, 0x00, 0x00, 0xFF,
  0x00, 0x00, 0x00, 0xFF, 0x00, 0x00, 0x00, 0xFF, 0x80, 0x80, 0x80, 0xFF, 0x80, 0x80, 0x80, 0xFF, 0x80, 0x80, 0x80, 0xFF, 0x68, 0x68, 0x68, 0xFF, 0x68, 0x68, 0x68, 0xFF, 0x00, 0x00, 0x00, 0xFF,
  0x00, 0x00, 0x00, 0xFF, 0x68, 0x68, 0x68, 0xFF, 0x68, 0x68, 0x68, 0xFF, 0x80, 0x80, 0x80, 0xFF, 0x80, 0x80, 0x80, 0xFF, 0x00, 0x00, 0x00, 0xFF, 0x00, 0x00, 0x00, 0xFF, 0x80, 0x80, 0x80, 0xFF,
  0x80, 0x80, 0x80, 0xFF, 0x80, 0x80, 0x80, 0xFF, 0x00, 0x00, 0x00, 0xFF, 0x00, 0x00, 0x00, 0xFF, 0x00, 0x00, 0x00, 0xFF, 0x00, 0x00, 0x00, 0xFF, 0x00, 0x00, 0x00, 0xFF, 0x80, 0x80, 0x80, 0xFF,
  0x80, 0x80, 0x80, 0xFF, 0x80, 0x80, 0x80, 0xFF, 0x80, 0x80, 0x80, 0xFF, 0x68, 0x68, 0x68, 0xFF, 0x68, 0x68, 0x68, 0xFF, 0x00, 0x00, 0x00, 0xFF, 0x00, 0x00, 0x00, 0xFF, 0x68, 0x68, 0x68, 0xFF,
  0x68, 0x68, 0x68, 0xFF, 0x80, 0x80, 0x80, 0xFF, 0x80, 0x80, 0x80, 0xFF, 0x00, 0x00, 0x00, 0xFF, 0x00, 0x00, 0x00, 0xFF, 0x00, 0x00, 0x00, 0xFF, 0x80, 0x80, 0x80, 0xFF, 0x00, 0x00, 0x00, 0xFF,
  0x00, 0x00, 0x00, 0xFF, 0x00, 0x00, 0x00, 0xFF, 0x00, 0x00, 0x00, 0xFF, 0x00, 0x00, 0x00, 0xFF, 0x80, 0x80, 0x80, 0xFF, 0x80, 0x80, 0x80, 0xFF, 0x80, 0x80, 0x80, 0xFF, 0x80, 0x80, 0x80, 0xFF,
  0x80, 0x80, 0x80, 0xFF, 0x68, 0x68, 0x68, 0xFF, 0x68, 0x68, 0x68, 0xFF, 0x00, 0x00, 0x00, 0xFF, 0x00, 0x00, 0x00, 0xFF, 0x68, 0x68, 0x68, 0xFF, 0x68, 0x68, 0x68, 0xFF, 0x80, 0x80, 0x80, 0xFF,
  0x80, 0x80, 0x80, 0xFF, 0x80, 0x80, 0x80, 0xFF, 0x00, 0x00, 0x00, 0xFF, 0x00, 0x00, 0x00, 0xFF, 0x00, 0x00, 0x00, 0xFF, 0x00, 0x00, 0x00, 0xFF, 0x00, 0x00, 0x00, 0xFF, 0x00, 0x00, 0x00, 0xFF,
  0x00, 0x00, 0x00, 0xFF, 0x80, 0x80, 0x80, 0xFF, 0x80, 0x80, 0x80, 0xFF, 0x80, 0x80, 0x80, 0xFF, 0x80, 0x80, 0x80, 0xFF, 0x80, 0x80, 0x80, 0xFF, 0x80, 0x80, 0x80, 0xFF, 0x68, 0x68, 0x68, 0xFF,
  0x68, 0x68, 0x68, 0xFF, 0x00, 0x00, 0x00, 0xFF, 0x00, 0x00, 0x00, 0xFF, 0x68, 0x68, 0x68, 0xFF, 0x68, 0x68, 0x68, 0xFF, 0x80, 0x80, 0x80, 0xFF, 0x80, 0x80, 0x80, 0xFF, 0x80, 0x80, 0x80, 0xFF,
  0x00, 0x00, 0x00, 0xFF, 0x00, 0x00, 0x00, 0xFF, 0x00, 0x00, 0x00, 0xFF, 0x00, 0x00, 0x00, 0xFF, 0x00, 0x00, 0x00, 0xFF, 0x00, 0x00, 0x00, 0xFF, 0x80, 0x80, 0x80, 0xFF, 0x80, 0x80, 0x80, 0xFF,
  0x80, 0x80, 0x80, 0xFF, 0x80, 0x80, 0x80, 0xFF, 0x80, 0x80, 0x80, 0xFF, 0x80, 0x80, 0x80, 0xFF, 0x80, 0x80, 0x80, 0xFF, 0x68, 0x68, 0x68, 0xFF, 0x68, 0x68, 0x68, 0xFF, 0x00, 0x00, 0x00, 0xFF,
  0x00, 0x00, 0x00, 0xFF, 0x68, 0x68, 0x68, 0xFF, 0x68, 0x68, 0x68, 0xFF, 0x80, 0x80, 0x80, 0xFF, 0x80, 0x80, 0x80, 0xFF, 0x80, 0x80, 0x80, 0xFF, 0x80, 0x80, 0x80, 0xFF, 0x00, 0x00, 0x00, 0xFF,
  0x00, 0x00, 0x00, 0xFF, 0x00, 0x00, 0x00, 0xFF, 0x00, 0x00, 0x00, 0xFF, 0x80, 0x80, 0x80, 0xFF, 0x80, 0x80, 0x80, 0xFF, 0x80, 0x80, 0x80, 0xFF, 0x80, 0x80, 0x80, 0xFF, 0x80, 0x80, 0x80, 0xFF,
  0x80, 0x80, 0x80, 0xFF, 0x80, 0x80, 0x80, 0xFF, 0x80, 0x80, 0x80, 0xFF, 0x68, 0x68, 0x68, 0xFF, 0x68, 0x68, 0x68, 0xFF, 0x00, 0x00, 0x00, 0xFF, 0x00, 0x00, 0x00, 0xFF, 0x68, 0x68, 0x68, 0xFF,
  0x68, 0x68, 0x68, 0xFF, 0x80, 0x80, 0x80, 0xFF, 0x80, 0x80, 0x80, 0xFF, 0x80, 0x80, 0x80, 0xFF, 0x00, 0x00, 0x00, 0xFF, 0x00, 0x00, 0x00, 0xFF, 0x00, 0x00, 0x00, 0xFF, 0x00, 0x00, 0x00, 0xFF,
  0x00, 0x00, 0x00, 0xFF, 0x00, 0x00, 0x00, 0xFF, 0x80, 0x80, 0x80, 0xFF, 0x80, 0x80, 0x80, 0xFF, 0x80, 0x80, 0x80, 0xFF, 0x80, 0x80, 0x80, 0xFF, 0x80, 0x80, 0x80, 0xFF, 0x80, 0x80, 0x80, 0xFF,
  0x80, 0x80, 0x80, 0xFF, 0x68, 0x68, 0x68, 0xFF, 0x68, 0x68, 0x68, 0xFF, 0x00, 0x00, 0x00, 0xFF, 0x00, 0x00, 0x00, 0xFF, 0x68, 0x68, 0x68, 0xFF, 0x68, 0x68, 0x68, 0xFF, 0x80, 0x80, 0x80, 0xFF,
  0x00, 0x00, 0x00, 0xFF, 0x00, 0x00, 0x00, 0xFF, 0x00, 0x00, 0x00, 0xFF, 0x00, 0x00, 0x00, 0xFF, 0x80, 0x80, 0x80, 0xFF, 0x00, 0x00, 0x00, 0xFF, 0x00, 0x00, 0x00, 0xFF, 0x00, 0x00, 0x00, 0xFF,
  0x00, 0x00, 0x00, 0xFF, 0x80, 0x80, 0x80, 0xFF, 0x80, 0x80, 0x80, 0xFF, 0x80, 0x80, 0x80, 0xFF, 0x80, 0x80, 0x80, 0xFF, 0x80, 0x80, 0x80, 0xFF, 0x80, 0x80, 0x80, 0xFF, 0x68, 0x68, 0x68, 0xFF,
  0x68, 0x68, 0x68, 0xFF, 0x00, 0x00, 0x00, 0xFF, 0x00, 0x00, 0x00, 0xFF, 0x68, 0x68, 0x68, 0xFF, 0x68, 0x68, 0x68, 0xFF, 0x80, 0x80, 0x80, 0xFF, 0x00, 0x00, 0x00, 0xFF, 0x00, 0x00, 0x00, 0xFF,
  0x00, 0x00, 0x00, 0xFF, 0x80, 0x80, 0x80, 0xFF, 0x80, 0x80, 0x80, 0xFF, 0x80, 0x80, 0x80, 0xFF, 0x80, 0x80, 0x80, 0xFF, 0x00, 0x00, 0x00, 0xFF, 0x00, 0x00, 0x00, 0xFF, 0x80, 0x80, 0x80, 0xFF,
  0x80, 0x80, 0x80, 0xFF, 0x80, 0x80, 0x80, 0xFF, 0x80, 0x80, 0x80, 0xFF, 0x80, 0x80, 0x80, 0xFF, 0x80, 0x80, 0x80, 0xFF, 0x68, 0x68, 0x68, 0xFF, 0x68, 0x68, 0x68, 0xFF, 0x00, 0x00, 0x00, 0xFF,
  0x00, 0x00, 0x00, 0xFF, 0x68, 0x68, 0x68, 0xFF, 0x68, 0x68, 0x68, 0xFF, 0x68, 0x68, 0x68, 0xFF, 0x00, 0x00, 0x00, 0xFF, 0x00, 0x00, 0x00, 0xFF, 0x00, 0x00, 0x00, 0xFF, 0x80, 0x80, 0x80, 0xFF,
  0x80, 0x80, 0x80, 0xFF, 0x80, 0x80, 0x80, 0xFF, 0x80, 0x80, 0x80, 0xFF, 0x80, 0x80, 0x80, 0xFF, 0x80, 0x80, 0x80, 0xFF, 0x80, 0x80, 0x80, 0xFF, 0x80, 0x80, 0x80, 0xFF, 0x80, 0x80, 0x80, 0xFF,
  0x80, 0x80, 0x80, 0xFF, 0x80, 0x80, 0x80, 0xFF, 0x68, 0x68, 0x68, 0xFF, 0x68, 0x68, 0x68, 0xFF, 0x68, 0x68, 0x68, 0xFF, 0x00, 0x00, 0x00, 0xFF, 0x00, 0x00, 0x00, 0xFF, 0x68, 0x68, 0x68, 0xFF,
  0x68, 0x68, 0x68, 0xFF, 0x68, 0x68, 0x68, 0xFF, 0x68, 0x68, 0x68, 0xFF, 0x68, 0x68, 0x68, 0xFF, 0x68, 0x68, 0x68, 0xFF, 0x68, 0x68, 0x68, 0xFF, 0x68, 0x68, 0x68, 0xFF, 0x68, 0x68, 0x68, 0xFF,
  0x68, 0x68, 0x68, 0xFF, 0x68, 0x68, 0x68, 0xFF, 0x68, 0x68, 0x68, 0xFF, 0x68, 0x68, 0x68, 0xFF, 0x68, 0x68, 0x68, 0xFF, 0x68, 0x68, 0x68, 0xFF, 0x68, 0x68, 0x68, 0xFF, 0x68, 0x68, 0x68, 0xFF,
  0x68, 0x68, 0x68, 0xFF, 0x68, 0x68, 0x68, 0xFF, 0x68, 0x68, 0x68, 0xFF, 0x00, 0x00, 0x00, 0xFF, 0x00, 0x00, 0x00, 0xFF, 0x50, 0x50, 0x51, 0xFF, 0x68, 0x68, 0x68, 0xFF, 0x68, 0x68, 0x68, 0xFF,
  0x68, 0x68, 0x68, 0xFF, 0x68, 0x68, 0x68, 0xFF, 0x68, 0x68, 0x68, 0xFF, 0x68, 0x68, 0x68, 0xFF, 0x68, 0x68, 0x68, 0xFF, 0x68, 0x68, 0x68, 0xFF, 0x68, 0x68, 0x68, 0xFF, 0x68, 0x68, 0x68, 0xFF,
  0x68, 0x68, 0x68, 0xFF, 0x68, 0x68, 0x68, 0xFF, 0x68, 0x68, 0x68, 0xFF, 0x68, 0x68, 0x68, 0xFF, 0x68, 0x68, 0x68, 0xFF, 0x68, 0x68, 0x68, 0xFF, 0x68, 0x68, 0x68, 0xFF, 0x68, 0x68, 0x68, 0xFF,
  0x12, 0x12, 0x13, 0xFF, 0x00, 0x00, 0x00, 0xFF, 0x00, 0x00, 0x00, 0xFF, 0x50, 0x50, 0x51, 0xFF, 0x39, 0x39, 0x3C, 0xFF, 0x39, 0x39, 0x3C, 0xFF, 0x39, 0x39, 0x3C, 0xFF, 0x39, 0x39, 0x3C, 0xFF,
  0x39, 0x39, 0x3C, 0xFF, 0x39, 0x39, 0x3C, 0xFF, 0x39, 0x39, 0x3C, 0xFF, 0x39, 0x39, 0x3C, 0xFF, 0x39, 0x39, 0x3C, 0xFF, 0x39, 0x39, 0x3C, 0xFF, 0x39, 0x39, 0x3C, 0xFF, 0x39, 0x39, 0x3C, 0xFF,
  0x39, 0x39, 0x3C, 0xFF, 0x39, 0x39, 0x3C, 0xFF, 0x39, 0x39, 0x3C, 0xFF, 0x39, 0x39, 0x3C, 0xFF, 0x39, 0x39, 0x3C, 0xFF, 0x39, 0x39, 0x3C, 0xFF, 0x12, 0x12, 0x13, 0xFF, 0x00, 0x00, 0x00, 0xFF,
  0x00, 0x00, 0x00, 0xFF, 0x00, 0x00, 0x00, 0xFF, 0x39, 0x39, 0x3C, 0xFF, 0x39, 0x39, 0x3C, 0xFF, 0x39, 0x39, 0x3C, 0xFF, 0x39, 0x39, 0x3C, 0xFF, 0x39, 0x39, 0x3C, 0xFF, 0x39, 0x39, 0x3C, 0xFF,
  0x39, 0x39, 0x3C, 0xFF, 0x39, 0x39, 0x3C, 0xFF, 0x39, 0x39, 0x3C, 0xFF, 0x39, 0x39, 0x3C, 0xFF, 0x39, 0x39, 0x3C, 0xFF, 0x39, 0x39, 0x3C, 0xFF, 0x39, 0x39, 0x3C, 0xFF, 0x39, 0x39, 0x3C, 0xFF,
  0x39, 0x39, 0x3C, 0xFF, 0x39, 0x39, 0x3C, 0xFF, 0x39, 0x39, 0x3C, 0xFF, 0x39, 0x39, 0x3C, 0xFF, 0x00, 0x00, 0x00, 0xFF, 0x00, 0x00, 0x00, 0xFF, 0xFF, 0xFF, 0xFF, 0x00, 0x00, 0x00, 0x00, 0xFF,
  0x00, 0x00, 0x00, 0xFF, 0x00, 0x00, 0x00, 0xFF, 0x00, 0x00, 0x00, 0xFF, 0x00, 0x00, 0x00, 0xFF, 0x00, 0x00, 0x00, 0xFF, 0x00, 0x00, 0x00, 0xFF, 0x00, 0x00, 0x00, 0xFF, 0x00, 0x00, 0x00, 0xFF,
  0x00, 0x00, 0x00, 0xFF, 0x00, 0x00, 0x00, 0xFF, 0x00, 0x00, 0x00, 0xFF, 0x00, 0x00, 0x00, 0xFF, 0x00, 0x00, 0x00, 0xFF, 0x00, 0x00, 0x00, 0xFF, 0x00, 0x00, 0x00, 0xFF, 0x00, 0x00, 0x00, 0xFF,
  0x00, 0x00, 0x00, 0xFF, 0x00, 0x00, 0x00, 0xFF, 0x00, 0x00, 0x00, 0xFF, 0xFF, 0xFF, 0xFF, 0x00,
};
static const NcControlRgba nc_ctrl_rgba_attack = { nc_rgba_attack, 22, 22 };

static const unsigned char nc_rgba_attack_pressed[] = {
  0xFF, 0xFF, 0xFF, 0x00, 0xFF, 0xFF, 0xFF, 0x00, 0xFF, 0xFF, 0xFF, 0x00, 0xFF, 0xFF, 0xFF, 0x00, 0xFF, 0xFF, 0xFF, 0x00, 0xFF, 0xFF, 0xFF, 0x00, 0xFF, 0xFF, 0xFF, 0x00, 0xFF, 0xFF, 0xFF, 0x00,
  0xFF, 0xFF, 0xFF, 0x00, 0xFF, 0xFF, 0xFF, 0x00, 0xFF, 0xFF, 0xFF, 0x00, 0xFF, 0xFF, 0xFF, 0x00, 0xFF, 0xFF, 0xFF, 0x00, 0xFF, 0xFF, 0xFF, 0x00, 0xFF, 0xFF, 0xFF, 0x00, 0xFF, 0xFF, 0xFF, 0x00,
  0xFF, 0xFF, 0xFF, 0x00, 0xFF, 0xFF, 0xFF, 0x00, 0xFF, 0xFF, 0xFF, 0x00, 0xFF, 0xFF, 0xFF, 0x00, 0xFF, 0xFF, 0xFF, 0x00, 0xFF, 0xFF, 0xFF, 0x00, 0xFF, 0xFF, 0xFF, 0x00, 0x00, 0x00, 0x00, 0xFF,
  0x00, 0x00, 0x00, 0xFF, 0x00, 0x00, 0x00, 0xFF, 0x00, 0x00, 0x00, 0xFF, 0x00, 0x00, 0x00, 0xFF, 0x00, 0x00, 0x00, 0xFF, 0x00, 0x00, 0x00, 0xFF, 0x00, 0x00, 0x00, 0xFF, 0x00, 0x00, 0x00, 0xFF,
  0x00, 0x00, 0x00, 0xFF, 0x00, 0x00, 0x00, 0xFF, 0x00, 0x00, 0x00, 0xFF, 0x00, 0x00, 0x00, 0xFF, 0x00, 0x00, 0x00, 0xFF, 0x00, 0x00, 0x00, 0xFF, 0x00, 0x00, 0x00, 0xFF, 0x00, 0x00, 0x00, 0xFF,
  0x00, 0x00, 0x00, 0xFF, 0x00, 0x00, 0x00, 0xFF, 0x00, 0x00, 0x00, 0xFF, 0xFF, 0xFF, 0xFF, 0x00, 0x00, 0x00, 0x00, 0xFF, 0x00, 0x00, 0x00, 0xFF, 0xA8, 0xA8, 0xA8, 0xFF, 0xA8, 0xA8, 0xA8, 0xFF,
  0xA8, 0xA8, 0xA8, 0xFF, 0xA8, 0xA8, 0xA8, 0xFF, 0xA8, 0xA8, 0xA8, 0xFF, 0xA8, 0xA8, 0xA8, 0xFF, 0xA8, 0xA8, 0xA8, 0xFF, 0xA8, 0xA8, 0xA8, 0xFF, 0xA8, 0xA8, 0xA8, 0xFF, 0xA8, 0xA8, 0xA8, 0xFF,
  0xA8, 0xA8, 0xA8, 0xFF, 0xA8, 0xA8, 0xA8, 0xFF, 0xA8, 0xA8, 0xA8, 0xFF, 0xA8, 0xA8, 0xA8, 0xFF, 0xA8, 0xA8, 0xA8, 0xFF, 0xA8, 0xA8, 0xA8, 0xFF, 0xA8, 0xA8, 0xA8, 0xFF, 0xA8, 0xA8, 0xA8, 0xFF,
  0x00, 0x00, 0x00, 0xFF, 0x00, 0x00, 0x00, 0xFF, 0x00, 0x00, 0x00, 0xFF, 0xA8, 0xA8, 0xA8, 0xFF, 0xA8, 0xA8, 0xA8, 0xFF, 0xA8, 0xA8, 0xA8, 0xFF, 0xA8, 0xA8, 0xA8, 0xFF, 0xA8, 0xA8, 0xA8, 0xFF,
  0xA8, 0xA8, 0xA8, 0xFF, 0xA8, 0xA8, 0xA8, 0xFF, 0xA8, 0xA8, 0xA8, 0xFF, 0xA8, 0xA8, 0xA8, 0xFF, 0xA8, 0xA8, 0xA8, 0xFF, 0xA8, 0xA8, 0xA8, 0xFF, 0xA8, 0xA8, 0xA8, 0xFF, 0xA8, 0xA8, 0xA8, 0xFF,
  0xA8, 0xA8, 0xA8, 0xFF, 0xA8, 0xA8, 0xA8, 0xFF, 0xA8, 0xA8, 0xA8, 0xFF, 0xA8, 0xA8, 0xA8, 0xFF, 0xA8, 0xA8, 0xA8, 0xFF, 0xA8, 0xA8, 0xA8, 0xFF, 0xA8, 0xA8, 0xA8, 0xFF, 0x00, 0x00, 0x00, 0xFF,
  0x00, 0x00, 0x00, 0xFF, 0xA8, 0xA8, 0xA8, 0xFF, 0xA8, 0xA8, 0xA8, 0xFF, 0xA8, 0xA8, 0xA8, 0xFF, 0x80, 0x80, 0x80, 0xFF, 0x80, 0x80, 0x80, 0xFF, 0x80, 0x80, 0x80, 0xFF, 0x80, 0x80, 0x80, 0xFF,
  0x80, 0x80, 0x80, 0xFF, 0x80, 0x80, 0x80, 0xFF, 0x80, 0x80, 0x80, 0xFF, 0x80, 0x80, 0x80, 0xFF, 0x80, 0x80, 0x80, 0xFF, 0x80, 0x80, 0x80, 0xFF, 0x80, 0x80, 0x80, 0xFF, 0xE6, 0xE6, 0xE6, 0xFF,
  0xE6, 0xE6, 0xE6, 0xFF, 0xE6, 0xE6, 0xE6, 0xFF, 0xA8, 0xA8, 0xA8, 0xFF, 0xA8, 0xA8, 0xA8, 0xFF, 0xA8, 0xA8, 0xA8, 0xFF, 0x00, 0x00, 0x00, 0xFF, 0x00, 0x00, 0x00, 0xFF, 0xA8, 0xA8, 0xA8, 0xFF,
  0xA8, 0xA8, 0xA8, 0xFF, 0x80, 0x80, 0x80, 0xFF, 0x80, 0x80, 0x80, 0xFF, 0x80, 0x80, 0x80, 0xFF, 0x80, 0x80, 0x80, 0xFF, 0x80, 0x80, 0x80, 0xFF, 0x80, 0x80, 0x80, 0xFF, 0x80, 0x80, 0x80, 0xFF,
  0x80, 0x80, 0x80, 0xFF, 0x80, 0x80, 0x80, 0xFF, 0x80, 0x80, 0x80, 0xFF, 0x80, 0x80, 0x80, 0xFF, 0xE6, 0xE6, 0xE6, 0xFF, 0xE6, 0xE6, 0xE6, 0xFF, 0xE6, 0xE6, 0xE6, 0xFF, 0xE6, 0xE6, 0xE6, 0xFF,
  0x80, 0x80, 0x80, 0xFF, 0xA8, 0xA8, 0xA8, 0xFF, 0xA8, 0xA8, 0xA8, 0xFF, 0x00, 0x00, 0x00, 0xFF, 0x00, 0x00, 0x00, 0xFF, 0xA8, 0xA8, 0xA8, 0xFF, 0xA8, 0xA8, 0xA8, 0xFF, 0x80, 0x80, 0x80, 0xFF,
  0x80, 0x80, 0x80, 0xFF, 0x80, 0x80, 0x80, 0xFF, 0x80, 0x80, 0x80, 0xFF, 0x80, 0x80, 0x80, 0xFF, 0x80, 0x80, 0x80, 0xFF, 0x80, 0x80, 0x80, 0xFF, 0x80, 0x80, 0x80, 0xFF, 0x80, 0x80, 0x80, 0xFF,
  0x80, 0x80, 0x80, 0xFF, 0xE6, 0xE6, 0xE6, 0xFF, 0xE6, 0xE6, 0xE6, 0xFF, 0xE6, 0xE6, 0xE6, 0xFF, 0xE6, 0xE6, 0xE6, 0xFF, 0xE6, 0xE6, 0xE6, 0xFF, 0x80, 0x80, 0x80, 0xFF, 0xA8, 0xA8, 0xA8, 0xFF,
  0xA8, 0xA8, 0xA8, 0xFF, 0x00, 0x00, 0x00, 0xFF, 0x00, 0x00, 0x00, 0xFF, 0xA8, 0xA8, 0xA8, 0xFF, 0xA8, 0xA8, 0xA8, 0xFF, 0x80, 0x80, 0x80, 0xFF, 0x80, 0x80, 0x80, 0xFF, 0x80, 0x80, 0x80, 0xFF,
  0x80, 0x80, 0x80, 0xFF, 0x80, 0x80, 0x80, 0xFF, 0x80, 0x80, 0x80, 0xFF, 0x80, 0x80, 0x80, 0xFF, 0x80, 0x80, 0x80, 0xFF, 0x80, 0x80, 0x80, 0xFF, 0xE6, 0xE6, 0xE6, 0xFF, 0xE6, 0xE6, 0xE6, 0xFF,
  0xE6, 0xE6, 0xE6, 0xFF, 0xE6, 0xE6, 0xE6, 0xFF, 0xE6, 0xE6, 0xE6, 0xFF, 0x80, 0x80, 0x80, 0xFF, 0x80, 0x80, 0x80, 0xFF, 0xA8, 0xA8, 0xA8, 0xFF, 0xA8, 0xA8, 0xA8, 0xFF, 0x00, 0x00, 0x00, 0xFF,
  0x00, 0x00, 0x00, 0xFF, 0xA8, 0xA8, 0xA8, 0xFF, 0xA8, 0xA8, 0xA8, 0xFF, 0x80, 0x80, 0x80, 0xFF, 0x80, 0x80, 0x80, 0xFF, 0x80, 0x80, 0x80, 0xFF, 0x80, 0x80, 0x80, 0xFF, 0x80, 0x80, 0x80, 0xFF,
  0x80, 0x80, 0x80, 0xFF, 0x80, 0x80, 0x80, 0xFF, 0x80, 0x80, 0x80, 0xFF, 0xE6, 0xE6, 0xE6, 0xFF, 0xE6, 0xE6, 0xE6, 0xFF, 0xE6, 0xE6, 0xE6, 0xFF, 0xE6, 0xE6, 0xE6, 0xFF, 0xE6, 0xE6, 0xE6, 0xFF,
  0x80, 0x80, 0x80, 0xFF, 0x80, 0x80, 0x80, 0xFF, 0x80, 0x80, 0x80, 0xFF, 0xA8, 0xA8, 0xA8, 0xFF, 0xA8, 0xA8, 0xA8, 0xFF, 0x00, 0x00, 0x00, 0xFF, 0x00, 0x00, 0x00, 0xFF, 0xA8, 0xA8, 0xA8, 0xFF,
  0xA8, 0xA8, 0xA8, 0xFF, 0x80, 0x80, 0x80, 0xFF, 0x80, 0x80, 0x80, 0xFF, 0xE6, 0xE6, 0xE6, 0xFF, 0xE6, 0xE6, 0xE6, 0xFF, 0x80, 0x80, 0x80, 0xFF, 0x80, 0x80, 0x80, 0xFF, 0x80, 0x80, 0x80, 0xFF,
  0xE6, 0xE6, 0xE6, 0xFF, 0xE6, 0xE6, 0xE6, 0xFF, 0xE6, 0xE6, 0xE6, 0xFF, 0xE6, 0xE6, 0xE6, 0xFF, 0xE6, 0xE6, 0xE6, 0xFF, 0x80, 0x80, 0x80, 0xFF, 0x80, 0x80, 0x80, 0xFF, 0x80, 0x80, 0x80, 0xFF,
  0x80, 0x80, 0x80, 0xFF, 0xA8, 0xA8, 0xA8, 0xFF, 0xA8, 0xA8, 0xA8, 0xFF, 0x00, 0x00, 0x00, 0xFF, 0x00, 0x00, 0x00, 0xFF, 0xA8, 0xA8, 0xA8, 0xFF, 0xA8, 0xA8, 0xA8, 0xFF, 0x80, 0x80, 0x80, 0xFF,
  0x80, 0x80, 0x80, 0xFF, 0xE6, 0xE6, 0xE6, 0xFF, 0xE6, 0xE6, 0xE6, 0xFF, 0xE6, 0xE6, 0xE6, 0xFF, 0x80, 0x80, 0x80, 0xFF, 0xE6, 0xE6, 0xE6, 0xFF, 0xE6, 0xE6, 0xE6, 0xFF, 0xE6, 0xE6, 0xE6, 0xFF,
  0xE6, 0xE6, 0xE6, 0xFF, 0xE6, 0xE6, 0xE6, 0xFF, 0x80, 0x80, 0x80, 0xFF, 0x80, 0x80, 0x80, 0xFF, 0x80, 0x80, 0x80, 0xFF, 0x80, 0x80, 0x80, 0xFF, 0x80, 0x80, 0x80, 0xFF, 0xA8, 0xA8, 0xA8, 0xFF,
  0xA8, 0xA8, 0xA8, 0xFF, 0x00, 0x00, 0x00, 0xFF, 0x00, 0x00, 0x00, 0xFF, 0xA8, 0xA8, 0xA8, 0xFF, 0xA8, 0xA8, 0xA8, 0xFF, 0x80, 0x80, 0x80, 0xFF, 0x80, 0x80, 0x80, 0xFF, 0x80, 0x80, 0x80, 0xFF,
  0xE6, 0xE6, 0xE6, 0xFF, 0xE6, 0xE6, 0xE6, 0xFF, 0xE6, 0xE6, 0xE6, 0xFF, 0xE6, 0xE6, 0xE6, 0xFF, 0xE6, 0xE6, 0xE6, 0xFF, 0xE6, 0xE6, 0xE6, 0xFF, 0xE6, 0xE6, 0xE6, 0xFF, 0x80, 0x80, 0x80, 0xFF,
  0x80, 0x80, 0x80, 0xFF, 0x80, 0x80, 0x80, 0xFF, 0x80, 0x80, 0x80, 0xFF, 0x80, 0x80, 0x80, 0xFF, 0x80, 0x80, 0x80, 0xFF, 0xA8, 0xA8, 0xA8, 0xFF, 0xA8, 0xA8, 0xA8, 0xFF, 0x00, 0x00, 0x00, 0xFF,
  0x00, 0x00, 0x00, 0xFF, 0xA8, 0xA8, 0xA8, 0xFF, 0xA8, 0xA8, 0xA8, 0xFF, 0x80, 0x80, 0x80, 0xFF, 0x80, 0x80, 0x80, 0xFF, 0x80, 0x80, 0x80, 0xFF, 0xE6, 0xE6, 0xE6, 0xFF, 0xE6, 0xE6, 0xE6, 0xFF,
  0xE6, 0xE6, 0xE6, 0xFF, 0xE6, 0xE6, 0xE6, 0xFF, 0xE6, 0xE6, 0xE6, 0xFF, 0xE6, 0xE6, 0xE6, 0xFF, 0x80, 0x80, 0x80, 0xFF, 0x80, 0x80, 0x80, 0xFF, 0x80, 0x80, 0x80, 0xFF, 0x80, 0x80, 0x80, 0xFF,
  0x80, 0x80, 0x80, 0xFF, 0x80, 0x80, 0x80, 0xFF, 0x80, 0x80, 0x80, 0xFF, 0xA8, 0xA8, 0xA8, 0xFF, 0xA8, 0xA8, 0xA8, 0xFF, 0x00, 0x00, 0x00, 0xFF, 0x00, 0x00, 0x00, 0xFF, 0xA8, 0xA8, 0xA8, 0xFF,
  0xA8, 0xA8, 0xA8, 0xFF, 0x80, 0x80, 0x80, 0xFF, 0x80, 0x80, 0x80, 0xFF, 0x80, 0x80, 0x80, 0xFF, 0x80, 0x80, 0x80, 0xFF, 0xE6, 0xE6, 0xE6, 0xFF, 0xE6, 0xE6, 0xE6, 0xFF, 0xE6, 0xE6, 0xE6, 0xFF,
  0xE6, 0xE6, 0xE6, 0xFF, 0x80, 0x80, 0x80, 0xFF, 0x80, 0x80, 0x80, 0xFF, 0x80, 0x80, 0x80, 0xFF, 0x80, 0x80, 0x80, 0xFF, 0x80, 0x80, 0x80, 0xFF, 0x80, 0x80, 0x80, 0xFF, 0x80, 0x80, 0x80, 0xFF,
  0x80, 0x80, 0x80, 0xFF, 0xA8, 0xA8, 0xA8, 0xFF, 0xA8, 0xA8, 0xA8, 0xFF, 0x00, 0x00, 0x00, 0xFF, 0x00, 0x00, 0x00, 0xFF, 0xA8, 0xA8, 0xA8, 0xFF, 0xA8, 0xA8, 0xA8, 0xFF, 0x80, 0x80, 0x80, 0xFF,
  0x80, 0x80, 0x80, 0xFF, 0x80, 0x80, 0x80, 0xFF, 0xE6, 0xE6, 0xE6, 0xFF, 0xE6, 0xE6, 0xE6, 0xFF, 0xE6, 0xE6, 0xE6, 0xFF, 0xE6, 0xE6, 0xE6, 0xFF, 0xE6, 0xE6, 0xE6, 0xFF, 0xE6, 0xE6, 0xE6, 0xFF,
  0x80, 0x80, 0x80, 0xFF, 0x80, 0x80, 0x80, 0xFF, 0x80, 0x80, 0x80, 0xFF, 0x80, 0x80, 0x80, 0xFF, 0x80, 0x80, 0x80, 0xFF, 0x80, 0x80, 0x80, 0xFF, 0x80, 0x80, 0x80, 0xFF, 0xA8, 0xA8, 0xA8, 0xFF,
  0xA8, 0xA8, 0xA8, 0xFF, 0x00, 0x00, 0x00, 0xFF, 0x00, 0x00, 0x00, 0xFF, 0xA8, 0xA8, 0xA8, 0xFF, 0xA8, 0xA8, 0xA8, 0xFF, 0x80, 0x80, 0x80, 0xFF, 0xE6, 0xE6, 0xE6, 0xFF, 0xE6, 0xE6, 0xE6, 0xFF,
  0xE6, 0xE6, 0xE6, 0xFF, 0xE6, 0xE6, 0xE6, 0xFF, 0x80, 0x80, 0x80, 0xFF, 0xE6, 0xE6, 0xE6, 0xFF, 0xE6, 0xE6, 0xE6, 0xFF, 0xE6, 0xE6, 0xE6, 0xFF, 0xE6, 0xE6, 0xE6, 0xFF, 0x80, 0x80, 0x80, 0xFF,
  0x80, 0x80, 0x80, 0xFF, 0x80, 0x80, 0x80, 0xFF, 0x80, 0x80, 0x80, 0xFF, 0x80, 0x80, 0x80, 0xFF, 0x80, 0x80, 0x80, 0xFF, 0xA8, 0xA8, 0xA8, 0xFF, 0xA8, 0xA8, 0xA8, 0xFF, 0x00, 0x00, 0x00, 0xFF,
  0x00, 0x00, 0x00, 0xFF, 0xA8, 0xA8, 0xA8, 0xFF, 0xA8, 0xA8, 0xA8, 0xFF, 0x80, 0x80, 0x80, 0xFF, 0xE6, 0xE6, 0xE6, 0xFF, 0xE6, 0xE6, 0xE6, 0xFF, 0xE6, 0xE6, 0xE6, 0xFF, 0x80, 0x80, 0x80, 0xFF,
  0x80, 0x80, 0x80, 0xFF, 0x80, 0x80, 0x80, 0xFF, 0x80, 0x80, 0x80, 0xFF, 0xE6, 0xE6, 0xE6, 0xFF, 0xE6, 0xE6, 0xE6, 0xFF, 0x80, 0x80, 0x80, 0xFF, 0x80, 0x80, 0x80, 0xFF, 0x80, 0x80, 0x80, 0xFF,
  0x80, 0x80, 0x80, 0xFF, 0x80, 0x80, 0x80, 0xFF, 0x80, 0x80, 0x80, 0xFF, 0xA8, 0xA8, 0xA8, 0xFF, 0xA8, 0xA8, 0xA8, 0xFF, 0x00, 0x00, 0x00, 0xFF, 0x00, 0x00, 0x00, 0xFF, 0xA8, 0xA8, 0xA8, 0xFF,
  0xA8, 0xA8, 0xA8, 0xFF, 0xA8, 0xA8, 0xA8, 0xFF, 0xE6, 0xE6, 0xE6, 0xFF, 0xE6, 0xE6, 0xE6, 0xFF, 0xE6, 0xE6, 0xE6, 0xFF, 0x80, 0x80, 0x80, 0xFF, 0x80, 0x80, 0x80, 0xFF, 0x80, 0x80, 0x80, 0xFF,
  0x80, 0x80, 0x80, 0xFF, 0x80, 0x80, 0x80, 0xFF, 0x80, 0x80, 0x80, 0xFF, 0x80, 0x80, 0x80, 0xFF, 0x80, 0x80, 0x80, 0xFF, 0x80, 0x80, 0x80, 0xFF, 0x80, 0x80, 0x80, 0xFF, 0x80, 0x80, 0x80, 0xFF,
  0xA8, 0xA8, 0xA8, 0xFF, 0xA8, 0xA8, 0xA8, 0xFF, 0xA8, 0xA8, 0xA8, 0xFF, 0x00, 0x00, 0x00, 0xFF, 0x00, 0x00, 0x00, 0xFF, 0xA8, 0xA8, 0xA8, 0xFF, 0xA8, 0xA8, 0xA8, 0xFF, 0xA8, 0xA8, 0xA8, 0xFF,
  0xA8, 0xA8, 0xA8, 0xFF, 0xA8, 0xA8, 0xA8, 0xFF, 0xA8, 0xA8, 0xA8, 0xFF, 0xA8, 0xA8, 0xA8, 0xFF, 0xA8, 0xA8, 0xA8, 0xFF, 0xA8, 0xA8, 0xA8, 0xFF, 0xA8, 0xA8, 0xA8, 0xFF, 0xA8, 0xA8, 0xA8, 0xFF,
  0xA8, 0xA8, 0xA8, 0xFF, 0xA8, 0xA8, 0xA8, 0xFF, 0xA8, 0xA8, 0xA8, 0xFF, 0xA8, 0xA8, 0xA8, 0xFF, 0xA8, 0xA8, 0xA8, 0xFF, 0xA8, 0xA8, 0xA8, 0xFF, 0xA8, 0xA8, 0xA8, 0xFF, 0xA8, 0xA8, 0xA8, 0xFF,
  0xA8, 0xA8, 0xA8, 0xFF, 0x00, 0x00, 0x00, 0xFF, 0x00, 0x00, 0x00, 0xFF, 0x50, 0x50, 0x51, 0xFF, 0xA8, 0xA8, 0xA8, 0xFF, 0xA8, 0xA8, 0xA8, 0xFF, 0xA8, 0xA8, 0xA8, 0xFF, 0xA8, 0xA8, 0xA8, 0xFF,
  0xA8, 0xA8, 0xA8, 0xFF, 0xA8, 0xA8, 0xA8, 0xFF, 0xA8, 0xA8, 0xA8, 0xFF, 0xA8, 0xA8, 0xA8, 0xFF, 0xA8, 0xA8, 0xA8, 0xFF, 0xA8, 0xA8, 0xA8, 0xFF, 0xA8, 0xA8, 0xA8, 0xFF, 0xA8, 0xA8, 0xA8, 0xFF,
  0xA8, 0xA8, 0xA8, 0xFF, 0xA8, 0xA8, 0xA8, 0xFF, 0xA8, 0xA8, 0xA8, 0xFF, 0xA8, 0xA8, 0xA8, 0xFF, 0xA8, 0xA8, 0xA8, 0xFF, 0xA8, 0xA8, 0xA8, 0xFF, 0x12, 0x12, 0x13, 0xFF, 0x00, 0x00, 0x00, 0xFF,
  0x00, 0x00, 0x00, 0xFF, 0x00, 0x00, 0x00, 0xFF, 0x39, 0x39, 0x3C, 0xFF, 0x39, 0x39, 0x3C, 0xFF, 0x39, 0x39, 0x3C, 0xFF, 0x39, 0x39, 0x3C, 0xFF, 0x39, 0x39, 0x3C, 0xFF, 0x39, 0x39, 0x3C, 0xFF,
  0x39, 0x39, 0x3C, 0xFF, 0x39, 0x39, 0x3C, 0xFF, 0x39, 0x39, 0x3C, 0xFF, 0x39, 0x39, 0x3C, 0xFF, 0x39, 0x39, 0x3C, 0xFF, 0x39, 0x39, 0x3C, 0xFF, 0x39, 0x39, 0x3C, 0xFF, 0x39, 0x39, 0x3C, 0xFF,
  0x39, 0x39, 0x3C, 0xFF, 0x39, 0x39, 0x3C, 0xFF, 0x39, 0x39, 0x3C, 0xFF, 0x39, 0x39, 0x3C, 0xFF, 0x00, 0x00, 0x00, 0xFF, 0x00, 0x00, 0x00, 0xFF, 0xFF, 0xFF, 0xFF, 0x00, 0x00, 0x00, 0x00, 0xFF,
  0x00, 0x00, 0x00, 0xFF, 0x00, 0x00, 0x00, 0xFF, 0x00, 0x00, 0x00, 0xFF, 0x00, 0x00, 0x00, 0xFF, 0x00, 0x00, 0x00, 0xFF, 0x00, 0x00, 0x00, 0xFF, 0x00, 0x00, 0x00, 0xFF, 0x00, 0x00, 0x00, 0xFF,
  0x00, 0x00, 0x00, 0xFF, 0x00, 0x00, 0x00, 0xFF, 0x00, 0x00, 0x00, 0xFF, 0x00, 0x00, 0x00, 0xFF, 0x00, 0x00, 0x00, 0xFF, 0x00, 0x00, 0x00, 0xFF, 0x00, 0x00, 0x00, 0xFF, 0x00, 0x00, 0x00, 0xFF,
  0x00, 0x00, 0x00, 0xFF, 0x00, 0x00, 0x00, 0xFF, 0x00, 0x00, 0x00, 0xFF, 0xFF, 0xFF, 0xFF, 0x00,
};
static const NcControlRgba nc_ctrl_rgba_attack_pressed = { nc_rgba_attack_pressed, 22, 22 };

static const unsigned char nc_rgba_interact[] = {
  0xFF, 0xFF, 0xFF, 0x00, 0x00, 0x00, 0x00, 0xFF, 0x00, 0x00, 0x00, 0xFF, 0x00, 0x00, 0x00, 0xFF, 0x00, 0x00, 0x00, 0xFF, 0x00, 0x00, 0x00, 0xFF, 0x00, 0x00, 0x00, 0xFF, 0x00, 0x00, 0x00, 0xFF,
  0x00, 0x00, 0x00, 0xFF, 0x00, 0x00, 0x00, 0xFF, 0x00, 0x00, 0x00, 0xFF, 0x00, 0x00, 0x00, 0xFF, 0x00, 0x00, 0x00, 0xFF, 0x00, 0x00, 0x00, 0xFF, 0x00, 0x00, 0x00, 0xFF, 0x00, 0x00, 0x00, 0xFF,
  0x00, 0x00, 0x00, 0xFF, 0x00, 0x00, 0x00, 0xFF, 0x00, 0x00, 0x00, 0xFF, 0x00, 0x00, 0x00, 0xFF, 0x00, 0x00, 0x00, 0xFF, 0xFF, 0xFF, 0xFF, 0x00, 0x00, 0x00, 0x00, 0xFF, 0x00, 0x00, 0x00, 0xFF,
  0x68, 0x68, 0x68, 0xFF, 0x68, 0x68, 0x68, 0xFF, 0x68, 0x68, 0x68, 0xFF, 0x68, 0x68, 0x68, 0xFF, 0x68, 0x68, 0x68, 0xFF, 0x68, 0x68, 0x68, 0xFF, 0x68, 0x68, 0x68, 0xFF, 0x68, 0x68, 0x68, 0xFF,
  0x68, 0x68, 0x68, 0xFF, 0x68, 0x68, 0x68, 0xFF, 0x68, 0x68, 0x68, 0xFF, 0x68, 0x68, 0x68, 0xFF, 0x68, 0x68, 0x68, 0xFF, 0x68, 0x68, 0x68, 0xFF, 0x68, 0x68, 0x68, 0xFF, 0x68, 0x68, 0x68, 0xFF,
  0x68, 0x68, 0x68, 0xFF, 0x68, 0x68, 0x68, 0xFF, 0x00, 0x00, 0x00, 0xFF, 0x00, 0x00, 0x00, 0xFF, 0x00, 0x00, 0x00, 0xFF, 0x68, 0x68, 0x68, 0xFF, 0x68, 0x68, 0x68, 0xFF, 0x68, 0x68, 0x68, 0xFF,
  0x68, 0x68, 0x68, 0xFF, 0x68, 0x68, 0x68, 0xFF, 0x68, 0x68, 0x68, 0xFF, 0x68, 0x68, 0x68, 0xFF, 0x68, 0x68, 0x68, 0xFF, 0x68, 0x68, 0x68, 0xFF, 0x68, 0x68, 0x68, 0xFF, 0x68, 0x68, 0x68, 0xFF,
  0x68, 0x68, 0x68, 0xFF, 0x68, 0x68, 0x68, 0xFF, 0x68, 0x68, 0x68, 0xFF, 0x68, 0x68, 0x68, 0xFF, 0x68, 0x68, 0x68, 0xFF, 0x68, 0x68, 0x68, 0xFF, 0x68, 0x68, 0x68, 0xFF, 0x68, 0x68, 0x68, 0xFF,
  0x68, 0x68, 0x68, 0xFF, 0x00, 0x00, 0x00, 0xFF, 0x00, 0x00, 0x00, 0xFF, 0x68, 0x68, 0x68, 0xFF, 0x68, 0x68, 0x68, 0xFF, 0x68, 0x68, 0x68, 0xFF, 0x80, 0x80, 0x80, 0xFF, 0x80, 0x80, 0x80, 0xFF,
  0x80, 0x80, 0x80, 0xFF, 0x80, 0x80, 0x80, 0xFF, 0x80, 0x80, 0x80, 0xFF, 0x80, 0x80, 0x80, 0xFF, 0x80, 0x80, 0x80, 0xFF, 0x80, 0x80, 0x80, 0xFF, 0x80, 0x80, 0x80, 0xFF, 0x80, 0x80, 0x80, 0xFF,
  0x80, 0x80, 0x80, 0xFF, 0x80, 0x80, 0x80, 0xFF, 0x80, 0x80, 0x80, 0xFF, 0x80, 0x80, 0x80, 0xFF, 0x68, 0x68, 0x68, 0xFF, 0x68, 0x68, 0x68, 0xFF, 0x68, 0x68, 0x68, 0xFF, 0x00, 0x00, 0x00, 0xFF,
  0x00, 0x00, 0x00, 0xFF, 0x68, 0x68, 0x68, 0xFF, 0x68, 0x68, 0x68, 0xFF, 0x80, 0x80, 0x80, 0xFF, 0x80, 0x80, 0x80, 0xFF, 0x80, 0x80, 0x80, 0xFF, 0x80, 0x80, 0x80, 0xFF, 0x80, 0x80, 0x80, 0xFF,
  0x80, 0x80, 0x80, 0xFF, 0x80, 0x80, 0x80, 0xFF, 0x00, 0x00, 0x00, 0xFF, 0x00, 0x00, 0x00, 0xFF, 0x80, 0x80, 0x80, 0xFF, 0x80, 0x80, 0x80, 0xFF, 0x80, 0x80, 0x80, 0xFF, 0x80, 0x80, 0x80, 0xFF,
  0x80, 0x80, 0x80, 0xFF, 0x80, 0x80, 0x80, 0xFF, 0x80, 0x80, 0x80, 0xFF, 0x68, 0x68, 0x68, 0xFF, 0x68, 0x68, 0x68, 0xFF, 0x00, 0x00, 0x00, 0xFF, 0x00, 0x00, 0x00, 0xFF, 0x68, 0x68, 0x68, 0xFF,
  0x68, 0x68, 0x68, 0xFF, 0x80, 0x80, 0x80, 0xFF, 0x80, 0x80, 0x80, 0xFF, 0x80, 0x80, 0x80, 0xFF, 0x80, 0x80, 0x80, 0xFF, 0x80, 0x80, 0x80, 0xFF, 0x80, 0x80, 0x80, 0xFF, 0x80, 0x80, 0x80, 0xFF,
  0x00, 0x00, 0x00, 0xFF, 0x00, 0x00, 0x00, 0xFF, 0x80, 0x80, 0x80, 0xFF, 0x80, 0x80, 0x80, 0xFF, 0x80, 0x80, 0x80, 0xFF, 0x80, 0x80, 0x80, 0xFF, 0x80, 0x80, 0x80, 0xFF, 0x80, 0x80, 0x80, 0xFF,
  0x80, 0x80, 0x80, 0xFF, 0x68, 0x68, 0x68, 0xFF, 0x68, 0x68, 0x68, 0xFF, 0x00, 0x00, 0x00, 0xFF, 0x00, 0x00, 0x00, 0xFF, 0x68, 0x68, 0x68, 0xFF, 0x68, 0x68, 0x68, 0xFF, 0x80, 0x80, 0x80, 0xFF,
  0x80, 0x80, 0x80, 0xFF, 0x80, 0x80, 0x80, 0xFF, 0x80, 0x80, 0x80, 0xFF, 0x80, 0x80, 0x80, 0xFF, 0x80, 0x80, 0x80, 0xFF, 0x80, 0x80, 0x80, 0xFF, 0x00, 0x00, 0x00, 0xFF, 0x00, 0x00, 0x00, 0xFF,
  0x80, 0x80, 0x80, 0xFF, 0x80, 0x80, 0x80, 0xFF, 0x80, 0x80, 0x80, 0xFF, 0x80, 0x80, 0x80, 0xFF, 0x80, 0x80, 0x80, 0xFF, 0x80, 0x80, 0x80, 0xFF, 0x80, 0x80, 0x80, 0xFF, 0x68, 0x68, 0x68, 0xFF,
  0x68, 0x68, 0x68, 0xFF, 0x00, 0x00, 0x00, 0xFF, 0x00, 0x00, 0x00, 0xFF, 0x68, 0x68, 0x68, 0xFF, 0x68, 0x68, 0x68, 0xFF, 0x80, 0x80, 0x80, 0xFF, 0x80, 0x80, 0x80, 0xFF, 0x80, 0x80, 0x80, 0xFF,
  0x80, 0x80, 0x80, 0xFF, 0x80, 0x80, 0x80, 0xFF, 0x80, 0x80, 0x80, 0xFF, 0x80, 0x80, 0x80, 0xFF, 0x00, 0x00, 0x00, 0xFF, 0x00, 0x00, 0x00, 0xFF, 0x80, 0x80, 0x80, 0xFF, 0x80, 0x80, 0x80, 0xFF,
  0x80, 0x80, 0x80, 0xFF, 0x80, 0x80, 0x80, 0xFF, 0x80, 0x80, 0x80, 0xFF, 0x80, 0x80, 0x80, 0xFF, 0x80, 0x80, 0x80, 0xFF, 0x68, 0x68, 0x68, 0xFF, 0x68, 0x68, 0x68, 0xFF, 0x00, 0x00, 0x00, 0xFF,
  0x00, 0x00, 0x00, 0xFF, 0x68, 0x68, 0x68, 0xFF, 0x68, 0x68, 0x68, 0xFF, 0x80, 0x80, 0x80, 0xFF, 0x80, 0x80, 0x80, 0xFF, 0x80, 0x80, 0x80, 0xFF, 0x80, 0x80, 0x80, 0xFF, 0x80, 0x80, 0x80, 0xFF,
  0x80, 0x80, 0x80, 0xFF, 0x80, 0x80, 0x80, 0xFF, 0x80, 0x80, 0x80, 0xFF, 0x80, 0x80, 0x80, 0xFF, 0x80, 0x80, 0x80, 0xFF, 0x80, 0x80, 0x80, 0xFF, 0x80, 0x80, 0x80, 0xFF, 0x80, 0x80, 0x80, 0xFF,
  0x80, 0x80, 0x80, 0xFF, 0x80, 0x80, 0x80, 0xFF, 0x80, 0x80, 0x80, 0xFF, 0x68, 0x68, 0x68, 0xFF, 0x68, 0x68, 0x68, 0xFF, 0x00, 0x00, 0x00, 0xFF, 0x00, 0x00, 0x00, 0xFF, 0x68, 0x68, 0x68, 0xFF,
  0x68, 0x68, 0x68, 0xFF, 0x80, 0x80, 0x80, 0xFF, 0x80, 0x80, 0x80, 0xFF, 0x00, 0x00, 0x00, 0xFF, 0x00, 0x00, 0x00, 0xFF, 0x00, 0x00, 0x00, 0xFF, 0x00, 0x00, 0x00, 0xFF, 0x80, 0x80, 0x80, 0xFF,
  0x80, 0x80, 0x80, 0xFF, 0x80, 0x80, 0x80, 0xFF, 0x80, 0x80, 0x80, 0xFF, 0x00, 0x00, 0x00, 0xFF, 0x00, 0x00, 0x00, 0xFF, 0x00, 0x00, 0x00, 0xFF, 0x00, 0x00, 0x00, 0xFF, 0x80, 0x80, 0x80, 0xFF,
  0x80, 0x80, 0x80, 0xFF, 0x68, 0x68, 0x68, 0xFF, 0x68, 0x68, 0x68, 0xFF, 0x00, 0x00, 0x00, 0xFF, 0x00, 0x00, 0x00, 0xFF, 0x68, 0x68, 0x68, 0xFF, 0x68, 0x68, 0x68, 0xFF, 0x80, 0x80, 0x80, 0xFF,
  0x80, 0x80, 0x80, 0xFF, 0x00, 0x00, 0x00, 0xFF, 0x00, 0x00, 0x00, 0xFF, 0x00, 0x00, 0x00, 0xFF, 0x00, 0x00, 0x00, 0xFF, 0x80, 0x80, 0x80, 0xFF, 0x80, 0x80, 0x80, 0xFF, 0x80, 0x80, 0x80, 0xFF,
  0x80, 0x80, 0x80, 0xFF, 0x00, 0x00, 0x00, 0xFF, 0x00, 0x00, 0x00, 0xFF, 0x00, 0x00, 0x00, 0xFF, 0x00, 0x00, 0x00, 0xFF, 0x80, 0x80, 0x80, 0xFF, 0x80, 0x80, 0x80, 0xFF, 0x68, 0x68, 0x68, 0xFF,
  0x68, 0x68, 0x68, 0xFF, 0x00, 0x00, 0x00, 0xFF, 0x00, 0x00, 0x00, 0xFF, 0x68, 0x68, 0x68, 0xFF, 0x68, 0x68, 0x68, 0xFF, 0x80, 0x80, 0x80, 0xFF, 0x80, 0x80, 0x80, 0xFF, 0x80, 0x80, 0x80, 0xFF,
  0x80, 0x80, 0x80, 0xFF, 0x80, 0x80, 0x80, 0xFF, 0x80, 0x80, 0x80, 0xFF, 0x80, 0x80, 0x80, 0xFF, 0x80, 0x80, 0x80, 0xFF, 0x80, 0x80, 0x80, 0xFF, 0x80, 0x80, 0x80, 0xFF, 0x80, 0x80, 0x80, 0xFF,
  0x80, 0x80, 0x80, 0xFF, 0x80, 0x80, 0x80, 0xFF, 0x80, 0x80, 0x80, 0xFF, 0x80, 0x80, 0x80, 0xFF, 0x80, 0x80, 0x80, 0xFF, 0x68, 0x68, 0x68, 0xFF, 0x68, 0x68, 0x68, 0xFF, 0x00, 0x00, 0x00, 0xFF,
  0x00, 0x00, 0x00, 0xFF, 0x68, 0x68, 0x68, 0xFF, 0x68, 0x68, 0x68, 0xFF, 0x80, 0x80, 0x80, 0xFF, 0x80, 0x80, 0x80, 0xFF, 0x80, 0x80, 0x80, 0xFF, 0x80, 0x80, 0x80, 0xFF, 0x80, 0x80, 0x80, 0xFF,
  0x80, 0x80, 0x80, 0xFF, 0x80, 0x80, 0x80, 0xFF, 0x00, 0x00, 0x00, 0xFF, 0x00, 0x00, 0x00, 0xFF, 0x80, 0x80, 0x80, 0xFF, 0x80, 0x80, 0x80, 0xFF, 0x80, 0x80, 0x80, 0xFF, 0x80, 0x80, 0x80, 0xFF,
  0x80, 0x80, 0x80, 0xFF, 0x80, 0x80, 0x80, 0xFF, 0x80, 0x80, 0x80, 0xFF, 0x68, 0x68, 0x68, 0xFF, 0x68, 0x68, 0x68, 0xFF, 0x00, 0x00, 0x00, 0xFF, 0x00, 0x00, 0x00, 0xFF, 0x68, 0x68, 0x68, 0xFF,
  0x68, 0x68, 0x68, 0xFF, 0x80, 0x80, 0x80, 0xFF, 0x80, 0x80, 0x80, 0xFF, 0x80, 0x80, 0x80, 0xFF, 0x80, 0x80, 0x80, 0xFF, 0x80, 0x80, 0x80, 0xFF, 0x80, 0x80, 0x80, 0xFF, 0x80, 0x80, 0x80, 0xFF,
  0x00, 0x00, 0x00, 0xFF, 0x00, 0x00, 0x00, 0xFF, 0x80, 0x80, 0x80, 0xFF, 0x80, 0x80, 0x80, 0xFF, 0x80, 0x80, 0x80, 0xFF, 0x80, 0x80, 0x80, 0xFF, 0x80, 0x80, 0x80, 0xFF, 0x80, 0x80, 0x80, 0xFF,
  0x80, 0x80, 0x80, 0xFF, 0x68, 0x68, 0x68, 0xFF, 0x68, 0x68, 0x68, 0xFF, 0x00, 0x00, 0x00, 0xFF, 0x00, 0x00, 0x00, 0xFF, 0x68, 0x68, 0x68, 0xFF, 0x68, 0x68, 0x68, 0xFF, 0x80, 0x80, 0x80, 0xFF,
  0x80, 0x80, 0x80, 0xFF, 0x80, 0x80, 0x80, 0xFF, 0x80, 0x80, 0x80, 0xFF, 0x80, 0x80, 0x80, 0xFF, 0x80, 0x80, 0x80, 0xFF, 0x80, 0x80, 0x80, 0xFF, 0x00, 0x00, 0x00, 0xFF, 0x00, 0x00, 0x00, 0xFF,
  0x80, 0x80, 0x80, 0xFF, 0x80, 0x80, 0x80, 0xFF, 0x80, 0x80, 0x80, 0xFF, 0x80, 0x80, 0x80, 0xFF, 0x80, 0x80, 0x80, 0xFF, 0x80, 0x80, 0x80, 0xFF, 0x80, 0x80, 0x80, 0xFF, 0x68, 0x68, 0x68, 0xFF,
  0x68, 0x68, 0x68, 0xFF, 0x00, 0x00, 0x00, 0xFF, 0x00, 0x00, 0x00, 0xFF, 0x68, 0x68, 0x68, 0xFF, 0x68, 0x68, 0x68, 0xFF, 0x80, 0x80, 0x80, 0xFF, 0x80, 0x80, 0x80, 0xFF, 0x80, 0x80, 0x80, 0xFF,
  0x80, 0x80, 0x80, 0xFF, 0x80, 0x80, 0x80, 0xFF, 0x80, 0x80, 0x80, 0xFF, 0x80, 0x80, 0x80, 0xFF, 0x00, 0x00, 0x00, 0xFF, 0x00, 0x00, 0x00, 0xFF, 0x80, 0x80, 0x80, 0xFF, 0x80, 0x80, 0x80, 0xFF,
  0x80, 0x80, 0x80, 0xFF, 0x80, 0x80, 0x80, 0xFF, 0x80, 0x80, 0x80, 0xFF, 0x80, 0x80, 0x80, 0xFF, 0x80, 0x80, 0x80, 0xFF, 0x68, 0x68, 0x68, 0xFF, 0x68, 0x68, 0x68, 0xFF, 0x00, 0x00, 0x00, 0xFF,
  0x00, 0x00, 0x00, 0xFF, 0x68, 0x68, 0x68, 0xFF, 0x68, 0x68, 0x68, 0xFF, 0x68, 0x68, 0x68, 0xFF, 0x80, 0x80, 0x80, 0xFF, 0x80, 0x80, 0x80, 0xFF, 0x80, 0x80, 0x80, 0xFF, 0x80, 0x80, 0x80, 0xFF,
  0x80, 0x80, 0x80, 0xFF, 0x80, 0x80, 0x80, 0xFF, 0x80, 0x80, 0x80, 0xFF, 0x80, 0x80, 0x80, 0xFF, 0x80, 0x80, 0x80, 0xFF, 0x80, 0x80, 0x80, 0xFF, 0x80, 0x80, 0x80, 0xFF, 0x80, 0x80, 0x80, 0xFF,
  0x80, 0x80, 0x80, 0xFF, 0x80, 0x80, 0x80, 0xFF, 0x68, 0x68, 0x68, 0xFF, 0x68, 0x68, 0x68, 0xFF, 0x68, 0x68, 0x68, 0xFF, 0x00, 0x00, 0x00, 0xFF, 0x00, 0x00, 0x00, 0xFF, 0x68, 0x68, 0x68, 0xFF,
  0x68, 0x68, 0x68, 0xFF, 0x68, 0x68, 0x68, 0xFF, 0x68, 0x68, 0x68, 0xFF, 0x68, 0x68, 0x68, 0xFF, 0x68, 0x68, 0x68, 0xFF, 0x68, 0x68, 0x68, 0xFF, 0x68, 0x68, 0x68, 0xFF, 0x68, 0x68, 0x68, 0xFF,
  0x68, 0x68, 0x68, 0xFF, 0x68, 0x68, 0x68, 0xFF, 0x68, 0x68, 0x68, 0xFF, 0x68, 0x68, 0x68, 0xFF, 0x68, 0x68, 0x68, 0xFF, 0x68, 0x68, 0x68, 0xFF, 0x68, 0x68, 0x68, 0xFF, 0x68, 0x68, 0x68, 0xFF,
  0x68, 0x68, 0x68, 0xFF, 0x68, 0x68, 0x68, 0xFF, 0x68, 0x68, 0x68, 0xFF, 0x00, 0x00, 0x00, 0xFF, 0x00, 0x00, 0x00, 0xFF, 0x50, 0x50, 0x51, 0xFF, 0x68, 0x68, 0x68, 0xFF, 0x68, 0x68, 0x68, 0xFF,
  0x68, 0x68, 0x68, 0xFF, 0x68, 0x68, 0x68, 0xFF, 0x68, 0x68, 0x68, 0xFF, 0x68, 0x68, 0x68, 0xFF, 0x68, 0x68, 0x68, 0xFF, 0x68, 0x68, 0x68, 0xFF, 0x68, 0x68, 0x68, 0xFF, 0x68, 0x68, 0x68, 0xFF,
  0x68, 0x68, 0x68, 0xFF, 0x68, 0x68, 0x68, 0xFF, 0x68, 0x68, 0x68, 0xFF, 0x68, 0x68, 0x68, 0xFF, 0x68, 0x68, 0x68, 0xFF, 0x68, 0x68, 0x68, 0xFF, 0x68, 0x68, 0x68, 0xFF, 0x68, 0x68, 0x68, 0xFF,
  0x12, 0x12, 0x13, 0xFF, 0x00, 0x00, 0x00, 0xFF, 0x00, 0x00, 0x00, 0xFF, 0x50, 0x50, 0x51, 0xFF, 0x39, 0x39, 0x3C, 0xFF, 0x39, 0x39, 0x3C, 0xFF, 0x39, 0x39, 0x3C, 0xFF, 0x39, 0x39, 0x3C, 0xFF,
  0x39, 0x39, 0x3C, 0xFF, 0x39, 0x39, 0x3C, 0xFF, 0x39, 0x39, 0x3C, 0xFF, 0x39, 0x39, 0x3C, 0xFF, 0x39, 0x39, 0x3C, 0xFF, 0x39, 0x39, 0x3C, 0xFF, 0x39, 0x39, 0x3C, 0xFF, 0x39, 0x39, 0x3C, 0xFF,
  0x39, 0x39, 0x3C, 0xFF, 0x39, 0x39, 0x3C, 0xFF, 0x39, 0x39, 0x3C, 0xFF, 0x39, 0x39, 0x3C, 0xFF, 0x39, 0x39, 0x3C, 0xFF, 0x39, 0x39, 0x3C, 0xFF, 0x12, 0x12, 0x13, 0xFF, 0x00, 0x00, 0x00, 0xFF,
  0x00, 0x00, 0x00, 0xFF, 0x00, 0x00, 0x00, 0xFF, 0x39, 0x39, 0x3C, 0xFF, 0x39, 0x39, 0x3C, 0xFF, 0x39, 0x39, 0x3C, 0xFF, 0x39, 0x39, 0x3C, 0xFF, 0x39, 0x39, 0x3C, 0xFF, 0x39, 0x39, 0x3C, 0xFF,
  0x39, 0x39, 0x3C, 0xFF, 0x39, 0x39, 0x3C, 0xFF, 0x39, 0x39, 0x3C, 0xFF, 0x39, 0x39, 0x3C, 0xFF, 0x39, 0x39, 0x3C, 0xFF, 0x39, 0x39, 0x3C, 0xFF, 0x39, 0x39, 0x3C, 0xFF, 0x39, 0x39, 0x3C, 0xFF,
  0x39, 0x39, 0x3C, 0xFF, 0x39, 0x39, 0x3C, 0xFF, 0x39, 0x39, 0x3C, 0xFF, 0x39, 0x39, 0x3C, 0xFF, 0x00, 0x00, 0x00, 0xFF, 0x00, 0x00, 0x00, 0xFF, 0xFF, 0xFF, 0xFF, 0x00, 0x00, 0x00, 0x00, 0xFF,
  0x00, 0x00, 0x00, 0xFF, 0x00, 0x00, 0x00, 0xFF, 0x00, 0x00, 0x00, 0xFF, 0x00, 0x00, 0x00, 0xFF, 0x00, 0x00, 0x00, 0xFF, 0x00, 0x00, 0x00, 0xFF, 0x00, 0x00, 0x00, 0xFF, 0x00, 0x00, 0x00, 0xFF,
  0x00, 0x00, 0x00, 0xFF, 0x00, 0x00, 0x00, 0xFF, 0x00, 0x00, 0x00, 0xFF, 0x00, 0x00, 0x00, 0xFF, 0x00, 0x00, 0x00, 0xFF, 0x00, 0x00, 0x00, 0xFF, 0x00, 0x00, 0x00, 0xFF, 0x00, 0x00, 0x00, 0xFF,
  0x00, 0x00, 0x00, 0xFF, 0x00, 0x00, 0x00, 0xFF, 0x00, 0x00, 0x00, 0xFF, 0xFF, 0xFF, 0xFF, 0x00,
};
static const NcControlRgba nc_ctrl_rgba_interact = { nc_rgba_interact, 22, 22 };

static const unsigned char nc_rgba_interact_pressed[] = {
  0x00, 0x00, 0x00, 0x00, 0x00, 0x00, 0x00, 0x00, 0x00, 0x00, 0x00, 0x00, 0x00, 0x00, 0x00, 0x00, 0x00, 0x00, 0x00, 0x00, 0x00, 0x00, 0x00, 0x00, 0x00, 0x00, 0x00, 0x00, 0x00, 0x00, 0x00, 0x00,
  0x00, 0x00, 0x00, 0x00, 0x00, 0x00, 0x00, 0x00, 0x00, 0x00, 0x00, 0x00, 0x00, 0x00, 0x00, 0x00, 0x00, 0x00, 0x00, 0x00, 0x00, 0x00, 0x00, 0x00, 0x00, 0x00, 0x00, 0x00, 0x00, 0x00, 0x00, 0x00,
  0x00, 0x00, 0x00, 0x00, 0x00, 0x00, 0x00, 0x00, 0x00, 0x00, 0x00, 0x00, 0x00, 0x00, 0x00, 0x00, 0x00, 0x00, 0x00, 0x00, 0x00, 0x00, 0x00, 0x00, 0x00, 0x00, 0x00, 0x00, 0x00, 0x00, 0x00, 0xFF,
  0x00, 0x00, 0x00, 0xFF, 0x00, 0x00, 0x00, 0xFF, 0x00, 0x00, 0x00, 0xFF, 0x00, 0x00, 0x00, 0xFF, 0x00, 0x00, 0x00, 0xFF, 0x00, 0x00, 0x00, 0xFF, 0x00, 0x00, 0x00, 0xFF, 0x00, 0x00, 0x00, 0xFF,
  0x00, 0x00, 0x00, 0xFF, 0x00, 0x00, 0x00, 0xFF, 0x00, 0x00, 0x00, 0xFF, 0x00, 0x00, 0x00, 0xFF, 0x00, 0x00, 0x00, 0xFF, 0x00, 0x00, 0x00, 0xFF, 0x00, 0x00, 0x00, 0xFF, 0x00, 0x00, 0x00, 0xFF,
  0x00, 0x00, 0x00, 0xFF, 0x00, 0x00, 0x00, 0xFF, 0x00, 0x00, 0x00, 0xFF, 0x00, 0x00, 0x00, 0x00, 0x00, 0x00, 0x00, 0xFF, 0x00, 0x00, 0x00, 0xFF, 0xA8, 0xA8, 0xA8, 0xFF, 0xA8, 0xA8, 0xA8, 0xFF,
  0xA8, 0xA8, 0xA8, 0xFF, 0xA8, 0xA8, 0xA8, 0xFF, 0xA8, 0xA8, 0xA8, 0xFF, 0xA8, 0xA8, 0xA8, 0xFF, 0xA8, 0xA8, 0xA8, 0xFF, 0xA8, 0xA8, 0xA8, 0xFF, 0xA8, 0xA8, 0xA8, 0xFF, 0xA8, 0xA8, 0xA8, 0xFF,
  0xA8, 0xA8, 0xA8, 0xFF, 0xA8, 0xA8, 0xA8, 0xFF, 0xA8, 0xA8, 0xA8, 0xFF, 0xA8, 0xA8, 0xA8, 0xFF, 0xA8, 0xA8, 0xA8, 0xFF, 0xA8, 0xA8, 0xA8, 0xFF, 0xA8, 0xA8, 0xA8, 0xFF, 0xA8, 0xA8, 0xA8, 0xFF,
  0x00, 0x00, 0x00, 0xFF, 0x00, 0x00, 0x00, 0xFF, 0x00, 0x00, 0x00, 0xFF, 0xA8, 0xA8, 0xA8, 0xFF, 0xA8, 0xA8, 0xA8, 0xFF, 0xA8, 0xA8, 0xA8, 0xFF, 0xA8, 0xA8, 0xA8, 0xFF, 0xA8, 0xA8, 0xA8, 0xFF,
  0xA8, 0xA8, 0xA8, 0xFF, 0xA8, 0xA8, 0xA8, 0xFF, 0xA8, 0xA8, 0xA8, 0xFF, 0xA8, 0xA8, 0xA8, 0xFF, 0xA8, 0xA8, 0xA8, 0xFF, 0xA8, 0xA8, 0xA8, 0xFF, 0xA8, 0xA8, 0xA8, 0xFF, 0xA8, 0xA8, 0xA8, 0xFF,
  0xA8, 0xA8, 0xA8, 0xFF, 0xA8, 0xA8, 0xA8, 0xFF, 0xA8, 0xA8, 0xA8, 0xFF, 0xA8, 0xA8, 0xA8, 0xFF, 0xA8, 0xA8, 0xA8, 0xFF, 0xA8, 0xA8, 0xA8, 0xFF, 0xA8, 0xA8, 0xA8, 0xFF, 0x00, 0x00, 0x00, 0xFF,
  0x00, 0x00, 0x00, 0xFF, 0xA8, 0xA8, 0xA8, 0xFF, 0xA8, 0xA8, 0xA8, 0xFF, 0xA8, 0xA8, 0xA8, 0xFF, 0x80, 0x80, 0x80, 0xFF, 0x80, 0x80, 0x80, 0xFF, 0x80, 0x80, 0x80, 0xFF, 0x80, 0x80, 0x80, 0xFF,
  0x80, 0x80, 0x80, 0xFF, 0x80, 0x80, 0x80, 0xFF, 0x80, 0x80, 0x80, 0xFF, 0x80, 0x80, 0x80, 0xFF, 0x80, 0x80, 0x80, 0xFF, 0x80, 0x80, 0x80, 0xFF, 0x80, 0x80, 0x80, 0xFF, 0x80, 0x80, 0x80, 0xFF,
  0x80, 0x80, 0x80, 0xFF, 0x80, 0x80, 0x80, 0xFF, 0xA8, 0xA8, 0xA8, 0xFF, 0xA8, 0xA8, 0xA8, 0xFF, 0xA8, 0xA8, 0xA8, 0xFF, 0x00, 0x00, 0x00, 0xFF, 0x00, 0x00, 0x00, 0xFF, 0xA8, 0xA8, 0xA8, 0xFF,
  0xA8, 0xA8, 0xA8, 0xFF, 0x80, 0x80, 0x80, 0xFF, 0x80, 0x80, 0x80, 0xFF, 0x80, 0x80, 0x80, 0xFF, 0x80, 0x80, 0x80, 0xFF, 0x80, 0x80, 0x80, 0xFF, 0x80, 0x80, 0x80, 0xFF, 0x80, 0x80, 0x80, 0xFF,
  0xE6, 0xE6, 0xE6, 0xFF, 0xE6, 0xE6, 0xE6, 0xFF, 0x80, 0x80, 0x80, 0xFF, 0x80, 0x80, 0x80, 0xFF, 0x80, 0x80, 0x80, 0xFF, 0x80, 0x80, 0x80, 0xFF, 0x80, 0x80, 0x80, 0xFF, 0x80, 0x80, 0x80, 0xFF,
  0x80, 0x80, 0x80, 0xFF, 0xA8, 0xA8, 0xA8, 0xFF, 0xA8, 0xA8, 0xA8, 0xFF, 0x00, 0x00, 0x00, 0xFF, 0x00, 0x00, 0x00, 0xFF, 0xA8, 0xA8, 0xA8, 0xFF, 0xA8, 0xA8, 0xA8, 0xFF, 0x80, 0x80, 0x80, 0xFF,
  0x80, 0x80, 0x80, 0xFF, 0x80, 0x80, 0x80, 0xFF, 0x80, 0x80, 0x80, 0xFF, 0x80, 0x80, 0x80, 0xFF, 0x80, 0x80, 0x80, 0xFF, 0x80, 0x80, 0x80, 0xFF, 0xE6, 0xE6, 0xE6, 0xFF, 0xE6, 0xE6, 0xE6, 0xFF,
  0x80, 0x80, 0x80, 0xFF, 0x80, 0x80, 0x80, 0xFF, 0x80, 0x80, 0x80, 0xFF, 0x80, 0x80, 0x80, 0xFF, 0x80, 0x80, 0x80, 0xFF, 0x80, 0x80, 0x80, 0xFF, 0x80, 0x80, 0x80, 0xFF, 0xA8, 0xA8, 0xA8, 0xFF,
  0xA8, 0xA8, 0xA8, 0xFF, 0x00, 0x00, 0x00, 0xFF, 0x00, 0x00, 0x00, 0xFF, 0xA8, 0xA8, 0xA8, 0xFF, 0xA8, 0xA8, 0xA8, 0xFF, 0x80, 0x80, 0x80, 0xFF, 0x80, 0x80, 0x80, 0xFF, 0x80, 0x80, 0x80, 0xFF,
  0x80, 0x80, 0x80, 0xFF, 0x80, 0x80, 0x80, 0xFF, 0x80, 0x80, 0x80, 0xFF, 0x80, 0x80, 0x80, 0xFF, 0xE6, 0xE6, 0xE6, 0xFF, 0xE6, 0xE6, 0xE6, 0xFF, 0x80, 0x80, 0x80, 0xFF, 0x80, 0x80, 0x80, 0xFF,
  0x80, 0x80, 0x80, 0xFF, 0x80, 0x80, 0x80, 0xFF, 0x80, 0x80, 0x80, 0xFF, 0x80, 0x80, 0x80, 0xFF, 0x80, 0x80, 0x80, 0xFF, 0xA8, 0xA8, 0xA8, 0xFF, 0xA8, 0xA8, 0xA8, 0xFF, 0x00, 0x00, 0x00, 0xFF,
  0x00, 0x00, 0x00, 0xFF, 0xA8, 0xA8, 0xA8, 0xFF, 0xA8, 0xA8, 0xA8, 0xFF, 0x80, 0x80, 0x80, 0xFF, 0x80, 0x80, 0x80, 0xFF, 0x80, 0x80, 0x80, 0xFF, 0x80, 0x80, 0x80, 0xFF, 0x80, 0x80, 0x80, 0xFF,
  0x80, 0x80, 0x80, 0xFF, 0x80, 0x80, 0x80, 0xFF, 0xE6, 0xE6, 0xE6, 0xFF, 0xE6, 0xE6, 0xE6, 0xFF, 0x80, 0x80, 0x80, 0xFF, 0x80, 0x80, 0x80, 0xFF, 0x80, 0x80, 0x80, 0xFF, 0x80, 0x80, 0x80, 0xFF,
  0x80, 0x80, 0x80, 0xFF, 0x80, 0x80, 0x80, 0xFF, 0x80, 0x80, 0x80, 0xFF, 0xA8, 0xA8, 0xA8, 0xFF, 0xA8, 0xA8, 0xA8, 0xFF, 0x00, 0x00, 0x00, 0xFF, 0x00, 0x00, 0x00, 0xFF, 0xA8, 0xA8, 0xA8, 0xFF,
  0xA8, 0xA8, 0xA8, 0xFF, 0x80, 0x80, 0x80, 0xFF, 0x80, 0x80, 0x80, 0xFF, 0x80, 0x80, 0x80, 0xFF, 0x80, 0x80, 0x80, 0xFF, 0x80, 0x80, 0x80, 0xFF, 0x80, 0x80, 0x80, 0xFF, 0x80, 0x80, 0x80, 0xFF,
  0x80, 0x80, 0x80, 0xFF, 0x80, 0x80, 0x80, 0xFF, 0x80, 0x80, 0x80, 0xFF, 0x80, 0x80, 0x80, 0xFF, 0x80, 0x80, 0x80, 0xFF, 0x80, 0x80, 0x80, 0xFF, 0x80, 0x80, 0x80, 0xFF, 0x80, 0x80, 0x80, 0xFF,
  0x80, 0x80, 0x80, 0xFF, 0xA8, 0xA8, 0xA8, 0xFF, 0xA8, 0xA8, 0xA8, 0xFF, 0x00, 0x00, 0x00, 0xFF, 0x00, 0x00, 0x00, 0xFF, 0xA8, 0xA8, 0xA8, 0xFF, 0xA8, 0xA8, 0xA8, 0xFF, 0x80, 0x80, 0x80, 0xFF,
  0x80, 0x80, 0x80, 0xFF, 0xE6, 0xE6, 0xE6, 0xFF, 0xE6, 0xE6, 0xE6, 0xFF, 0xE6, 0xE6, 0xE6, 0xFF, 0xE6, 0xE6, 0xE6, 0xFF, 0x80, 0x80, 0x80, 0xFF, 0x80, 0x80, 0x80, 0xFF, 0x80, 0x80, 0x80, 0xFF,
  0x80, 0x80, 0x80, 0xFF, 0xE6, 0xE6, 0xE6, 0xFF, 0xE6, 0xE6, 0xE6, 0xFF, 0xE6, 0xE6, 0xE6, 0xFF, 0xE6, 0xE6, 0xE6, 0xFF, 0x80, 0x80, 0x80, 0xFF, 0x80, 0x80, 0x80, 0xFF, 0xA8, 0xA8, 0xA8, 0xFF,
  0xA8, 0xA8, 0xA8, 0xFF, 0x00, 0x00, 0x00, 0xFF, 0x00, 0x00, 0x00, 0xFF, 0xA8, 0xA8, 0xA8, 0xFF, 0xA8, 0xA8, 0xA8, 0xFF, 0x80, 0x80, 0x80, 0xFF, 0x80, 0x80, 0x80, 0xFF, 0xE6, 0xE6, 0xE6, 0xFF,
  0xE6, 0xE6, 0xE6, 0xFF, 0xE6, 0xE6, 0xE6, 0xFF, 0xE6, 0xE6, 0xE6, 0xFF, 0x80, 0x80, 0x80, 0xFF, 0x80, 0x80, 0x80, 0xFF, 0x80, 0x80, 0x80, 0xFF, 0x80, 0x80, 0x80, 0xFF, 0xE6, 0xE6, 0xE6, 0xFF,
  0xE6, 0xE6, 0xE6, 0xFF, 0xE6, 0xE6, 0xE6, 0xFF, 0xE6, 0xE6, 0xE6, 0xFF, 0x80, 0x80, 0x80, 0xFF, 0x80, 0x80, 0x80, 0xFF, 0xA8, 0xA8, 0xA8, 0xFF, 0xA8, 0xA8, 0xA8, 0xFF, 0x00, 0x00, 0x00, 0xFF,
  0x00, 0x00, 0x00, 0xFF, 0xA8, 0xA8, 0xA8, 0xFF, 0xA8, 0xA8, 0xA8, 0xFF, 0x80, 0x80, 0x80, 0xFF, 0x80, 0x80, 0x80, 0xFF, 0x80, 0x80, 0x80, 0xFF, 0x80, 0x80, 0x80, 0xFF, 0x80, 0x80, 0x80, 0xFF,
  0x80, 0x80, 0x80, 0xFF, 0x80, 0x80, 0x80, 0xFF, 0x80, 0x80, 0x80, 0xFF, 0x80, 0x80, 0x80, 0xFF, 0x80, 0x80, 0x80, 0xFF, 0x80, 0x80, 0x80, 0xFF, 0x80, 0x80, 0x80, 0xFF, 0x80, 0x80, 0x80, 0xFF,
  0x80, 0x80, 0x80, 0xFF, 0x80, 0x80, 0x80, 0xFF, 0x80, 0x80, 0x80, 0xFF, 0xA8, 0xA8, 0xA8, 0xFF, 0xA8, 0xA8, 0xA8, 0xFF, 0x00, 0x00, 0x00, 0xFF, 0x00, 0x00, 0x00, 0xFF, 0xA8, 0xA8, 0xA8, 0xFF,
  0xA8, 0xA8, 0xA8, 0xFF, 0x80, 0x80, 0x80, 0xFF, 0x80, 0x80, 0x80, 0xFF, 0x80, 0x80, 0x80, 0xFF, 0x80, 0x80, 0x80, 0xFF, 0x80, 0x80, 0x80, 0xFF, 0x80, 0x80, 0x80, 0xFF, 0x80, 0x80, 0x80, 0xFF,
  0xE6, 0xE6, 0xE6, 0xFF, 0xE6, 0xE6, 0xE6, 0xFF, 0x80, 0x80, 0x80, 0xFF, 0x80, 0x80, 0x80, 0xFF, 0x80, 0x80, 0x80, 0xFF, 0x80, 0x80, 0x80, 0xFF, 0x80, 0x80, 0x80, 0xFF, 0x80, 0x80, 0x80, 0xFF,
  0x80, 0x80, 0x80, 0xFF, 0xA8, 0xA8, 0xA8, 0xFF, 0xA8, 0xA8, 0xA8, 0xFF, 0x00, 0x00, 0x00, 0xFF, 0x00, 0x00, 0x00, 0xFF, 0xA8, 0xA8, 0xA8, 0xFF, 0xA8, 0xA8, 0xA8, 0xFF, 0x80, 0x80, 0x80, 0xFF,
  0x80, 0x80, 0x80, 0xFF, 0x80, 0x80, 0x80, 0xFF, 0x80, 0x80, 0x80, 0xFF, 0x80, 0x80, 0x80, 0xFF, 0x80, 0x80, 0x80, 0xFF, 0x80, 0x80, 0x80, 0xFF, 0xE6, 0xE6, 0xE6, 0xFF, 0xE6, 0xE6, 0xE6, 0xFF,
  0x80, 0x80, 0x80, 0xFF, 0x80, 0x80, 0x80, 0xFF, 0x80, 0x80, 0x80, 0xFF, 0x80, 0x80, 0x80, 0xFF, 0x80, 0x80, 0x80, 0xFF, 0x80, 0x80, 0x80, 0xFF, 0x80, 0x80, 0x80, 0xFF, 0xA8, 0xA8, 0xA8, 0xFF,
  0xA8, 0xA8, 0xA8, 0xFF, 0x00, 0x00, 0x00, 0xFF, 0x00, 0x00, 0x00, 0xFF, 0xA8, 0xA8, 0xA8, 0xFF, 0xA8, 0xA8, 0xA8, 0xFF, 0x80, 0x80, 0x80, 0xFF, 0x80, 0x80, 0x80, 0xFF, 0x80, 0x80, 0x80, 0xFF,
  0x80, 0x80, 0x80, 0xFF, 0x80, 0x80, 0x80, 0xFF, 0x80, 0x80, 0x80, 0xFF, 0x80, 0x80, 0x80, 0xFF, 0xE6, 0xE6, 0xE6, 0xFF, 0xE6, 0xE6, 0xE6, 0xFF, 0x80, 0x80, 0x80, 0xFF, 0x80, 0x80, 0x80, 0xFF,
  0x80, 0x80, 0x80, 0xFF, 0x80, 0x80, 0x80, 0xFF, 0x80, 0x80, 0x80, 0xFF, 0x80, 0x80, 0x80, 0xFF, 0x80, 0x80, 0x80, 0xFF, 0xA8, 0xA8, 0xA8, 0xFF, 0xA8, 0xA8, 0xA8, 0xFF, 0x00, 0x00, 0x00, 0xFF,
  0x00, 0x00, 0x00, 0xFF, 0xA8, 0xA8, 0xA8, 0xFF, 0xA8, 0xA8, 0xA8, 0xFF, 0x80, 0x80, 0x80, 0xFF, 0x80, 0x80, 0x80, 0xFF, 0x80, 0x80, 0x80, 0xFF, 0x80, 0x80, 0x80, 0xFF, 0x80, 0x80, 0x80, 0xFF,
  0x80, 0x80, 0x80, 0xFF, 0x80, 0x80, 0x80, 0xFF, 0xE6, 0xE6, 0xE6, 0xFF, 0xE6, 0xE6, 0xE6, 0xFF, 0x80, 0x80, 0x80, 0xFF, 0x80, 0x80, 0x80, 0xFF, 0x80, 0x80, 0x80, 0xFF, 0x80, 0x80, 0x80, 0xFF,
  0x80, 0x80, 0x80, 0xFF, 0x80, 0x80, 0x80, 0xFF, 0x80, 0x80, 0x80, 0xFF, 0xA8, 0xA8, 0xA8, 0xFF, 0xA8, 0xA8, 0xA8, 0xFF, 0x00, 0x00, 0x00, 0xFF, 0x00, 0x00, 0x00, 0xFF, 0xA8, 0xA8, 0xA8, 0xFF,
  0xA8, 0xA8, 0xA8, 0xFF, 0xA8, 0xA8, 0xA8, 0xFF, 0x80, 0x80, 0x80, 0xFF, 0x80, 0x80, 0x80, 0xFF, 0x80, 0x80, 0x80, 0xFF, 0x80, 0x80, 0x80, 0xFF, 0x80, 0x80, 0x80, 0xFF, 0x80, 0x80, 0x80, 0xFF,
  0x80, 0x80, 0x80, 0xFF, 0x80, 0x80, 0x80, 0xFF, 0x80, 0x80, 0x80, 0xFF, 0x80, 0x80, 0x80, 0xFF, 0x80, 0x80, 0x80, 0xFF, 0x80, 0x80, 0x80, 0xFF, 0x80, 0x80, 0x80, 0xFF, 0x80, 0x80, 0x80, 0xFF,
  0xA8, 0xA8, 0xA8, 0xFF, 0xA8, 0xA8, 0xA8, 0xFF, 0xA8, 0xA8, 0xA8, 0xFF, 0x00, 0x00, 0x00, 0xFF, 0x00, 0x00, 0x00, 0xFF, 0xA8, 0xA8, 0xA8, 0xFF, 0xA8, 0xA8, 0xA8, 0xFF, 0xA8, 0xA8, 0xA8, 0xFF,
  0xA8, 0xA8, 0xA8, 0xFF, 0xA8, 0xA8, 0xA8, 0xFF, 0xA8, 0xA8, 0xA8, 0xFF, 0xA8, 0xA8, 0xA8, 0xFF, 0xA8, 0xA8, 0xA8, 0xFF, 0xA8, 0xA8, 0xA8, 0xFF, 0xA8, 0xA8, 0xA8, 0xFF, 0xA8, 0xA8, 0xA8, 0xFF,
  0xA8, 0xA8, 0xA8, 0xFF, 0xA8, 0xA8, 0xA8, 0xFF, 0xA8, 0xA8, 0xA8, 0xFF, 0xA8, 0xA8, 0xA8, 0xFF, 0xA8, 0xA8, 0xA8, 0xFF, 0xA8, 0xA8, 0xA8, 0xFF, 0xA8, 0xA8, 0xA8, 0xFF, 0xA8, 0xA8, 0xA8, 0xFF,
  0xA8, 0xA8, 0xA8, 0xFF, 0x00, 0x00, 0x00, 0xFF, 0x00, 0x00, 0x00, 0xFF, 0x50, 0x50, 0x51, 0xFF, 0xA8, 0xA8, 0xA8, 0xFF, 0xA8, 0xA8, 0xA8, 0xFF, 0xA8, 0xA8, 0xA8, 0xFF, 0xA8, 0xA8, 0xA8, 0xFF,
  0xA8, 0xA8, 0xA8, 0xFF, 0xA8, 0xA8, 0xA8, 0xFF, 0xA8, 0xA8, 0xA8, 0xFF, 0xA8, 0xA8, 0xA8, 0xFF, 0xA8, 0xA8, 0xA8, 0xFF, 0xA8, 0xA8, 0xA8, 0xFF, 0xA8, 0xA8, 0xA8, 0xFF, 0xA8, 0xA8, 0xA8, 0xFF,
  0xA8, 0xA8, 0xA8, 0xFF, 0xA8, 0xA8, 0xA8, 0xFF, 0xA8, 0xA8, 0xA8, 0xFF, 0xA8, 0xA8, 0xA8, 0xFF, 0xA8, 0xA8, 0xA8, 0xFF, 0xA8, 0xA8, 0xA8, 0xFF, 0x00, 0x00, 0x00, 0xFF, 0x00, 0x00, 0x00, 0xFF,
  0x00, 0x00, 0x00, 0xFF, 0x00, 0x00, 0x00, 0xFF, 0x39, 0x39, 0x3C, 0xFF, 0x39, 0x39, 0x3C, 0xFF, 0x39, 0x39, 0x3C, 0xFF, 0x39, 0x39, 0x3C, 0xFF, 0x39, 0x39, 0x3C, 0xFF, 0x39, 0x39, 0x3C, 0xFF,
  0x39, 0x39, 0x3C, 0xFF, 0x39, 0x39, 0x3C, 0xFF, 0x39, 0x39, 0x3C, 0xFF, 0x39, 0x39, 0x3C, 0xFF, 0x39, 0x39, 0x3C, 0xFF, 0x39, 0x39, 0x3C, 0xFF, 0x39, 0x39, 0x3C, 0xFF, 0x39, 0x39, 0x3C, 0xFF,
  0x39, 0x39, 0x3C, 0xFF, 0x39, 0x39, 0x3C, 0xFF, 0x39, 0x39, 0x3C, 0xFF, 0x39, 0x39, 0x3C, 0xFF, 0x00, 0x00, 0x00, 0xFF, 0x00, 0x00, 0x00, 0xFF, 0x00, 0x00, 0x00, 0x00, 0x00, 0x00, 0x00, 0xFF,
  0x00, 0x00, 0x00, 0xFF, 0x00, 0x00, 0x00, 0xFF, 0x00, 0x00, 0x00, 0xFF, 0x00, 0x00, 0x00, 0xFF, 0x00, 0x00, 0x00, 0xFF, 0x00, 0x00, 0x00, 0xFF, 0x00, 0x00, 0x00, 0xFF, 0x00, 0x00, 0x00, 0xFF,
  0x00, 0x00, 0x00, 0xFF, 0x00, 0x00, 0x00, 0xFF, 0x00, 0x00, 0x00, 0xFF, 0x00, 0x00, 0x00, 0xFF, 0x00, 0x00, 0x00, 0xFF, 0x00, 0x00, 0x00, 0xFF, 0x00, 0x00, 0x00, 0xFF, 0x00, 0x00, 0x00, 0xFF,
  0x00, 0x00, 0x00, 0xFF, 0x00, 0x00, 0x00, 0xFF, 0x00, 0x00, 0x00, 0xFF, 0x00, 0x00, 0x00, 0x00,
};
static const NcControlRgba nc_ctrl_rgba_interact_pressed = { nc_rgba_interact_pressed, 22, 22 };

static const unsigned char nc_rgba_jump[] = {
  0xFF, 0xFF, 0xFF, 0x00, 0x00, 0x00, 0x00, 0xFF, 0x00, 0x00, 0x00, 0xFF, 0x00, 0x00, 0x00, 0xFF, 0x00, 0x00, 0x00, 0xFF, 0x00, 0x00, 0x00, 0xFF, 0x00, 0x00, 0x00, 0xFF, 0x00, 0x00, 0x00, 0xFF,
  0x00, 0x00, 0x00, 0xFF, 0x00, 0x00, 0x00, 0xFF, 0x00, 0x00, 0x00, 0xFF, 0x00, 0x00, 0x00, 0xFF, 0x00, 0x00, 0x00, 0xFF, 0x00, 0x00, 0x00, 0xFF, 0x00, 0x00, 0x00, 0xFF, 0x00, 0x00, 0x00, 0xFF,
  0x00, 0x00, 0x00, 0xFF, 0x00, 0x00, 0x00, 0xFF, 0x00, 0x00, 0x00, 0xFF, 0x00, 0x00, 0x00, 0xFF, 0x00, 0x00, 0x00, 0xFF, 0xFF, 0xFF, 0xFF, 0x00, 0x00, 0x00, 0x00, 0xFF, 0x00, 0x00, 0x00, 0xFF,
  0x68, 0x68, 0x68, 0xFF, 0x68, 0x68, 0x68, 0xFF, 0x68, 0x68, 0x68, 0xFF, 0x68, 0x68, 0x68, 0xFF, 0x68, 0x68, 0x68, 0xFF, 0x68, 0x68, 0x68, 0xFF, 0x68, 0x68, 0x68, 0xFF, 0x68, 0x68, 0x68, 0xFF,
  0x68, 0x68, 0x68, 0xFF, 0x68, 0x68, 0x68, 0xFF, 0x68, 0x68, 0x68, 0xFF, 0x68, 0x68, 0x68, 0xFF, 0x68, 0x68, 0x68, 0xFF, 0x68, 0x68, 0x68, 0xFF, 0x68, 0x68, 0x68, 0xFF, 0x68, 0x68, 0x68, 0xFF,
  0x68, 0x68, 0x68, 0xFF, 0x68, 0x68, 0x68, 0xFF, 0x00, 0x00, 0x00, 0xFF, 0x00, 0x00, 0x00, 0xFF, 0x00, 0x00, 0x00, 0xFF, 0x68, 0x68, 0x68, 0xFF, 0x68, 0x68, 0x68, 0xFF, 0x68, 0x68, 0x68, 0xFF,
  0x68, 0x68, 0x68, 0xFF, 0x68, 0x68, 0x68, 0xFF, 0x68, 0x68, 0x68, 0xFF, 0x68, 0x68, 0x68, 0xFF, 0x68, 0x68, 0x68, 0xFF, 0x68, 0x68, 0x68, 0xFF, 0x68, 0x68, 0x68, 0xFF, 0x68, 0x68, 0x68, 0xFF,
  0x68, 0x68, 0x68, 0xFF, 0x68, 0x68, 0x68, 0xFF, 0x68, 0x68, 0x68, 0xFF, 0x68, 0x68, 0x68, 0xFF, 0x68, 0x68, 0x68, 0xFF, 0x68, 0x68, 0x68, 0xFF, 0x68, 0x68, 0x68, 0xFF, 0x68, 0x68, 0x68, 0xFF,
  0x68, 0x68, 0x68, 0xFF, 0x00, 0x00, 0x00, 0xFF, 0x00, 0x00, 0x00, 0xFF, 0x68, 0x68, 0x68, 0xFF, 0x68, 0x68, 0x68, 0xFF, 0x68, 0x68, 0x68, 0xFF, 0x80, 0x80, 0x80, 0xFF, 0x80, 0x80, 0x80, 0xFF,
  0x80, 0x80, 0x80, 0xFF, 0x80, 0x80, 0x80, 0xFF, 0x80, 0x80, 0x80, 0xFF, 0x80, 0x80, 0x80, 0xFF, 0x80, 0x80, 0x80, 0xFF, 0x80, 0x80, 0x80, 0xFF, 0x80, 0x80, 0x80, 0xFF, 0x80, 0x80, 0x80, 0xFF,
  0x80, 0x80, 0x80, 0xFF, 0x80, 0x80, 0x80, 0xFF, 0x80, 0x80, 0x80, 0xFF, 0x80, 0x80, 0x80, 0xFF, 0x68, 0x68, 0x68, 0xFF, 0x68, 0x68, 0x68, 0xFF, 0x68, 0x68, 0x68, 0xFF, 0x00, 0x00, 0x00, 0xFF,
  0x00, 0x00, 0x00, 0xFF, 0x68, 0x68, 0x68, 0xFF, 0x68, 0x68, 0x68, 0xFF, 0x80, 0x80, 0x80, 0xFF, 0x80, 0x80, 0x80, 0xFF, 0x80, 0x80, 0x80, 0xFF, 0x80, 0x80, 0x80, 0xFF, 0x80, 0x80, 0x80, 0xFF,
  0x80, 0x80, 0x80, 0xFF, 0x80, 0x80, 0x80, 0xFF, 0x80, 0x80, 0x80, 0xFF, 0x80, 0x80, 0x80, 0xFF, 0x80, 0x80, 0x80, 0xFF, 0x80, 0x80, 0x80, 0xFF, 0x80, 0x80, 0x80, 0xFF, 0x80, 0x80, 0x80, 0xFF,
  0x80, 0x80, 0x80, 0xFF, 0x80, 0x80, 0x80, 0xFF, 0x80, 0x80, 0x80, 0xFF, 0x68, 0x68, 0x68, 0xFF, 0x68, 0x68, 0x68, 0xFF, 0x00, 0x00, 0x00, 0xFF, 0x00, 0x00, 0x00, 0xFF, 0x68, 0x68, 0x68, 0xFF,
  0x68, 0x68, 0x68, 0xFF, 0x80, 0x80, 0x80, 0xFF, 0x80, 0x80, 0x80, 0xFF, 0x80, 0x80, 0x80, 0xFF, 0x80, 0x80, 0x80, 0xFF, 0x80, 0x80, 0x80, 0xFF, 0x80, 0x80, 0x80, 0xFF, 0x80, 0x80, 0x80, 0xFF,
  0x00, 0x00, 0x00, 0xFF, 0x00, 0x00, 0x00, 0xFF, 0x80, 0x80, 0x80, 0xFF, 0x80, 0x80, 0x80, 0xFF, 0x80, 0x80, 0x80, 0xFF, 0x80, 0x80, 0x80, 0xFF, 0x80, 0x80, 0x80, 0xFF, 0x80, 0x80, 0x80, 0xFF,
  0x80, 0x80, 0x80, 0xFF, 0x68, 0x68, 0x68, 0xFF, 0x68, 0x68, 0x68, 0xFF, 0x00, 0x00, 0x00, 0xFF, 0x00, 0x00, 0x00, 0xFF, 0x68, 0x68, 0x68, 0xFF, 0x68, 0x68, 0x68, 0xFF, 0x80, 0x80, 0x80, 0xFF,
  0x80, 0x80, 0x80, 0xFF, 0x80, 0x80, 0x80, 0xFF, 0x80, 0x80, 0x80, 0xFF, 0x80, 0x80, 0x80, 0xFF, 0x80, 0x80, 0x80, 0xFF, 0x00, 0x00, 0x00, 0xFF, 0x00, 0x00, 0x00, 0xFF, 0x00, 0x00, 0x00, 0xFF,
  0x00, 0x00, 0x00, 0xFF, 0x80, 0x80, 0x80, 0xFF, 0x80, 0x80, 0x80, 0xFF, 0x80, 0x80, 0x80, 0xFF, 0x80, 0x80, 0x80, 0xFF, 0x80, 0x80, 0x80, 0xFF, 0x80, 0x80, 0x80, 0xFF, 0x68, 0x68, 0x68, 0xFF,
  0x68, 0x68, 0x68, 0xFF, 0x00, 0x00, 0x00, 0xFF, 0x00, 0x00, 0x00, 0xFF, 0x68, 0x68, 0x68, 0xFF, 0x68, 0x68, 0x68, 0xFF, 0x80, 0x80, 0x80, 0xFF, 0x80, 0x80, 0x80, 0xFF, 0x80, 0x80, 0x80, 0xFF,
  0x80, 0x80, 0x80, 0xFF, 0x80, 0x80, 0x80, 0xFF, 0x00, 0x00, 0x00, 0xFF, 0x00, 0x00, 0x00, 0xFF, 0x00, 0x00, 0x00, 0xFF, 0x00, 0x00, 0x00, 0xFF, 0x00, 0x00, 0x00, 0xFF, 0x00, 0x00, 0x00, 0xFF,
  0x80, 0x80, 0x80, 0xFF, 0x80, 0x80, 0x80, 0xFF, 0x80, 0x80, 0x80, 0xFF, 0x80, 0x80, 0x80, 0xFF, 0x80, 0x80, 0x80, 0xFF, 0x68, 0x68, 0x68, 0xFF, 0x68, 0x68, 0x68, 0xFF, 0x00, 0x00, 0x00, 0xFF,
  0x00, 0x00, 0x00, 0xFF, 0x68, 0x68, 0x68, 0xFF, 0x68, 0x68, 0x68, 0xFF, 0x80, 0x80, 0x80, 0xFF, 0x80, 0x80, 0x80, 0xFF, 0x80, 0x80, 0x80, 0xFF, 0x80, 0x80, 0x80, 0xFF, 0x00, 0x00, 0x00, 0xFF,
  0x00, 0x00, 0x00, 0xFF, 0x00, 0x00, 0x00, 0xFF, 0x00, 0x00, 0x00, 0xFF, 0x00, 0x00, 0x00, 0xFF, 0x00, 0x00, 0x00, 0xFF, 0x00, 0x00, 0x00, 0xFF, 0x00, 0x00, 0x00, 0xFF, 0x80, 0x80, 0x80, 0xFF,
  0x80, 0x80, 0x80, 0xFF, 0x80, 0x80, 0x80, 0xFF, 0x80, 0x80, 0x80, 0xFF, 0x68, 0x68, 0x68, 0xFF, 0x68, 0x68, 0x68, 0xFF, 0x00, 0x00, 0x00, 0xFF, 0x00, 0x00, 0x00, 0xFF, 0x68, 0x68, 0x68, 0xFF,
  0x68, 0x68, 0x68, 0xFF, 0x80, 0x80, 0x80, 0xFF, 0x80, 0x80, 0x80, 0xFF, 0x80, 0x80, 0x80, 0xFF, 0x80, 0x80, 0x80, 0xFF, 0x80, 0x80, 0x80, 0xFF, 0x80, 0x80, 0x80, 0xFF, 0x00, 0x00, 0x00, 0xFF,
  0x00, 0x00, 0x00, 0xFF, 0x00, 0x00, 0x00, 0xFF, 0x00, 0x00, 0x00, 0xFF, 0x80, 0x80, 0x80, 0xFF, 0x80, 0x80, 0x80, 0xFF, 0x80, 0x80, 0x80, 0xFF, 0x80, 0x80, 0x80, 0xFF, 0x80, 0x80, 0x80, 0xFF,
  0x80, 0x80, 0x80, 0xFF, 0x68, 0x68, 0x68, 0xFF, 0x68, 0x68, 0x68, 0xFF, 0x00, 0x00, 0x00, 0xFF, 0x00, 0x00, 0x00, 0xFF, 0x68, 0x68, 0x68, 0xFF, 0x68, 0x68, 0x68, 0xFF, 0x80, 0x80, 0x80, 0xFF,
  0x80, 0x80, 0x80, 0xFF, 0x80, 0x80, 0x80, 0xFF, 0x80, 0x80, 0x80, 0xFF, 0x80, 0x80, 0x80, 0xFF, 0x80, 0x80, 0x80, 0xFF, 0x00, 0x00, 0x00, 0xFF, 0x00, 0x00, 0x00, 0xFF, 0x00, 0x00, 0x00, 0xFF,
  0x00, 0x00, 0x00, 0xFF, 0x80, 0x80, 0x80, 0xFF, 0x80, 0x80, 0x80, 0xFF, 0x80, 0x80, 0x80, 0xFF, 0x80, 0x80, 0x80, 0xFF, 0x80, 0x80, 0x80, 0xFF, 0x80, 0x80, 0x80, 0xFF, 0x68, 0x68, 0x68, 0xFF,
  0x68, 0x68, 0x68, 0xFF, 0x00, 0x00, 0x00, 0xFF, 0x00, 0x00, 0x00, 0xFF, 0x68, 0x68, 0x68, 0xFF, 0x68, 0x68, 0x68, 0xFF, 0x80, 0x80, 0x80, 0xFF, 0x80, 0x80, 0x80, 0xFF, 0x80, 0x80, 0x80, 0xFF,
  0x80, 0x80, 0x80, 0xFF, 0x80, 0x80, 0x80, 0xFF, 0x80, 0x80, 0x80, 0xFF, 0x00, 0x00, 0x00, 0xFF, 0x00, 0x00, 0x00, 0xFF, 0x00, 0x00, 0x00, 0xFF, 0x00, 0x00, 0x00, 0xFF, 0x80, 0x80, 0x80, 0xFF,
  0x80, 0x80, 0x80, 0xFF, 0x80, 0x80, 0x80, 0xFF, 0x80, 0x80, 0x80, 0xFF, 0x80, 0x80, 0x80, 0xFF, 0x80, 0x80, 0x80, 0xFF, 0x68, 0x68, 0x68, 0xFF, 0x68, 0x68, 0x68, 0xFF, 0x00, 0x00, 0x00, 0xFF,
  0x00, 0x00, 0x00, 0xFF, 0x68, 0x68, 0x68, 0xFF, 0x68, 0x68, 0x68, 0xFF, 0x80, 0x80, 0x80, 0xFF, 0x80, 0x80, 0x80, 0xFF, 0x80, 0x80, 0x80, 0xFF, 0x80, 0x80, 0x80, 0xFF, 0x80, 0x80, 0x80, 0xFF,
  0x80, 0x80, 0x80, 0xFF, 0x80, 0x80, 0x80, 0xFF, 0x80, 0x80, 0x80, 0xFF, 0x80, 0x80, 0x80, 0xFF, 0x80, 0x80, 0x80, 0xFF, 0x80, 0x80, 0x80, 0xFF, 0x80, 0x80, 0x80, 0xFF, 0x80, 0x80, 0x80, 0xFF,
  0x80, 0x80, 0x80, 0xFF, 0x80, 0x80, 0x80, 0xFF, 0x80, 0x80, 0x80, 0xFF, 0x68, 0x68, 0x68, 0xFF, 0x68, 0x68, 0x68, 0xFF, 0x00, 0x00, 0x00, 0xFF, 0x00, 0x00, 0x00, 0xFF, 0x68, 0x68, 0x68, 0xFF,
  0x68, 0x68, 0x68, 0xFF, 0x80, 0x80, 0x80, 0xFF, 0x80, 0x80, 0x80, 0xFF, 0x80, 0x80, 0x80, 0xFF, 0x80, 0x80, 0x80, 0xFF, 0x80, 0x80, 0x80, 0xFF, 0x80, 0x80, 0x80, 0xFF, 0x80, 0x80, 0x80, 0xFF,
  0x80, 0x80, 0x80, 0xFF, 0x80, 0x80, 0x80, 0xFF, 0x80, 0x80, 0x80, 0xFF, 0x80, 0x80, 0x80, 0xFF, 0x80, 0x80, 0x80, 0xFF, 0x80, 0x80, 0x80, 0xFF, 0x80, 0x80, 0x80, 0xFF, 0x80, 0x80, 0x80, 0xFF,
  0x80, 0x80, 0x80, 0xFF, 0x68, 0x68, 0x68, 0xFF, 0x68, 0x68, 0x68, 0xFF, 0x00, 0x00, 0x00, 0xFF, 0x00, 0x00, 0x00, 0xFF, 0x68, 0x68, 0x68, 0xFF, 0x68, 0x68, 0x68, 0xFF, 0x80, 0x80, 0x80, 0xFF,
  0x80, 0x80, 0x80, 0xFF, 0x80, 0x80, 0x80, 0xFF, 0x80, 0x80, 0x80, 0xFF, 0x00, 0x00, 0x00, 0xFF, 0x00, 0x00, 0x00, 0xFF, 0x00, 0x00, 0x00, 0xFF, 0x00, 0x00, 0x00, 0xFF, 0x00, 0x00, 0x00, 0xFF,
  0x00, 0x00, 0x00, 0xFF, 0x00, 0x00, 0x00, 0xFF, 0x00, 0x00, 0x00, 0xFF, 0x80, 0x80, 0x80, 0xFF, 0x80, 0x80, 0x80, 0xFF, 0x80, 0x80, 0x80, 0xFF, 0x80, 0x80, 0x80, 0xFF, 0x68, 0x68, 0x68, 0xFF,
  0x68, 0x68, 0x68, 0xFF, 0x00, 0x00, 0x00, 0xFF, 0x00, 0x00, 0x00, 0xFF, 0x68, 0x68, 0x68, 0xFF, 0x68, 0x68, 0x68, 0xFF, 0x80, 0x80, 0x80, 0xFF, 0x80, 0x80, 0x80, 0xFF, 0x80, 0x80, 0x80, 0xFF,
  0x80, 0x80, 0x80, 0xFF, 0x80, 0x80, 0x80, 0xFF, 0x80, 0x80, 0x80, 0xFF, 0x80, 0x80, 0x80, 0xFF, 0x80, 0x80, 0x80, 0xFF, 0x80, 0x80, 0x80, 0xFF, 0x80, 0x80, 0x80, 0xFF, 0x80, 0x80, 0x80, 0xFF,
  0x80, 0x80, 0x80, 0xFF, 0x80, 0x80, 0x80, 0xFF, 0x80, 0x80, 0x80, 0xFF, 0x80, 0x80, 0x80, 0xFF, 0x80, 0x80, 0x80, 0xFF, 0x68, 0x68, 0x68, 0xFF, 0x68, 0x68, 0x68, 0xFF, 0x00, 0x00, 0x00, 0xFF,
  0x00, 0x00, 0x00, 0xFF, 0x68, 0x68, 0x68, 0xFF, 0x68, 0x68, 0x68, 0xFF, 0x68, 0x68, 0x68, 0xFF, 0x80, 0x80, 0x80, 0xFF, 0x80, 0x80, 0x80, 0xFF, 0x80, 0x80, 0x80, 0xFF, 0x80, 0x80, 0x80, 0xFF,
  0x80, 0x80, 0x80, 0xFF, 0x80, 0x80, 0x80, 0xFF, 0x80, 0x80, 0x80, 0xFF, 0x80, 0x80, 0x80, 0xFF, 0x80, 0x80, 0x80, 0xFF, 0x80, 0x80, 0x80, 0xFF, 0x80, 0x80, 0x80, 0xFF, 0x80, 0x80, 0x80, 0xFF,
  0x80, 0x80, 0x80, 0xFF, 0x80, 0x80, 0x80, 0xFF, 0x68, 0x68, 0x68, 0xFF, 0x68, 0x68, 0x68, 0xFF, 0x68, 0x68, 0x68, 0xFF, 0x00, 0x00, 0x00, 0xFF, 0x00, 0x00, 0x00, 0xFF, 0x68, 0x68, 0x68, 0xFF,
  0x68, 0x68, 0x68, 0xFF, 0x68, 0x68, 0x68, 0xFF, 0x68, 0x68, 0x68, 0xFF, 0x68, 0x68, 0x68, 0xFF, 0x68, 0x68, 0x68, 0xFF, 0x68, 0x68, 0x68, 0xFF, 0x68, 0x68, 0x68, 0xFF, 0x68, 0x68, 0x68, 0xFF,
  0x68, 0x68, 0x68, 0xFF, 0x68, 0x68, 0x68, 0xFF, 0x68, 0x68, 0x68, 0xFF, 0x68, 0x68, 0x68, 0xFF, 0x68, 0x68, 0x68, 0xFF, 0x68, 0x68, 0x68, 0xFF, 0x68, 0x68, 0x68, 0xFF, 0x68, 0x68, 0x68, 0xFF,
  0x68, 0x68, 0x68, 0xFF, 0x68, 0x68, 0x68, 0xFF, 0x68, 0x68, 0x68, 0xFF, 0x00, 0x00, 0x00, 0xFF, 0x00, 0x00, 0x00, 0xFF, 0x50, 0x50, 0x51, 0xFF, 0x68, 0x68, 0x68, 0xFF, 0x68, 0x68, 0x68, 0xFF,
  0x68, 0x68, 0x68, 0xFF, 0x68, 0x68, 0x68, 0xFF, 0x68, 0x68, 0x68, 0xFF, 0x68, 0x68, 0x68, 0xFF, 0x68, 0x68, 0x68, 0xFF, 0x68, 0x68, 0x68, 0xFF, 0x68, 0x68, 0x68, 0xFF, 0x68, 0x68, 0x68, 0xFF,
  0x68, 0x68, 0x68, 0xFF, 0x68, 0x68, 0x68, 0xFF, 0x68, 0x68, 0x68, 0xFF, 0x68, 0x68, 0x68, 0xFF, 0x68, 0x68, 0x68, 0xFF, 0x68, 0x68, 0x68, 0xFF, 0x68, 0x68, 0x68, 0xFF, 0x68, 0x68, 0x68, 0xFF,
  0x12, 0x12, 0x13, 0xFF, 0x00, 0x00, 0x00, 0xFF, 0x00, 0x00, 0x00, 0xFF, 0x50, 0x50, 0x51, 0xFF, 0x39, 0x39, 0x3C, 0xFF, 0x39, 0x39, 0x3C, 0xFF, 0x39, 0x39, 0x3C, 0xFF, 0x39, 0x39, 0x3C, 0xFF,
  0x39, 0x39, 0x3C, 0xFF, 0x39, 0x39, 0x3C, 0xFF, 0x39, 0x39, 0x3C, 0xFF, 0x39, 0x39, 0x3C, 0xFF, 0x39, 0x39, 0x3C, 0xFF, 0x39, 0x39, 0x3C, 0xFF, 0x39, 0x39, 0x3C, 0xFF, 0x39, 0x39, 0x3C, 0xFF,
  0x39, 0x39, 0x3C, 0xFF, 0x39, 0x39, 0x3C, 0xFF, 0x39, 0x39, 0x3C, 0xFF, 0x39, 0x39, 0x3C, 0xFF, 0x39, 0x39, 0x3C, 0xFF, 0x39, 0x39, 0x3C, 0xFF, 0x12, 0x12, 0x13, 0xFF, 0x00, 0x00, 0x00, 0xFF,
  0x00, 0x00, 0x00, 0xFF, 0x00, 0x00, 0x00, 0xFF, 0x39, 0x39, 0x3C, 0xFF, 0x39, 0x39, 0x3C, 0xFF, 0x39, 0x39, 0x3C, 0xFF, 0x39, 0x39, 0x3C, 0xFF, 0x39, 0x39, 0x3C, 0xFF, 0x39, 0x39, 0x3C, 0xFF,
  0x39, 0x39, 0x3C, 0xFF, 0x39, 0x39, 0x3C, 0xFF, 0x39, 0x39, 0x3C, 0xFF, 0x39, 0x39, 0x3C, 0xFF, 0x39, 0x39, 0x3C, 0xFF, 0x39, 0x39, 0x3C, 0xFF, 0x39, 0x39, 0x3C, 0xFF, 0x39, 0x39, 0x3C, 0xFF,
  0x39, 0x39, 0x3C, 0xFF, 0x39, 0x39, 0x3C, 0xFF, 0x39, 0x39, 0x3C, 0xFF, 0x39, 0x39, 0x3C, 0xFF, 0x00, 0x00, 0x00, 0xFF, 0x00, 0x00, 0x00, 0xFF, 0xFF, 0xFF, 0xFF, 0x00, 0x00, 0x00, 0x00, 0xFF,
  0x00, 0x00, 0x00, 0xFF, 0x00, 0x00, 0x00, 0xFF, 0x00, 0x00, 0x00, 0xFF, 0x00, 0x00, 0x00, 0xFF, 0x00, 0x00, 0x00, 0xFF, 0x00, 0x00, 0x00, 0xFF, 0x00, 0x00, 0x00, 0xFF, 0x00, 0x00, 0x00, 0xFF,
  0x00, 0x00, 0x00, 0xFF, 0x00, 0x00, 0x00, 0xFF, 0x00, 0x00, 0x00, 0xFF, 0x00, 0x00, 0x00, 0xFF, 0x00, 0x00, 0x00, 0xFF, 0x00, 0x00, 0x00, 0xFF, 0x00, 0x00, 0x00, 0xFF, 0x00, 0x00, 0x00, 0xFF,
  0x00, 0x00, 0x00, 0xFF, 0x00, 0x00, 0x00, 0xFF, 0x00, 0x00, 0x00, 0xFF, 0xFF, 0xFF, 0xFF, 0x00,
};
static const NcControlRgba nc_ctrl_rgba_jump = { nc_rgba_jump, 22, 22 };

static const unsigned char nc_rgba_jump_pressed[] = {
  0xFF, 0xFF, 0xFF, 0x00, 0xFF, 0xFF, 0xFF, 0x00, 0xFF, 0xFF, 0xFF, 0x00, 0xFF, 0xFF, 0xFF, 0x00, 0xFF, 0xFF, 0xFF, 0x00, 0xFF, 0xFF, 0xFF, 0x00, 0xFF, 0xFF, 0xFF, 0x00, 0xFF, 0xFF, 0xFF, 0x00,
  0xFF, 0xFF, 0xFF, 0x00, 0xFF, 0xFF, 0xFF, 0x00, 0xFF, 0xFF, 0xFF, 0x00, 0xFF, 0xFF, 0xFF, 0x00, 0xFF, 0xFF, 0xFF, 0x00, 0xFF, 0xFF, 0xFF, 0x00, 0xFF, 0xFF, 0xFF, 0x00, 0xFF, 0xFF, 0xFF, 0x00,
  0xFF, 0xFF, 0xFF, 0x00, 0xFF, 0xFF, 0xFF, 0x00, 0xFF, 0xFF, 0xFF, 0x00, 0xFF, 0xFF, 0xFF, 0x00, 0xFF, 0xFF, 0xFF, 0x00, 0xFF, 0xFF, 0xFF, 0x00, 0xFF, 0xFF, 0xFF, 0x00, 0x00, 0x00, 0x00, 0xFF,
  0x00, 0x00, 0x00, 0xFF, 0x00, 0x00, 0x00, 0xFF, 0x00, 0x00, 0x00, 0xFF, 0x00, 0x00, 0x00, 0xFF, 0x00, 0x00, 0x00, 0xFF, 0x00, 0x00, 0x00, 0xFF, 0x00, 0x00, 0x00, 0xFF, 0x00, 0x00, 0x00, 0xFF,
  0x00, 0x00, 0x00, 0xFF, 0x00, 0x00, 0x00, 0xFF, 0x00, 0x00, 0x00, 0xFF, 0x00, 0x00, 0x00, 0xFF, 0x00, 0x00, 0x00, 0xFF, 0x00, 0x00, 0x00, 0xFF, 0x00, 0x00, 0x00, 0xFF, 0x00, 0x00, 0x00, 0xFF,
  0x00, 0x00, 0x00, 0xFF, 0x00, 0x00, 0x00, 0xFF, 0x00, 0x00, 0x00, 0xFF, 0xFF, 0xFF, 0xFF, 0x00, 0x00, 0x00, 0x00, 0xFF, 0x00, 0x00, 0x00, 0xFF, 0xA8, 0xA8, 0xA8, 0xFF, 0xA8, 0xA8, 0xA8, 0xFF,
  0xA8, 0xA8, 0xA8, 0xFF, 0xA8, 0xA8, 0xA8, 0xFF, 0xA8, 0xA8, 0xA8, 0xFF, 0xA8, 0xA8, 0xA8, 0xFF, 0xA8, 0xA8, 0xA8, 0xFF, 0xA8, 0xA8, 0xA8, 0xFF, 0xA8, 0xA8, 0xA8, 0xFF, 0xA8, 0xA8, 0xA8, 0xFF,
  0xA8, 0xA8, 0xA8, 0xFF, 0xA8, 0xA8, 0xA8, 0xFF, 0xA8, 0xA8, 0xA8, 0xFF, 0xA8, 0xA8, 0xA8, 0xFF, 0xA8, 0xA8, 0xA8, 0xFF, 0xA8, 0xA8, 0xA8, 0xFF, 0xA8, 0xA8, 0xA8, 0xFF, 0xA8, 0xA8, 0xA8, 0xFF,
  0x00, 0x00, 0x00, 0xFF, 0x00, 0x00, 0x00, 0xFF, 0x00, 0x00, 0x00, 0xFF, 0xA8, 0xA8, 0xA8, 0xFF, 0xA8, 0xA8, 0xA8, 0xFF, 0xA8, 0xA8, 0xA8, 0xFF, 0xA8, 0xA8, 0xA8, 0xFF, 0xA8, 0xA8, 0xA8, 0xFF,
  0xA8, 0xA8, 0xA8, 0xFF, 0xA8, 0xA8, 0xA8, 0xFF, 0xA8, 0xA8, 0xA8, 0xFF, 0xA8, 0xA8, 0xA8, 0xFF, 0xA8, 0xA8, 0xA8, 0xFF, 0xA8, 0xA8, 0xA8, 0xFF, 0xA8, 0xA8, 0xA8, 0xFF, 0xA8, 0xA8, 0xA8, 0xFF,
  0xA8, 0xA8, 0xA8, 0xFF, 0xA8, 0xA8, 0xA8, 0xFF, 0xA8, 0xA8, 0xA8, 0xFF, 0xA8, 0xA8, 0xA8, 0xFF, 0xA8, 0xA8, 0xA8, 0xFF, 0xA8, 0xA8, 0xA8, 0xFF, 0xA8, 0xA8, 0xA8, 0xFF, 0x00, 0x00, 0x00, 0xFF,
  0x00, 0x00, 0x00, 0xFF, 0xA8, 0xA8, 0xA8, 0xFF, 0xA8, 0xA8, 0xA8, 0xFF, 0xA8, 0xA8, 0xA8, 0xFF, 0x80, 0x80, 0x80, 0xFF, 0x80, 0x80, 0x80, 0xFF, 0x80, 0x80, 0x80, 0xFF, 0x80, 0x80, 0x80, 0xFF,
  0x80, 0x80, 0x80, 0xFF, 0x80, 0x80, 0x80, 0xFF, 0x80, 0x80, 0x80, 0xFF, 0x80, 0x80, 0x80, 0xFF, 0x80, 0x80, 0x80, 0xFF, 0x80, 0x80, 0x80, 0xFF, 0x80, 0x80, 0x80, 0xFF, 0x80, 0x80, 0x80, 0xFF,
  0x80, 0x80, 0x80, 0xFF, 0x80, 0x80, 0x80, 0xFF, 0xA8, 0xA8, 0xA8, 0xFF, 0xA8, 0xA8, 0xA8, 0xFF, 0xA8, 0xA8, 0xA8, 0xFF, 0x00, 0x00, 0x00, 0xFF, 0x00, 0x00, 0x00, 0xFF, 0xA8, 0xA8, 0xA8, 0xFF,
  0xA8, 0xA8, 0xA8, 0xFF, 0x80, 0x80, 0x80, 0xFF, 0x80, 0x80, 0x80, 0xFF, 0x80, 0x80, 0x80, 0xFF, 0x80, 0x80, 0x80, 0xFF, 0x80, 0x80, 0x80, 0xFF, 0x80, 0x80, 0x80, 0xFF, 0x80, 0x80, 0x80, 0xFF,
  0x80, 0x80, 0x80, 0xFF, 0x80, 0x80, 0x80, 0xFF, 0x80, 0x80, 0x80, 0xFF, 0x80, 0x80, 0x80, 0xFF, 0x80, 0x80, 0x80, 0xFF, 0x80, 0x80, 0x80, 0xFF, 0x80, 0x80, 0x80, 0xFF, 0x80, 0x80, 0x80, 0xFF,
  0x80, 0x80, 0x80, 0xFF, 0xA8, 0xA8, 0xA8, 0xFF, 0xA8, 0xA8, 0xA8, 0xFF, 0x00, 0x00, 0x00, 0xFF, 0x00, 0x00, 0x00, 0xFF, 0xA8, 0xA8, 0xA8, 0xFF, 0xA8, 0xA8, 0xA8, 0xFF, 0x80, 0x80, 0x80, 0xFF,
  0x80, 0x80, 0x80, 0xFF, 0x80, 0x80, 0x80, 0xFF, 0x80, 0x80, 0x80, 0xFF, 0x80, 0x80, 0x80, 0xFF, 0x80, 0x80, 0x80, 0xFF, 0x80, 0x80, 0x80, 0xFF, 0xE6, 0xE6, 0xE6, 0xFF, 0xE6, 0xE6, 0xE6, 0xFF,
  0x80, 0x80, 0x80, 0xFF, 0x80, 0x80, 0x80, 0xFF, 0x80, 0x80, 0x80, 0xFF, 0x80, 0x80, 0x80, 0xFF, 0x80, 0x80, 0x80, 0xFF, 0x80, 0x80, 0x80, 0xFF, 0x80, 0x80, 0x80, 0xFF, 0xA8, 0xA8, 0xA8, 0xFF,
  0xA8, 0xA8, 0xA8, 0xFF, 0x00, 0x00, 0x00, 0xFF, 0x00, 0x00, 0x00, 0xFF, 0xA8, 0xA8, 0xA8, 0xFF, 0xA8, 0xA8, 0xA8, 0xFF, 0x80, 0x80, 0x80, 0xFF, 0x80, 0x80, 0x80, 0xFF, 0x80, 0x80, 0x80, 0xFF,
  0x80, 0x80, 0x80, 0xFF, 0x80, 0x80, 0x80, 0xFF, 0x80, 0x80, 0x80, 0xFF, 0xE6, 0xE6, 0xE6, 0xFF, 0xE6, 0xE6, 0xE6, 0xFF, 0xE6, 0xE6, 0xE6, 0xFF, 0xE6, 0xE6, 0xE6, 0xFF, 0x80, 0x80, 0x80, 0xFF,
  0x80, 0x80, 0x80, 0xFF, 0x80, 0x80, 0x80, 0xFF, 0x80, 0x80, 0x80, 0xFF, 0x80, 0x80, 0x80, 0xFF, 0x80, 0x80, 0x80, 0xFF, 0xA8, 0xA8, 0xA8, 0xFF, 0xA8, 0xA8, 0xA8, 0xFF, 0x00, 0x00, 0x00, 0xFF,
  0x00, 0x00, 0x00, 0xFF, 0xA8, 0xA8, 0xA8, 0xFF, 0xA8, 0xA8, 0xA8, 0xFF, 0x80, 0x80, 0x80, 0xFF, 0x80, 0x80, 0x80, 0xFF, 0x80, 0x80, 0x80, 0xFF, 0x80, 0x80, 0x80, 0xFF, 0x80, 0x80, 0x80, 0xFF,
  0xE6, 0xE6, 0xE6, 0xFF, 0xE6, 0xE6, 0xE6, 0xFF, 0xE6, 0xE6, 0xE6, 0xFF, 0xE6, 0xE6, 0xE6, 0xFF, 0xE6, 0xE6, 0xE6, 0xFF, 0xE6, 0xE6, 0xE6, 0xFF, 0x80, 0x80, 0x80, 0xFF, 0x80, 0x80, 0x80, 0xFF,
  0x80, 0x80, 0x80, 0xFF, 0x80, 0x80, 0x80, 0xFF, 0x80, 0x80, 0x80, 0xFF, 0xA8, 0xA8, 0xA8, 0xFF, 0xA8, 0xA8, 0xA8, 0xFF, 0x00, 0x00, 0x00, 0xFF, 0x00, 0x00, 0x00, 0xFF, 0xA8, 0xA8, 0xA8, 0xFF,
  0xA8, 0xA8, 0xA8, 0xFF, 0x80, 0x80, 0x80, 0xFF, 0x80, 0x80, 0x80, 0xFF, 0x80, 0x80, 0x80, 0xFF, 0x80, 0x80, 0x80, 0xFF, 0xE6, 0xE6, 0xE6, 0xFF, 0xE6, 0xE6, 0xE6, 0xFF, 0xE6, 0xE6, 0xE6, 0xFF,
  0xE6, 0xE6, 0xE6, 0xFF, 0xE6, 0xE6, 0xE6, 0xFF, 0xE6, 0xE6, 0xE6, 0xFF, 0xE6, 0xE6, 0xE6, 0xFF, 0xE6, 0xE6, 0xE6, 0xFF, 0x80, 0x80, 0x80, 0xFF, 0x80, 0x80, 0x80, 0xFF, 0x80, 0x80, 0x80, 0xFF,
  0x80, 0x80, 0x80, 0xFF, 0xA8, 0xA8, 0xA8, 0xFF, 0xA8, 0xA8, 0xA8, 0xFF, 0x00, 0x00, 0x00, 0xFF, 0x00, 0x00, 0x00, 0xFF, 0xA8, 0xA8, 0xA8, 0xFF, 0xA8, 0xA8, 0xA8, 0xFF, 0x80, 0x80, 0x80, 0xFF,
  0x80, 0x80, 0x80, 0xFF, 0x80, 0x80, 0x80, 0xFF, 0x80, 0x80, 0x80, 0xFF, 0x80, 0x80, 0x80, 0xFF, 0x80, 0x80, 0x80, 0xFF, 0xE6, 0xE6, 0xE6, 0xFF, 0xE6, 0xE6, 0xE6, 0xFF, 0xE6, 0xE6, 0xE6, 0xFF,
  0xE6, 0xE6, 0xE6, 0xFF, 0x80, 0x80, 0x80, 0xFF, 0x80, 0x80, 0x80, 0xFF, 0x80, 0x80, 0x80, 0xFF, 0x80, 0x80, 0x80, 0xFF, 0x80, 0x80, 0x80, 0xFF, 0x80, 0x80, 0x80, 0xFF, 0xA8, 0xA8, 0xA8, 0xFF,
  0xA8, 0xA8, 0xA8, 0xFF, 0x00, 0x00, 0x00, 0xFF, 0x00, 0x00, 0x00, 0xFF, 0xA8, 0xA8, 0xA8, 0xFF, 0xA8, 0xA8, 0xA8, 0xFF, 0x80, 0x80, 0x80, 0xFF, 0x80, 0x80, 0x80, 0xFF, 0x80, 0x80, 0x80, 0xFF,
  0x80, 0x80, 0x80, 0xFF, 0x80, 0x80, 0x80, 0xFF, 0x80, 0x80, 0x80, 0xFF, 0xE6, 0xE6, 0xE6, 0xFF, 0xE6, 0xE6, 0xE6, 0xFF, 0xE6, 0xE6, 0xE6, 0xFF, 0xE6, 0xE6, 0xE6, 0xFF, 0x80, 0x80, 0x80, 0xFF,
  0x80, 0x80, 0x80, 0xFF, 0x80, 0x80, 0x80, 0xFF, 0x80, 0x80, 0x80, 0xFF, 0x80, 0x80, 0x80, 0xFF, 0x80, 0x80, 0x80, 0xFF, 0xA8, 0xA8, 0xA8, 0xFF, 0xA8, 0xA8, 0xA8, 0xFF, 0x00, 0x00, 0x00, 0xFF,
  0x00, 0x00, 0x00, 0xFF, 0xA8, 0xA8, 0xA8, 0xFF, 0xA8, 0xA8, 0xA8, 0xFF, 0x80, 0x80, 0x80, 0xFF, 0x80, 0x80, 0x80, 0xFF, 0x80, 0x80, 0x80, 0xFF, 0x80, 0x80, 0x80, 0xFF, 0x80, 0x80, 0x80, 0xFF,
  0x80, 0x80, 0x80, 0xFF, 0xE6, 0xE6, 0xE6, 0xFF, 0xE6, 0xE6, 0xE6, 0xFF, 0xE6, 0xE6, 0xE6, 0xFF, 0xE6, 0xE6, 0xE6, 0xFF, 0x80, 0x80, 0x80, 0xFF, 0x80, 0x80, 0x80, 0xFF, 0x80, 0x80, 0x80, 0xFF,
  0x80, 0x80, 0x80, 0xFF, 0x80, 0x80, 0x80, 0xFF, 0x80, 0x80, 0x80, 0xFF, 0xA8, 0xA8, 0xA8, 0xFF, 0xA8, 0xA8, 0xA8, 0xFF, 0x00, 0x00, 0x00, 0xFF, 0x00, 0x00, 0x00, 0xFF, 0xA8, 0xA8, 0xA8, 0xFF,
  0xA8, 0xA8, 0xA8, 0xFF, 0x80, 0x80, 0x80, 0xFF, 0x80, 0x80, 0x80, 0xFF, 0x80, 0x80, 0x80, 0xFF, 0x80, 0x80, 0x80, 0xFF, 0x80, 0x80, 0x80, 0xFF, 0x80, 0x80, 0x80, 0xFF, 0x80, 0x80, 0x80, 0xFF,
  0x80, 0x80, 0x80, 0xFF, 0x80, 0x80, 0x80, 0xFF, 0x80, 0x80, 0x80, 0xFF, 0x80, 0x80, 0x80, 0xFF, 0x80, 0x80, 0x80, 0xFF, 0x80, 0x80, 0x80, 0xFF, 0x80, 0x80, 0x80, 0xFF, 0x80, 0x80, 0x80, 0xFF,
  0x80, 0x80, 0x80, 0xFF, 0xA8, 0xA8, 0xA8, 0xFF, 0xA8, 0xA8, 0xA8, 0xFF, 0x00, 0x00, 0x00, 0xFF, 0x00, 0x00, 0x00, 0xFF, 0xA8, 0xA8, 0xA8, 0xFF, 0xA8, 0xA8, 0xA8, 0xFF, 0x80, 0x80, 0x80, 0xFF,
  0x80, 0x80, 0x80, 0xFF, 0x80, 0x80, 0x80, 0xFF, 0x80, 0x80, 0x80, 0xFF, 0x80, 0x80, 0x80, 0xFF, 0x80, 0x80, 0x80, 0xFF, 0x80, 0x80, 0x80, 0xFF, 0x80, 0x80, 0x80, 0xFF, 0x80, 0x80, 0x80, 0xFF,
  0x80, 0x80, 0x80, 0xFF, 0x80, 0x80, 0x80, 0xFF, 0x80, 0x80, 0x80, 0xFF, 0x80, 0x80, 0x80, 0xFF, 0x80, 0x80, 0x80, 0xFF, 0x80, 0x80, 0x80, 0xFF, 0x80, 0x80, 0x80, 0xFF, 0xA8, 0xA8, 0xA8, 0xFF,
  0xA8, 0xA8, 0xA8, 0xFF, 0x00, 0x00, 0x00, 0xFF, 0x00, 0x00, 0x00, 0xFF, 0xA8, 0xA8, 0xA8, 0xFF, 0xA8, 0xA8, 0xA8, 0xFF, 0x80, 0x80, 0x80, 0xFF, 0x80, 0x80, 0x80, 0xFF, 0x80, 0x80, 0x80, 0xFF,
  0x80, 0x80, 0x80, 0xFF, 0xE6, 0xE6, 0xE6, 0xFF, 0xE6, 0xE6, 0xE6, 0xFF, 0xE6, 0xE6, 0xE6, 0xFF, 0xE6, 0xE6, 0xE6, 0xFF, 0xE6, 0xE6, 0xE6, 0xFF, 0xE6, 0xE6, 0xE6, 0xFF, 0xE6, 0xE6, 0xE6, 0xFF,
  0xE6, 0xE6, 0xE6, 0xFF, 0x80, 0x80, 0x80, 0xFF, 0x80, 0x80, 0x80, 0xFF, 0x80, 0x80, 0x80, 0xFF, 0x80, 0x80, 0x80, 0xFF, 0xA8, 0xA8, 0xA8, 0xFF, 0xA8, 0xA8, 0xA8, 0xFF, 0x00, 0x00, 0x00, 0xFF,
  0x00, 0x00, 0x00, 0xFF, 0xA8, 0xA8, 0xA8, 0xFF, 0xA8, 0xA8, 0xA8, 0xFF, 0x80, 0x80, 0x80, 0xFF, 0x80, 0x80, 0x80, 0xFF, 0x80, 0x80, 0x80, 0xFF, 0x80, 0x80, 0x80, 0xFF, 0x80, 0x80, 0x80, 0xFF,
  0x80, 0x80, 0x80, 0xFF, 0x80, 0x80, 0x80, 0xFF, 0x80, 0x80, 0x80, 0xFF, 0x80, 0x80, 0x80, 0xFF, 0x80, 0x80, 0x80, 0xFF, 0x80, 0x80, 0x80, 0xFF, 0x80, 0x80, 0x80, 0xFF, 0x80, 0x80, 0x80, 0xFF,
  0x80, 0x80, 0x80, 0xFF, 0x80, 0x80, 0x80, 0xFF, 0x80, 0x80, 0x80, 0xFF, 0xA8, 0xA8, 0xA8, 0xFF, 0xA8, 0xA8, 0xA8, 0xFF, 0x00, 0x00, 0x00, 0xFF, 0x00, 0x00, 0x00, 0xFF, 0xA8, 0xA8, 0xA8, 0xFF,
  0xA8, 0xA8, 0xA8, 0xFF, 0xA8, 0xA8, 0xA8, 0xFF, 0x80, 0x80, 0x80, 0xFF, 0x80, 0x80, 0x80, 0xFF, 0x80, 0x80, 0x80, 0xFF, 0x80, 0x80, 0x80, 0xFF, 0x80, 0x80, 0x80, 0xFF, 0x80, 0x80, 0x80, 0xFF,
  0x80, 0x80, 0x80, 0xFF, 0x80, 0x80, 0x80, 0xFF, 0x80, 0x80, 0x80, 0xFF, 0x80, 0x80, 0x80, 0xFF, 0x80, 0x80, 0x80, 0xFF, 0x80, 0x80, 0x80, 0xFF, 0x80, 0x80, 0x80, 0xFF, 0x80, 0x80, 0x80, 0xFF,
  0xA8, 0xA8, 0xA8, 0xFF, 0xA8, 0xA8, 0xA8, 0xFF, 0xA8, 0xA8, 0xA8, 0xFF, 0x00, 0x00, 0x00, 0xFF, 0x00, 0x00, 0x00, 0xFF, 0xA8, 0xA8, 0xA8, 0xFF, 0xA8, 0xA8, 0xA8, 0xFF, 0xA8, 0xA8, 0xA8, 0xFF,
  0xA8, 0xA8, 0xA8, 0xFF, 0xA8, 0xA8, 0xA8, 0xFF, 0xA8, 0xA8, 0xA8, 0xFF, 0xA8, 0xA8, 0xA8, 0xFF, 0xA8, 0xA8, 0xA8, 0xFF, 0xA8, 0xA8, 0xA8, 0xFF, 0xA8, 0xA8, 0xA8, 0xFF, 0xA8, 0xA8, 0xA8, 0xFF,
  0xA8, 0xA8, 0xA8, 0xFF, 0xA8, 0xA8, 0xA8, 0xFF, 0xA8, 0xA8, 0xA8, 0xFF, 0xA8, 0xA8, 0xA8, 0xFF, 0xA8, 0xA8, 0xA8, 0xFF, 0xA8, 0xA8, 0xA8, 0xFF, 0xA8, 0xA8, 0xA8, 0xFF, 0xA8, 0xA8, 0xA8, 0xFF,
  0xA8, 0xA8, 0xA8, 0xFF, 0x00, 0x00, 0x00, 0xFF, 0x00, 0x00, 0x00, 0xFF, 0x50, 0x50, 0x51, 0xFF, 0xA8, 0xA8, 0xA8, 0xFF, 0xA8, 0xA8, 0xA8, 0xFF, 0xA8, 0xA8, 0xA8, 0xFF, 0xA8, 0xA8, 0xA8, 0xFF,
  0xA8, 0xA8, 0xA8, 0xFF, 0xA8, 0xA8, 0xA8, 0xFF, 0xA8, 0xA8, 0xA8, 0xFF, 0xA8, 0xA8, 0xA8, 0xFF, 0xA8, 0xA8, 0xA8, 0xFF, 0xA8, 0xA8, 0xA8, 0xFF, 0xA8, 0xA8, 0xA8, 0xFF, 0xA8, 0xA8, 0xA8, 0xFF,
  0xA8, 0xA8, 0xA8, 0xFF, 0xA8, 0xA8, 0xA8, 0xFF, 0xA8, 0xA8, 0xA8, 0xFF, 0xA8, 0xA8, 0xA8, 0xFF, 0xA8, 0xA8, 0xA8, 0xFF, 0xA8, 0xA8, 0xA8, 0xFF, 0x12, 0x12, 0x13, 0xFF, 0x00, 0x00, 0x00, 0xFF,
  0x00, 0x00, 0x00, 0xFF, 0x00, 0x00, 0x00, 0xFF, 0x39, 0x39, 0x3C, 0xFF, 0x39, 0x39, 0x3C, 0xFF, 0x39, 0x39, 0x3C, 0xFF, 0x39, 0x39, 0x3C, 0xFF, 0x39, 0x39, 0x3C, 0xFF, 0x39, 0x39, 0x3C, 0xFF,
  0x39, 0x39, 0x3C, 0xFF, 0x39, 0x39, 0x3C, 0xFF, 0x39, 0x39, 0x3C, 0xFF, 0x39, 0x39, 0x3C, 0xFF, 0x39, 0x39, 0x3C, 0xFF, 0x39, 0x39, 0x3C, 0xFF, 0x39, 0x39, 0x3C, 0xFF, 0x39, 0x39, 0x3C, 0xFF,
  0x39, 0x39, 0x3C, 0xFF, 0x39, 0x39, 0x3C, 0xFF, 0x39, 0x39, 0x3C, 0xFF, 0x39, 0x39, 0x3C, 0xFF, 0x00, 0x00, 0x00, 0xFF, 0x00, 0x00, 0x00, 0xFF, 0xFF, 0xFF, 0xFF, 0x00, 0x00, 0x00, 0x00, 0xFF,
  0x00, 0x00, 0x00, 0xFF, 0x00, 0x00, 0x00, 0xFF, 0x00, 0x00, 0x00, 0xFF, 0x00, 0x00, 0x00, 0xFF, 0x00, 0x00, 0x00, 0xFF, 0x00, 0x00, 0x00, 0xFF, 0x00, 0x00, 0x00, 0xFF, 0x00, 0x00, 0x00, 0xFF,
  0x00, 0x00, 0x00, 0xFF, 0x00, 0x00, 0x00, 0xFF, 0x00, 0x00, 0x00, 0xFF, 0x00, 0x00, 0x00, 0xFF, 0x00, 0x00, 0x00, 0xFF, 0x00, 0x00, 0x00, 0xFF, 0x00, 0x00, 0x00, 0xFF, 0x00, 0x00, 0x00, 0xFF,
  0x00, 0x00, 0x00, 0xFF, 0x00, 0x00, 0x00, 0xFF, 0x00, 0x00, 0x00, 0xFF, 0xFF, 0xFF, 0xFF, 0x00,
};
static const NcControlRgba nc_ctrl_rgba_jump_pressed = { nc_rgba_jump_pressed, 22, 22 };

static const unsigned char nc_rgba_sneak[] = {
  0xFF, 0xFF, 0xFF, 0x00, 0x00, 0x00, 0x00, 0xFF, 0x00, 0x00, 0x00, 0xFF, 0x00, 0x00, 0x00, 0xFF, 0x00, 0x00, 0x00, 0xFF, 0x00, 0x00, 0x00, 0xFF, 0x00, 0x00, 0x00, 0xFF, 0x00, 0x00, 0x00, 0xFF,
  0x00, 0x00, 0x00, 0xFF, 0x00, 0x00, 0x00, 0xFF, 0x00, 0x00, 0x00, 0xFF, 0x00, 0x00, 0x00, 0xFF, 0x00, 0x00, 0x00, 0xFF, 0x00, 0x00, 0x00, 0xFF, 0x00, 0x00, 0x00, 0xFF, 0x00, 0x00, 0x00, 0xFF,
  0x00, 0x00, 0x00, 0xFF, 0x00, 0x00, 0x00, 0xFF, 0x00, 0x00, 0x00, 0xFF, 0x00, 0x00, 0x00, 0xFF, 0x00, 0x00, 0x00, 0xFF, 0xFF, 0xFF, 0xFF, 0x00, 0x00, 0x00, 0x00, 0xFF, 0x00, 0x00, 0x00, 0xFF,
  0x68, 0x68, 0x68, 0xFF, 0x68, 0x68, 0x68, 0xFF, 0x68, 0x68, 0x68, 0xFF, 0x68, 0x68, 0x68, 0xFF, 0x68, 0x68, 0x68, 0xFF, 0x68, 0x68, 0x68, 0xFF, 0x68, 0x68, 0x68, 0xFF, 0x68, 0x68, 0x68, 0xFF,
  0x68, 0x68, 0x68, 0xFF, 0x68, 0x68, 0x68, 0xFF, 0x68, 0x68, 0x68, 0xFF, 0x68, 0x68, 0x68, 0xFF, 0x68, 0x68, 0x68, 0xFF, 0x68, 0x68, 0x68, 0xFF, 0x68, 0x68, 0x68, 0xFF, 0x68, 0x68, 0x68, 0xFF,
  0x68, 0x68, 0x68, 0xFF, 0x68, 0x68, 0x68, 0xFF, 0x00, 0x00, 0x00, 0xFF, 0x00, 0x00, 0x00, 0xFF, 0x00, 0x00, 0x00, 0xFF, 0x68, 0x68, 0x68, 0xFF, 0x68, 0x68, 0x68, 0xFF, 0x68, 0x68, 0x68, 0xFF,
  0x68, 0x68, 0x68, 0xFF, 0x68, 0x68, 0x68, 0xFF, 0x68, 0x68, 0x68, 0xFF, 0x68, 0x68, 0x68, 0xFF, 0x68, 0x68, 0x68, 0xFF, 0x68, 0x68, 0x68, 0xFF, 0x68, 0x68, 0x68, 0xFF, 0x68, 0x68, 0x68, 0xFF,
  0x68, 0x68, 0x68, 0xFF, 0x68, 0x68, 0x68, 0xFF, 0x68, 0x68, 0x68, 0xFF, 0x68, 0x68, 0x68, 0xFF, 0x68, 0x68, 0x68, 0xFF, 0x68, 0x68, 0x68, 0xFF, 0x68, 0x68, 0x68, 0xFF, 0x68, 0x68, 0x68, 0xFF,
  0x68, 0x68, 0x68, 0xFF, 0x00, 0x00, 0x00, 0xFF, 0x00, 0x00, 0x00, 0xFF, 0x68, 0x68, 0x68, 0xFF, 0x68, 0x68, 0x68, 0xFF, 0x68, 0x68, 0x68, 0xFF, 0x80, 0x80, 0x80, 0xFF, 0x80, 0x80, 0x80, 0xFF,
  0x80, 0x80, 0x80, 0xFF, 0x80, 0x80, 0x80, 0xFF, 0x80, 0x80, 0x80, 0xFF, 0x80, 0x80, 0x80, 0xFF, 0x80, 0x80, 0x80, 0xFF, 0x80, 0x80, 0x80, 0xFF, 0x80, 0x80, 0x80, 0xFF, 0x80, 0x80, 0x80, 0xFF,
  0x80, 0x80, 0x80, 0xFF, 0x80, 0x80, 0x80, 0xFF, 0x80, 0x80, 0x80, 0xFF, 0x80, 0x80, 0x80, 0xFF, 0x68, 0x68, 0x68, 0xFF, 0x68, 0x68, 0x68, 0xFF, 0x68, 0x68, 0x68, 0xFF, 0x00, 0x00, 0x00, 0xFF,
  0x00, 0x00, 0x00, 0xFF, 0x68, 0x68, 0x68, 0xFF, 0x68, 0x68, 0x68, 0xFF, 0x80, 0x80, 0x80, 0xFF, 0x80, 0x80, 0x80, 0xFF, 0x80, 0x80, 0x80, 0xFF, 0x80, 0x80, 0x80, 0xFF, 0x80, 0x80, 0x80, 0xFF,
  0x80, 0x80, 0x80, 0xFF, 0x80, 0x80, 0x80, 0xFF, 0x80, 0x80, 0x80, 0xFF, 0x80, 0x80, 0x80, 0xFF, 0x80, 0x80, 0x80, 0xFF, 0x80, 0x80, 0x80, 0xFF, 0x80, 0x80, 0x80, 0xFF, 0x80, 0x80, 0x80, 0xFF,
  0x80, 0x80, 0x80, 0xFF, 0x80, 0x80, 0x80, 0xFF, 0x80, 0x80, 0x80, 0xFF, 0x68, 0x68, 0x68, 0xFF, 0x68, 0x68, 0x68, 0xFF, 0x00, 0x00, 0x00, 0xFF, 0x00, 0x00, 0x00, 0xFF, 0x68, 0x68, 0x68, 0xFF,
  0x68, 0x68, 0x68, 0xFF, 0x80, 0x80, 0x80, 0xFF, 0x80, 0x80, 0x80, 0xFF, 0x80, 0x80, 0x80, 0xFF, 0x80, 0x80, 0x80, 0xFF, 0x80, 0x80, 0x80, 0xFF, 0x80, 0x80, 0x80, 0xFF, 0x80, 0x80, 0x80, 0xFF,
  0x80, 0x80, 0x80, 0xFF, 0x80, 0x80, 0x80, 0xFF, 0x80, 0x80, 0x80, 0xFF, 0x80, 0x80, 0x80, 0xFF, 0x80, 0x80, 0x80, 0xFF, 0x80, 0x80, 0x80, 0xFF, 0x80, 0x80, 0x80, 0xFF, 0x80, 0x80, 0x80, 0xFF,
  0x80, 0x80, 0x80, 0xFF, 0x68, 0x68, 0x68, 0xFF, 0x68, 0x68, 0x68, 0xFF, 0x00, 0x00, 0x00, 0xFF, 0x00, 0x00, 0x00, 0xFF, 0x68, 0x68, 0x68, 0xFF, 0x68, 0x68, 0x68, 0xFF, 0x80, 0x80, 0x80, 0xFF,
  0x80, 0x80, 0x80, 0xFF, 0x80, 0x80, 0x80, 0xFF, 0x80, 0x80, 0x80, 0xFF, 0x80, 0x80, 0x80, 0xFF, 0x80, 0x80, 0x80, 0xFF, 0x00, 0x00, 0x00, 0xFF, 0x00, 0x00, 0x00, 0xFF, 0x00, 0x00, 0x00, 0xFF,
  0x00, 0x00, 0x00, 0xFF, 0x80, 0x80, 0x80, 0xFF, 0x80, 0x80, 0x80, 0xFF, 0x80, 0x80, 0x80, 0xFF, 0x80, 0x80, 0x80, 0xFF, 0x80, 0x80, 0x80, 0xFF, 0x80, 0x80, 0x80, 0xFF, 0x68, 0x68, 0x68, 0xFF,
  0x68, 0x68, 0x68, 0xFF, 0x00, 0x00, 0x00, 0xFF, 0x00, 0x00, 0x00, 0xFF, 0x68, 0x68, 0x68, 0xFF, 0x68, 0x68, 0x68, 0xFF, 0x80, 0x80, 0x80, 0xFF, 0x80, 0x80, 0x80, 0xFF, 0x80, 0x80, 0x80, 0xFF,
  0x80, 0x80, 0x80, 0xFF, 0x80, 0x80, 0x80, 0xFF, 0x80, 0x80, 0x80, 0xFF, 0x00, 0x00, 0x00, 0xFF, 0x00, 0x00, 0x00, 0xFF, 0x00, 0x00, 0x00, 0xFF, 0x00, 0x00, 0x00, 0xFF, 0x80, 0x80, 0x80, 0xFF,
  0x80, 0x80, 0x80, 0xFF, 0x80, 0x80, 0x80, 0xFF, 0x80, 0x80, 0x80, 0xFF, 0x80, 0x80, 0x80, 0xFF, 0x80, 0x80, 0x80, 0xFF, 0x68, 0x68, 0x68, 0xFF, 0x68, 0x68, 0x68, 0xFF, 0x00, 0x00, 0x00, 0xFF,
  0x00, 0x00, 0x00, 0xFF, 0x68, 0x68, 0x68, 0xFF, 0x68, 0x68, 0x68, 0xFF, 0x80, 0x80, 0x80, 0xFF, 0x80, 0x80, 0x80, 0xFF, 0x80, 0x80, 0x80, 0xFF, 0x80, 0x80, 0x80, 0xFF, 0x80, 0x80, 0x80, 0xFF,
  0x80, 0x80, 0x80, 0xFF, 0x00, 0x00, 0x00, 0xFF, 0x00, 0x00, 0x00, 0xFF, 0x00, 0x00, 0x00, 0xFF, 0x00, 0x00, 0x00, 0xFF, 0x80, 0x80, 0x80, 0xFF, 0x80, 0x80, 0x80, 0xFF, 0x80, 0x80, 0x80, 0xFF,
  0x80, 0x80, 0x80, 0xFF, 0x80, 0x80, 0x80, 0xFF, 0x80, 0x80, 0x80, 0xFF, 0x68, 0x68, 0x68, 0xFF, 0x68, 0x68, 0x68, 0xFF, 0x00, 0x00, 0x00, 0xFF, 0x00, 0x00, 0x00, 0xFF, 0x68, 0x68, 0x68, 0xFF,
  0x68, 0x68, 0x68, 0xFF, 0x80, 0x80, 0x80, 0xFF, 0x80, 0x80, 0x80, 0xFF, 0x80, 0x80, 0x80, 0xFF, 0x80, 0x80, 0x80, 0xFF, 0x00, 0x00, 0x00, 0xFF, 0x00, 0x00, 0x00, 0xFF, 0x00, 0x00, 0x00, 0xFF,
  0x00, 0x00, 0x00, 0xFF, 0x00, 0x00, 0x00, 0xFF, 0x00, 0x00, 0x00, 0xFF, 0x00, 0x00, 0x00, 0xFF, 0x00, 0x00, 0x00, 0xFF, 0x80, 0x80, 0x80, 0xFF, 0x80, 0x80, 0x80, 0xFF, 0x80, 0x80, 0x80, 0xFF,
  0x80, 0x80, 0x80, 0xFF, 0x68, 0x68, 0x68, 0xFF, 0x68, 0x68, 0x68, 0xFF, 0x00, 0x00, 0x00, 0xFF, 0x00, 0x00, 0x00, 0xFF, 0x68, 0x68, 0x68, 0xFF, 0x68, 0x68, 0x68, 0xFF, 0x80, 0x80, 0x80, 0xFF,
  0x80, 0x80, 0x80, 0xFF, 0x80, 0x80, 0x80, 0xFF, 0x80, 0x80, 0x80, 0xFF, 0x80, 0x80, 0x80, 0xFF, 0x00, 0x00, 0x00, 0xFF, 0x00, 0x00, 0x00, 0xFF, 0x00, 0x00, 0x00, 0xFF, 0x00, 0x00, 0x00, 0xFF,
  0x00, 0x00, 0x00, 0xFF, 0x00, 0x00, 0x00, 0xFF, 0x80, 0x80, 0x80, 0xFF, 0x80, 0x80, 0x80, 0xFF, 0x80, 0x80, 0x80, 0xFF, 0x80, 0x80, 0x80, 0xFF, 0x80, 0x80, 0x80, 0xFF, 0x68, 0x68, 0x68, 0xFF,
  0x68, 0x68, 0x68, 0xFF, 0x00, 0x00, 0x00, 0xFF, 0x00, 0x00, 0x00, 0xFF, 0x68, 0x68, 0x68, 0xFF, 0x68, 0x68, 0x68, 0xFF, 0x80, 0x80, 0x80, 0xFF, 0x80, 0x80, 0x80, 0xFF, 0x80, 0x80, 0x80, 0xFF,
  0x80, 0x80, 0x80, 0xFF, 0x80, 0x80, 0x80, 0xFF, 0x80, 0x80, 0x80, 0xFF, 0x00, 0x00, 0x00, 0xFF, 0x00, 0x00, 0x00, 0xFF, 0x00, 0x00, 0x00, 0xFF, 0x00, 0x00, 0x00, 0xFF, 0x80, 0x80, 0x80, 0xFF,
  0x80, 0x80, 0x80, 0xFF, 0x80, 0x80, 0x80, 0xFF, 0x80, 0x80, 0x80, 0xFF, 0x80, 0x80, 0x80, 0xFF, 0x80, 0x80, 0x80, 0xFF, 0x68, 0x68, 0x68, 0xFF, 0x68, 0x68, 0x68, 0xFF, 0x00, 0x00, 0x00, 0xFF,
  0x00, 0x00, 0x00, 0xFF, 0x68, 0x68, 0x68, 0xFF, 0x68, 0x68, 0x68, 0xFF, 0x80, 0x80, 0x80, 0xFF, 0x80, 0x80, 0x80, 0xFF, 0x80, 0x80, 0x80, 0xFF, 0x80, 0x80, 0x80, 0xFF, 0x80, 0x80, 0x80, 0xFF,
  0x80, 0x80, 0x80, 0xFF, 0x80, 0x80, 0x80, 0xFF, 0x00, 0x00, 0x00, 0xFF, 0x00, 0x00, 0x00, 0xFF, 0x80, 0x80, 0x80, 0xFF, 0x80, 0x80, 0x80, 0xFF, 0x80, 0x80, 0x80, 0xFF, 0x80, 0x80, 0x80, 0xFF,
  0x80, 0x80, 0x80, 0xFF, 0x80, 0x80, 0x80, 0xFF, 0x80, 0x80, 0x80, 0xFF, 0x68, 0x68, 0x68, 0xFF, 0x68, 0x68, 0x68, 0xFF, 0x00, 0x00, 0x00, 0xFF, 0x00, 0x00, 0x00, 0xFF, 0x68, 0x68, 0x68, 0xFF,
  0x68, 0x68, 0x68, 0xFF, 0x80, 0x80, 0x80, 0xFF, 0x80, 0x80, 0x80, 0xFF, 0x80, 0x80, 0x80, 0xFF, 0x80, 0x80, 0x80, 0xFF, 0x00, 0x00, 0x00, 0xFF, 0x00, 0x00, 0x00, 0xFF, 0x00, 0x00, 0x00, 0xFF,
  0x00, 0x00, 0x00, 0xFF, 0x00, 0x00, 0x00, 0xFF, 0x00, 0x00, 0x00, 0xFF, 0x00, 0x00, 0x00, 0xFF, 0x00, 0x00, 0x00, 0xFF, 0x80, 0x80, 0x80, 0xFF, 0x80, 0x80, 0x80, 0xFF, 0x80, 0x80, 0x80, 0xFF,
  0x80, 0x80, 0x80, 0xFF, 0x68, 0x68, 0x68, 0xFF, 0x68, 0x68, 0x68, 0xFF, 0x00, 0x00, 0x00, 0xFF, 0x00, 0x00, 0x00, 0xFF, 0x68, 0x68, 0x68, 0xFF, 0x68, 0x68, 0x68, 0xFF, 0x80, 0x80, 0x80, 0xFF,
  0x80, 0x80, 0x80, 0xFF, 0x80, 0x80, 0x80, 0xFF, 0x80, 0x80, 0x80, 0xFF, 0x80, 0x80, 0x80, 0xFF, 0x80, 0x80, 0x80, 0xFF, 0x80, 0x80, 0x80, 0xFF, 0x80, 0x80, 0x80, 0xFF, 0x80, 0x80, 0x80, 0xFF,
  0x80, 0x80, 0x80, 0xFF, 0x80, 0x80, 0x80, 0xFF, 0x80, 0x80, 0x80, 0xFF, 0x80, 0x80, 0x80, 0xFF, 0x80, 0x80, 0x80, 0xFF, 0x80, 0x80, 0x80, 0xFF, 0x80, 0x80, 0x80, 0xFF, 0x68, 0x68, 0x68, 0xFF,
  0x68, 0x68, 0x68, 0xFF, 0x00, 0x00, 0x00, 0xFF, 0x00, 0x00, 0x00, 0xFF, 0x68, 0x68, 0x68, 0xFF, 0x68, 0x68, 0x68, 0xFF, 0x80, 0x80, 0x80, 0xFF, 0x80, 0x80, 0x80, 0xFF, 0x80, 0x80, 0x80, 0xFF,
  0x80, 0x80, 0x80, 0xFF, 0x80, 0x80, 0x80, 0xFF, 0x80, 0x80, 0x80, 0xFF, 0x80, 0x80, 0x80, 0xFF, 0x80, 0x80, 0x80, 0xFF, 0x80, 0x80, 0x80, 0xFF, 0x80, 0x80, 0x80, 0xFF, 0x80, 0x80, 0x80, 0xFF,
  0x80, 0x80, 0x80, 0xFF, 0x80, 0x80, 0x80, 0xFF, 0x80, 0x80, 0x80, 0xFF, 0x80, 0x80, 0x80, 0xFF, 0x80, 0x80, 0x80, 0xFF, 0x68, 0x68, 0x68, 0xFF, 0x68, 0x68, 0x68, 0xFF, 0x00, 0x00, 0x00, 0xFF,
  0x00, 0x00, 0x00, 0xFF, 0x68, 0x68, 0x68, 0xFF, 0x68, 0x68, 0x68, 0xFF, 0x68, 0x68, 0x68, 0xFF, 0x80, 0x80, 0x80, 0xFF, 0x80, 0x80, 0x80, 0xFF, 0x80, 0x80, 0x80, 0xFF, 0x80, 0x80, 0x80, 0xFF,
  0x80, 0x80, 0x80, 0xFF, 0x80, 0x80, 0x80, 0xFF, 0x80, 0x80, 0x80, 0xFF, 0x80, 0x80, 0x80, 0xFF, 0x80, 0x80, 0x80, 0xFF, 0x80, 0x80, 0x80, 0xFF, 0x80, 0x80, 0x80, 0xFF, 0x80, 0x80, 0x80, 0xFF,
  0x80, 0x80, 0x80, 0xFF, 0x80, 0x80, 0x80, 0xFF, 0x68, 0x68, 0x68, 0xFF, 0x68, 0x68, 0x68, 0xFF, 0x68, 0x68, 0x68, 0xFF, 0x00, 0x00, 0x00, 0xFF, 0x00, 0x00, 0x00, 0xFF, 0x68, 0x68, 0x68, 0xFF,
  0x68, 0x68, 0x68, 0xFF, 0x68, 0x68, 0x68, 0xFF, 0x68, 0x68, 0x68, 0xFF, 0x68, 0x68, 0x68, 0xFF, 0x68, 0x68, 0x68, 0xFF, 0x68, 0x68, 0x68, 0xFF, 0x68, 0x68, 0x68, 0xFF, 0x68, 0x68, 0x68, 0xFF,
  0x68, 0x68, 0x68, 0xFF, 0x68, 0x68, 0x68, 0xFF, 0x68, 0x68, 0x68, 0xFF, 0x68, 0x68, 0x68, 0xFF, 0x68, 0x68, 0x68, 0xFF, 0x68, 0x68, 0x68, 0xFF, 0x68, 0x68, 0x68, 0xFF, 0x68, 0x68, 0x68, 0xFF,
  0x68, 0x68, 0x68, 0xFF, 0x68, 0x68, 0x68, 0xFF, 0x68, 0x68, 0x68, 0xFF, 0x00, 0x00, 0x00, 0xFF, 0x00, 0x00, 0x00, 0xFF, 0x50, 0x50, 0x51, 0xFF, 0x68, 0x68, 0x68, 0xFF, 0x68, 0x68, 0x68, 0xFF,
  0x68, 0x68, 0x68, 0xFF, 0x68, 0x68, 0x68, 0xFF, 0x68, 0x68, 0x68, 0xFF, 0x68, 0x68, 0x68, 0xFF, 0x68, 0x68, 0x68, 0xFF, 0x68, 0x68, 0x68, 0xFF, 0x68, 0x68, 0x68, 0xFF, 0x68, 0x68, 0x68, 0xFF,
  0x68, 0x68, 0x68, 0xFF, 0x68, 0x68, 0x68, 0xFF, 0x68, 0x68, 0x68, 0xFF, 0x68, 0x68, 0x68, 0xFF, 0x68, 0x68, 0x68, 0xFF, 0x68, 0x68, 0x68, 0xFF, 0x68, 0x68, 0x68, 0xFF, 0x68, 0x68, 0x68, 0xFF,
  0x12, 0x12, 0x13, 0xFF, 0x00, 0x00, 0x00, 0xFF, 0x00, 0x00, 0x00, 0xFF, 0x50, 0x50, 0x51, 0xFF, 0x39, 0x39, 0x3C, 0xFF, 0x39, 0x39, 0x3C, 0xFF, 0x39, 0x39, 0x3C, 0xFF, 0x39, 0x39, 0x3C, 0xFF,
  0x39, 0x39, 0x3C, 0xFF, 0x39, 0x39, 0x3C, 0xFF, 0x39, 0x39, 0x3C, 0xFF, 0x39, 0x39, 0x3C, 0xFF, 0x39, 0x39, 0x3C, 0xFF, 0x39, 0x39, 0x3C, 0xFF, 0x39, 0x39, 0x3C, 0xFF, 0x39, 0x39, 0x3C, 0xFF,
  0x39, 0x39, 0x3C, 0xFF, 0x39, 0x39, 0x3C, 0xFF, 0x39, 0x39, 0x3C, 0xFF, 0x39, 0x39, 0x3C, 0xFF, 0x39, 0x39, 0x3C, 0xFF, 0x39, 0x39, 0x3C, 0xFF, 0x12, 0x12, 0x13, 0xFF, 0x00, 0x00, 0x00, 0xFF,
  0x00, 0x00, 0x00, 0xFF, 0x00, 0x00, 0x00, 0xFF, 0x39, 0x39, 0x3C, 0xFF, 0x39, 0x39, 0x3C, 0xFF, 0x39, 0x39, 0x3C, 0xFF, 0x39, 0x39, 0x3C, 0xFF, 0x39, 0x39, 0x3C, 0xFF, 0x39, 0x39, 0x3C, 0xFF,
  0x39, 0x39, 0x3C, 0xFF, 0x39, 0x39, 0x3C, 0xFF, 0x39, 0x39, 0x3C, 0xFF, 0x39, 0x39, 0x3C, 0xFF, 0x39, 0x39, 0x3C, 0xFF, 0x39, 0x39, 0x3C, 0xFF, 0x39, 0x39, 0x3C, 0xFF, 0x39, 0x39, 0x3C, 0xFF,
  0x39, 0x39, 0x3C, 0xFF, 0x39, 0x39, 0x3C, 0xFF, 0x39, 0x39, 0x3C, 0xFF, 0x39, 0x39, 0x3C, 0xFF, 0x00, 0x00, 0x00, 0xFF, 0x00, 0x00, 0x00, 0xFF, 0xFF, 0xFF, 0xFF, 0x00, 0x00, 0x00, 0x00, 0xFF,
  0x00, 0x00, 0x00, 0xFF, 0x00, 0x00, 0x00, 0xFF, 0x00, 0x00, 0x00, 0xFF, 0x00, 0x00, 0x00, 0xFF, 0x00, 0x00, 0x00, 0xFF, 0x00, 0x00, 0x00, 0xFF, 0x00, 0x00, 0x00, 0xFF, 0x00, 0x00, 0x00, 0xFF,
  0x00, 0x00, 0x00, 0xFF, 0x00, 0x00, 0x00, 0xFF, 0x00, 0x00, 0x00, 0xFF, 0x00, 0x00, 0x00, 0xFF, 0x00, 0x00, 0x00, 0xFF, 0x00, 0x00, 0x00, 0xFF, 0x00, 0x00, 0x00, 0xFF, 0x00, 0x00, 0x00, 0xFF,
  0x00, 0x00, 0x00, 0xFF, 0x00, 0x00, 0x00, 0xFF, 0x00, 0x00, 0x00, 0xFF, 0xFF, 0xFF, 0xFF, 0x00,
};
static const NcControlRgba nc_ctrl_rgba_sneak = { nc_rgba_sneak, 22, 22 };

static const unsigned char nc_rgba_sneak_pressed[] = {
  0xFF, 0xFF, 0xFF, 0x00, 0xFF, 0xFF, 0xFF, 0x00, 0xFF, 0xFF, 0xFF, 0x00, 0xFF, 0xFF, 0xFF, 0x00, 0xFF, 0xFF, 0xFF, 0x00, 0xFF, 0xFF, 0xFF, 0x00, 0xFF, 0xFF, 0xFF, 0x00, 0xFF, 0xFF, 0xFF, 0x00,
  0xFF, 0xFF, 0xFF, 0x00, 0xFF, 0xFF, 0xFF, 0x00, 0xFF, 0xFF, 0xFF, 0x00, 0xFF, 0xFF, 0xFF, 0x00, 0xFF, 0xFF, 0xFF, 0x00, 0xFF, 0xFF, 0xFF, 0x00, 0xFF, 0xFF, 0xFF, 0x00, 0xFF, 0xFF, 0xFF, 0x00,
  0xFF, 0xFF, 0xFF, 0x00, 0xFF, 0xFF, 0xFF, 0x00, 0xFF, 0xFF, 0xFF, 0x00, 0xFF, 0xFF, 0xFF, 0x00, 0xFF, 0xFF, 0xFF, 0x00, 0xFF, 0xFF, 0xFF, 0x00, 0xFF, 0xFF, 0xFF, 0x00, 0x00, 0x00, 0x00, 0xFF,
  0x00, 0x00, 0x00, 0xFF, 0x00, 0x00, 0x00, 0xFF, 0x00, 0x00, 0x00, 0xFF, 0x00, 0x00, 0x00, 0xFF, 0x00, 0x00, 0x00, 0xFF, 0x00, 0x00, 0x00, 0xFF, 0x00, 0x00, 0x00, 0xFF, 0x00, 0x00, 0x00, 0xFF,
  0x00, 0x00, 0x00, 0xFF, 0x00, 0x00, 0x00, 0xFF, 0x00, 0x00, 0x00, 0xFF, 0x00, 0x00, 0x00, 0xFF, 0x00, 0x00, 0x00, 0xFF, 0x00, 0x00, 0x00, 0xFF, 0x00, 0x00, 0x00, 0xFF, 0x00, 0x00, 0x00, 0xFF,
  0x00, 0x00, 0x00, 0xFF, 0x00, 0x00, 0x00, 0xFF, 0x00, 0x00, 0x00, 0xFF, 0xFF, 0xFF, 0xFF, 0x00, 0x00, 0x00, 0x00, 0xFF, 0x00, 0x00, 0x00, 0xFF, 0xA8, 0xA8, 0xA8, 0xFF, 0xA8, 0xA8, 0xA8, 0xFF,
  0xA8, 0xA8, 0xA8, 0xFF, 0xA8, 0xA8, 0xA8, 0xFF, 0xA8, 0xA8, 0xA8, 0xFF, 0xA8, 0xA8, 0xA8, 0xFF, 0xA8, 0xA8, 0xA8, 0xFF, 0xA8, 0xA8, 0xA8, 0xFF, 0xA8, 0xA8, 0xA8, 0xFF, 0xA8, 0xA8, 0xA8, 0xFF,
  0xA8, 0xA8, 0xA8, 0xFF, 0xA8, 0xA8, 0xA8, 0xFF, 0xA8, 0xA8, 0xA8, 0xFF, 0xA8, 0xA8, 0xA8, 0xFF, 0xA8, 0xA8, 0xA8, 0xFF, 0xA8, 0xA8, 0xA8, 0xFF, 0xA8, 0xA8, 0xA8, 0xFF, 0xA8, 0xA8, 0xA8, 0xFF,
  0x00, 0x00, 0x00, 0xFF, 0x00, 0x00, 0x00, 0xFF, 0x00, 0x00, 0x00, 0xFF, 0xA8, 0xA8, 0xA8, 0xFF, 0xA8, 0xA8, 0xA8, 0xFF, 0xA8, 0xA8, 0xA8, 0xFF, 0xA8, 0xA8, 0xA8, 0xFF, 0xA8, 0xA8, 0xA8, 0xFF,
  0xA8, 0xA8, 0xA8, 0xFF, 0xA8, 0xA8, 0xA8, 0xFF, 0xA8, 0xA8, 0xA8, 0xFF, 0xA8, 0xA8, 0xA8, 0xFF, 0xA8, 0xA8, 0xA8, 0xFF, 0xA8, 0xA8, 0xA8, 0xFF, 0xA8, 0xA8, 0xA8, 0xFF, 0xA8, 0xA8, 0xA8, 0xFF,
  0xA8, 0xA8, 0xA8, 0xFF, 0xA8, 0xA8, 0xA8, 0xFF, 0xA8, 0xA8, 0xA8, 0xFF, 0xA8, 0xA8, 0xA8, 0xFF, 0xA8, 0xA8, 0xA8, 0xFF, 0xA8, 0xA8, 0xA8, 0xFF, 0xA8, 0xA8, 0xA8, 0xFF, 0x00, 0x00, 0x00, 0xFF,
  0x00, 0x00, 0x00, 0xFF, 0xA8, 0xA8, 0xA8, 0xFF, 0xA8, 0xA8, 0xA8, 0xFF, 0xA8, 0xA8, 0xA8, 0xFF, 0x80, 0x80, 0x80, 0xFF, 0x80, 0x80, 0x80, 0xFF, 0x80, 0x80, 0x80, 0xFF, 0x80, 0x80, 0x80, 0xFF,
  0x80, 0x80, 0x80, 0xFF, 0x80, 0x80, 0x80, 0xFF, 0x80, 0x80, 0x80, 0xFF, 0x80, 0x80, 0x80, 0xFF, 0x80, 0x80, 0x80, 0xFF, 0x80, 0x80, 0x80, 0xFF, 0x80, 0x80, 0x80, 0xFF, 0x80, 0x80, 0x80, 0xFF,
  0x80, 0x80, 0x80, 0xFF, 0x80, 0x80, 0x80, 0xFF, 0xA8, 0xA8, 0xA8, 0xFF, 0xA8, 0xA8, 0xA8, 0xFF, 0xA8, 0xA8, 0xA8, 0xFF, 0x00, 0x00, 0x00, 0xFF, 0x00, 0x00, 0x00, 0xFF, 0xA8, 0xA8, 0xA8, 0xFF,
  0xA8, 0xA8, 0xA8, 0xFF, 0x80, 0x80, 0x80, 0xFF, 0x80, 0x80, 0x80, 0xFF, 0x80, 0x80, 0x80, 0xFF, 0x80, 0x80, 0x80, 0xFF, 0x80, 0x80, 0x80, 0xFF, 0x80, 0x80, 0x80, 0xFF, 0x80, 0x80, 0x80, 0xFF,
  0x80, 0x80, 0x80, 0xFF, 0x80, 0x80, 0x80, 0xFF, 0x80, 0x80, 0x80, 0xFF, 0x80, 0x80, 0x80, 0xFF, 0x80, 0x80, 0x80, 0xFF, 0x80, 0x80, 0x80, 0xFF, 0x80, 0x80, 0x80, 0xFF, 0x80, 0x80, 0x80, 0xFF,
  0x80, 0x80, 0x80, 0xFF, 0xA8, 0xA8, 0xA8, 0xFF, 0xA8, 0xA8, 0xA8, 0xFF, 0x00, 0x00, 0x00, 0xFF, 0x00, 0x00, 0x00, 0xFF, 0xA8, 0xA8, 0xA8, 0xFF, 0xA8, 0xA8, 0xA8, 0xFF, 0x80, 0x80, 0x80, 0xFF,
  0x80, 0x80, 0x80, 0xFF, 0x80, 0x80, 0x80, 0xFF, 0x80, 0x80, 0x80, 0xFF, 0x80, 0x80, 0x80, 0xFF, 0x80, 0x80, 0x80, 0xFF, 0x80, 0x80, 0x80, 0xFF, 0x80, 0x80, 0x80, 0xFF, 0x80, 0x80, 0x80, 0xFF,
  0x80, 0x80, 0x80, 0xFF, 0x80, 0x80, 0x80, 0xFF, 0x80, 0x80, 0x80, 0xFF, 0x80, 0x80, 0x80, 0xFF, 0x80, 0x80, 0x80, 0xFF, 0x80, 0x80, 0x80, 0xFF, 0x80, 0x80, 0x80, 0xFF, 0xA8, 0xA8, 0xA8, 0xFF,
  0xA8, 0xA8, 0xA8, 0xFF, 0x00, 0x00, 0x00, 0xFF, 0x00, 0x00, 0x00, 0xFF, 0xA8, 0xA8, 0xA8, 0xFF, 0xA8, 0xA8, 0xA8, 0xFF, 0x80, 0x80, 0x80, 0xFF, 0x80, 0x80, 0x80, 0xFF, 0x80, 0x80, 0x80, 0xFF,
  0x80, 0x80, 0x80, 0xFF, 0x80, 0x80, 0x80, 0xFF, 0x80, 0x80, 0x80, 0xFF, 0xE6, 0xE6, 0xE6, 0xFF, 0xE6, 0xE6, 0xE6, 0xFF, 0xE6, 0xE6, 0xE6, 0xFF, 0xE6, 0xE6, 0xE6, 0xFF, 0x80, 0x80, 0x80, 0xFF,
  0x80, 0x80, 0x80, 0xFF, 0x80, 0x80, 0x80, 0xFF, 0x80, 0x80, 0x80, 0xFF, 0x80, 0x80, 0x80, 0xFF, 0x80, 0x80, 0x80, 0xFF, 0xA8, 0xA8, 0xA8, 0xFF, 0xA8, 0xA8, 0xA8, 0xFF, 0x00, 0x00, 0x00, 0xFF,
  0x00, 0x00, 0x00, 0xFF, 0xA8, 0xA8, 0xA8, 0xFF, 0xA8, 0xA8, 0xA8, 0xFF, 0x80, 0x80, 0x80, 0xFF, 0x80, 0x80, 0x80, 0xFF, 0x80, 0x80, 0x80, 0xFF, 0x80, 0x80, 0x80, 0xFF, 0x80, 0x80, 0x80, 0xFF,
  0x80, 0x80, 0x80, 0xFF, 0xE6, 0xE6, 0xE6, 0xFF, 0xE6, 0xE6, 0xE6, 0xFF, 0xE6, 0xE6, 0xE6, 0xFF, 0xE6, 0xE6, 0xE6, 0xFF, 0x80, 0x80, 0x80, 0xFF, 0x80, 0x80, 0x80, 0xFF, 0x80, 0x80, 0x80, 0xFF,
  0x80, 0x80, 0x80, 0xFF, 0x80, 0x80, 0x80, 0xFF, 0x80, 0x80, 0x80, 0xFF, 0xA8, 0xA8, 0xA8, 0xFF, 0xA8, 0xA8, 0xA8, 0xFF, 0x00, 0x00, 0x00, 0xFF, 0x00, 0x00, 0x00, 0xFF, 0xA8, 0xA8, 0xA8, 0xFF,
  0xA8, 0xA8, 0xA8, 0xFF, 0x80, 0x80, 0x80, 0xFF, 0x80, 0x80, 0x80, 0xFF, 0x80, 0x80, 0x80, 0xFF, 0x80, 0x80, 0x80, 0xFF, 0x80, 0x80, 0x80, 0xFF, 0x80, 0x80, 0x80, 0xFF, 0xE6, 0xE6, 0xE6, 0xFF,
  0xE6, 0xE6, 0xE6, 0xFF, 0xE6, 0xE6, 0xE6, 0xFF, 0xE6, 0xE6, 0xE6, 0xFF, 0x80, 0x80, 0x80, 0xFF, 0x80, 0x80, 0x80, 0xFF, 0x80, 0x80, 0x80, 0xFF, 0x80, 0x80, 0x80, 0xFF, 0x80, 0x80, 0x80, 0xFF,
  0x80, 0x80, 0x80, 0xFF, 0xA8, 0xA8, 0xA8, 0xFF, 0xA8, 0xA8, 0xA8, 0xFF, 0x00, 0x00, 0x00, 0xFF, 0x00, 0x00, 0x00, 0xFF, 0xA8, 0xA8, 0xA8, 0xFF, 0xA8, 0xA8, 0xA8, 0xFF, 0x80, 0x80, 0x80, 0xFF,
  0x80, 0x80, 0x80, 0xFF, 0x80, 0x80, 0x80, 0xFF, 0x80, 0x80, 0x80, 0xFF, 0xE6, 0xE6, 0xE6, 0xFF, 0xE6, 0xE6, 0xE6, 0xFF, 0xE6, 0xE6, 0xE6, 0xFF, 0xE6, 0xE6, 0xE6, 0xFF, 0xE6, 0xE6, 0xE6, 0xFF,
  0xE6, 0xE6, 0xE6, 0xFF, 0xE6, 0xE6, 0xE6, 0xFF, 0xE6, 0xE6, 0xE6, 0xFF, 0x80, 0x80, 0x80, 0xFF, 0x80, 0x80, 0x80, 0xFF, 0x80, 0x80, 0x80, 0xFF, 0x80, 0x80, 0x80, 0xFF, 0xA8, 0xA8, 0xA8, 0xFF,
  0xA8, 0xA8, 0xA8, 0xFF, 0x00, 0x00, 0x00, 0xFF, 0x00, 0x00, 0x00, 0xFF, 0xA8, 0xA8, 0xA8, 0xFF, 0xA8, 0xA8, 0xA8, 0xFF, 0x80, 0x80, 0x80, 0xFF, 0x80, 0x80, 0x80, 0xFF, 0x80, 0x80, 0x80, 0xFF,
  0x80, 0x80, 0x80, 0xFF, 0x80, 0x80, 0x80, 0xFF, 0xE6, 0xE6, 0xE6, 0xFF, 0xE6, 0xE6, 0xE6, 0xFF, 0xE6, 0xE6, 0xE6, 0xFF, 0xE6, 0xE6, 0xE6, 0xFF, 0xE6, 0xE6, 0xE6, 0xFF, 0xE6, 0xE6, 0xE6, 0xFF,
  0x80, 0x80, 0x80, 0xFF, 0x80, 0x80, 0x80, 0xFF, 0x80, 0x80, 0x80, 0xFF, 0x80, 0x80, 0x80, 0xFF, 0x80, 0x80, 0x80, 0xFF, 0xA8, 0xA8, 0xA8, 0xFF, 0xA8, 0xA8, 0xA8, 0xFF, 0x00, 0x00, 0x00, 0xFF,
  0x00, 0x00, 0x00, 0xFF, 0xA8, 0xA8, 0xA8, 0xFF, 0xA8, 0xA8, 0xA8, 0xFF, 0x80, 0x80, 0x80, 0xFF, 0x80, 0x80, 0x80, 0xFF, 0x80, 0x80, 0x80, 0xFF, 0x80, 0x80, 0x80, 0xFF, 0x80, 0x80, 0x80, 0xFF,
  0x80, 0x80, 0x80, 0xFF, 0xE6, 0xE6, 0xE6, 0xFF, 0xE6, 0xE6, 0xE6, 0xFF, 0xE6, 0xE6, 0xE6, 0xFF, 0xE6, 0xE6, 0xE6, 0xFF, 0x80, 0x80, 0x80, 0xFF, 0x80, 0x80, 0x80, 0xFF, 0x80, 0x80, 0x80, 0xFF,
  0x80, 0x80, 0x80, 0xFF, 0x80, 0x80, 0x80, 0xFF, 0x80, 0x80, 0x80, 0xFF, 0xA8, 0xA8, 0xA8, 0xFF, 0xA8, 0xA8, 0xA8, 0xFF, 0x00, 0x00, 0x00, 0xFF, 0x00, 0x00, 0x00, 0xFF, 0xA8, 0xA8, 0xA8, 0xFF,
  0xA8, 0xA8, 0xA8, 0xFF, 0x80, 0x80, 0x80, 0xFF, 0x80, 0x80, 0x80, 0xFF, 0x80, 0x80, 0x80, 0xFF, 0x80, 0x80, 0x80, 0xFF, 0x80, 0x80, 0x80, 0xFF, 0x80, 0x80, 0x80, 0xFF, 0x80, 0x80, 0x80, 0xFF,
  0xE6, 0xE6, 0xE6, 0xFF, 0xE6, 0xE6, 0xE6, 0xFF, 0x80, 0x80, 0x80, 0xFF, 0x80, 0x80, 0x80, 0xFF, 0x80, 0x80, 0x80, 0xFF, 0x80, 0x80, 0x80, 0xFF, 0x80, 0x80, 0x80, 0xFF, 0x80, 0x80, 0x80, 0xFF,
  0x80, 0x80, 0x80, 0xFF, 0xA8, 0xA8, 0xA8, 0xFF, 0xA8, 0xA8, 0xA8, 0xFF, 0x00, 0x00, 0x00, 0xFF, 0x00, 0x00, 0x00, 0xFF, 0xA8, 0xA8, 0xA8, 0xFF, 0xA8, 0xA8, 0xA8, 0xFF, 0x80, 0x80, 0x80, 0xFF,
  0x80, 0x80, 0x80, 0xFF, 0x80, 0x80, 0x80, 0xFF, 0x80, 0x80, 0x80, 0xFF, 0xE6, 0xE6, 0xE6, 0xFF, 0xE6, 0xE6, 0xE6, 0xFF, 0xE6, 0xE6, 0xE6, 0xFF, 0xE6, 0xE6, 0xE6, 0xFF, 0xE6, 0xE6, 0xE6, 0xFF,
  0xE6, 0xE6, 0xE6, 0xFF, 0xE6, 0xE6, 0xE6, 0xFF, 0xE6, 0xE6, 0xE6, 0xFF, 0x80, 0x80, 0x80, 0xFF, 0x80, 0x80, 0x80, 0xFF, 0x80, 0x80, 0x80, 0xFF, 0x80, 0x80, 0x80, 0xFF, 0xA8, 0xA8, 0xA8, 0xFF,
  0xA8, 0xA8, 0xA8, 0xFF, 0x00, 0x00, 0x00, 0xFF, 0x00, 0x00, 0x00, 0xFF, 0xA8, 0xA8, 0xA8, 0xFF, 0xA8, 0xA8, 0xA8, 0xFF, 0x80, 0x80, 0x80, 0xFF, 0x80, 0x80, 0x80, 0xFF, 0x80, 0x80, 0x80, 0xFF,
  0x80, 0x80, 0x80, 0xFF, 0x80, 0x80, 0x80, 0xFF, 0x80, 0x80, 0x80, 0xFF, 0x80, 0x80, 0x80, 0xFF, 0x80, 0x80, 0x80, 0xFF, 0x80, 0x80, 0x80, 0xFF, 0x80, 0x80, 0x80, 0xFF, 0x80, 0x80, 0x80, 0xFF,
  0x80, 0x80, 0x80, 0xFF, 0x80, 0x80, 0x80, 0xFF, 0x80, 0x80, 0x80, 0xFF, 0x80, 0x80, 0x80, 0xFF, 0x80, 0x80, 0x80, 0xFF, 0xA8, 0xA8, 0xA8, 0xFF, 0xA8, 0xA8, 0xA8, 0xFF, 0x00, 0x00, 0x00, 0xFF,
  0x00, 0x00, 0x00, 0xFF, 0xA8, 0xA8, 0xA8, 0xFF, 0xA8, 0xA8, 0xA8, 0xFF, 0x80, 0x80, 0x80, 0xFF, 0x80, 0x80, 0x80, 0xFF, 0x80, 0x80, 0x80, 0xFF, 0x80, 0x80, 0x80, 0xFF, 0x80, 0x80, 0x80, 0xFF,
  0x80, 0x80, 0x80, 0xFF, 0x80, 0x80, 0x80, 0xFF, 0x80, 0x80, 0x80, 0xFF, 0x80, 0x80, 0x80, 0xFF, 0x80, 0x80, 0x80, 0xFF, 0x80, 0x80, 0x80, 0xFF, 0x80, 0x80, 0x80, 0xFF, 0x80, 0x80, 0x80, 0xFF,
  0x80, 0x80, 0x80, 0xFF, 0x80, 0x80, 0x80, 0xFF, 0x80, 0x80, 0x80, 0xFF, 0xA8, 0xA8, 0xA8, 0xFF, 0xA8, 0xA8, 0xA8, 0xFF, 0x00, 0x00, 0x00, 0xFF, 0x00, 0x00, 0x00, 0xFF, 0xA8, 0xA8, 0xA8, 0xFF,
  0xA8, 0xA8, 0xA8, 0xFF, 0xA8, 0xA8, 0xA8, 0xFF, 0x80, 0x80, 0x80, 0xFF, 0x80, 0x80, 0x80, 0xFF, 0x80, 0x80, 0x80, 0xFF, 0x80, 0x80, 0x80, 0xFF, 0x80, 0x80, 0x80, 0xFF, 0x80, 0x80, 0x80, 0xFF,
  0x80, 0x80, 0x80, 0xFF, 0x80, 0x80, 0x80, 0xFF, 0x80, 0x80, 0x80, 0xFF, 0x80, 0x80, 0x80, 0xFF, 0x80, 0x80, 0x80, 0xFF, 0x80, 0x80, 0x80, 0xFF, 0x80, 0x80, 0x80, 0xFF, 0x80, 0x80, 0x80, 0xFF,
  0xA8, 0xA8, 0xA8, 0xFF, 0xA8, 0xA8, 0xA8, 0xFF, 0xA8, 0xA8, 0xA8, 0xFF, 0x00, 0x00, 0x00, 0xFF, 0x00, 0x00, 0x00, 0xFF, 0xA8, 0xA8, 0xA8, 0xFF, 0xA8, 0xA8, 0xA8, 0xFF, 0xA8, 0xA8, 0xA8, 0xFF,
  0xA8, 0xA8, 0xA8, 0xFF, 0xA8, 0xA8, 0xA8, 0xFF, 0xA8, 0xA8, 0xA8, 0xFF, 0xA8, 0xA8, 0xA8, 0xFF, 0xA8, 0xA8, 0xA8, 0xFF, 0xA8, 0xA8, 0xA8, 0xFF, 0xA8, 0xA8, 0xA8, 0xFF, 0xA8, 0xA8, 0xA8, 0xFF,
  0xA8, 0xA8, 0xA8, 0xFF, 0xA8, 0xA8, 0xA8, 0xFF, 0xA8, 0xA8, 0xA8, 0xFF, 0xA8, 0xA8, 0xA8, 0xFF, 0xA8, 0xA8, 0xA8, 0xFF, 0xA8, 0xA8, 0xA8, 0xFF, 0xA8, 0xA8, 0xA8, 0xFF, 0xA8, 0xA8, 0xA8, 0xFF,
  0xA8, 0xA8, 0xA8, 0xFF, 0x00, 0x00, 0x00, 0xFF, 0x00, 0x00, 0x00, 0xFF, 0x50, 0x50, 0x51, 0xFF, 0xA8, 0xA8, 0xA8, 0xFF, 0xA8, 0xA8, 0xA8, 0xFF, 0xA8, 0xA8, 0xA8, 0xFF, 0xA8, 0xA8, 0xA8, 0xFF,
  0xA8, 0xA8, 0xA8, 0xFF, 0xA8, 0xA8, 0xA8, 0xFF, 0xA8, 0xA8, 0xA8, 0xFF, 0xA8, 0xA8, 0xA8, 0xFF, 0xA8, 0xA8, 0xA8, 0xFF, 0xA8, 0xA8, 0xA8, 0xFF, 0xA8, 0xA8, 0xA8, 0xFF, 0xA8, 0xA8, 0xA8, 0xFF,
  0xA8, 0xA8, 0xA8, 0xFF, 0xA8, 0xA8, 0xA8, 0xFF, 0xA8, 0xA8, 0xA8, 0xFF, 0xA8, 0xA8, 0xA8, 0xFF, 0xA8, 0xA8, 0xA8, 0xFF, 0xA8, 0xA8, 0xA8, 0xFF, 0x12, 0x12, 0x13, 0xFF, 0x00, 0x00, 0x00, 0xFF,
  0x00, 0x00, 0x00, 0xFF, 0x00, 0x00, 0x00, 0xFF, 0x39, 0x39, 0x3C, 0xFF, 0x39, 0x39, 0x3C, 0xFF, 0x39, 0x39, 0x3C, 0xFF, 0x39, 0x39, 0x3C, 0xFF, 0x39, 0x39, 0x3C, 0xFF, 0x39, 0x39, 0x3C, 0xFF,
  0x39, 0x39, 0x3C, 0xFF, 0x39, 0x39, 0x3C, 0xFF, 0x39, 0x39, 0x3C, 0xFF, 0x39, 0x39, 0x3C, 0xFF, 0x39, 0x39, 0x3C, 0xFF, 0x39, 0x39, 0x3C, 0xFF, 0x39, 0x39, 0x3C, 0xFF, 0x39, 0x39, 0x3C, 0xFF,
  0x39, 0x39, 0x3C, 0xFF, 0x39, 0x39, 0x3C, 0xFF, 0x39, 0x39, 0x3C, 0xFF, 0x39, 0x39, 0x3C, 0xFF, 0x00, 0x00, 0x00, 0xFF, 0x00, 0x00, 0x00, 0xFF, 0xFF, 0xFF, 0xFF, 0x00, 0x00, 0x00, 0x00, 0xFF,
  0x00, 0x00, 0x00, 0xFF, 0x00, 0x00, 0x00, 0xFF, 0x00, 0x00, 0x00, 0xFF, 0x00, 0x00, 0x00, 0xFF, 0x00, 0x00, 0x00, 0xFF, 0x00, 0x00, 0x00, 0xFF, 0x00, 0x00, 0x00, 0xFF, 0x00, 0x00, 0x00, 0xFF,
  0x00, 0x00, 0x00, 0xFF, 0x00, 0x00, 0x00, 0xFF, 0x00, 0x00, 0x00, 0xFF, 0x00, 0x00, 0x00, 0xFF, 0x00, 0x00, 0x00, 0xFF, 0x00, 0x00, 0x00, 0xFF, 0x00, 0x00, 0x00, 0xFF, 0x00, 0x00, 0x00, 0xFF,
  0x00, 0x00, 0x00, 0xFF, 0x00, 0x00, 0x00, 0xFF, 0x00, 0x00, 0x00, 0xFF, 0xFF, 0xFF, 0xFF, 0x00,
};
static const NcControlRgba nc_ctrl_rgba_sneak_pressed = { nc_rgba_sneak_pressed, 22, 22 };

static const unsigned char nc_rgba_flyingascend[] = {
  0xFF, 0xFF, 0xFF, 0x00, 0x00, 0x00, 0x00, 0xFF, 0x00, 0x00, 0x00, 0xFF, 0x00, 0x00, 0x00, 0xFF, 0x00, 0x00, 0x00, 0xFF, 0x00, 0x00, 0x00, 0xFF, 0x00, 0x00, 0x00, 0xFF, 0x00, 0x00, 0x00, 0xFF,
  0x00, 0x00, 0x00, 0xFF, 0x00, 0x00, 0x00, 0xFF, 0x00, 0x00, 0x00, 0xFF, 0x00, 0x00, 0x00, 0xFF, 0x00, 0x00, 0x00, 0xFF, 0x00, 0x00, 0x00, 0xFF, 0x00, 0x00, 0x00, 0xFF, 0x00, 0x00, 0x00, 0xFF,
  0x00, 0x00, 0x00, 0xFF, 0x00, 0x00, 0x00, 0xFF, 0x00, 0x00, 0x00, 0xFF, 0x00, 0x00, 0x00, 0xFF, 0x00, 0x00, 0x00, 0xFF, 0xFF, 0xFF, 0xFF, 0x00, 0x00, 0x00, 0x00, 0xFF, 0x00, 0x00, 0x00, 0xFF,
  0x68, 0x68, 0x68, 0xFF, 0x68, 0x68, 0x68, 0xFF, 0x68, 0x68, 0x68, 0xFF, 0x68, 0x68, 0x68, 0xFF, 0x68, 0x68, 0x68, 0xFF, 0x68, 0x68, 0x68, 0xFF, 0x68, 0x68, 0x68, 0xFF, 0x68, 0x68, 0x68, 0xFF,
  0x68, 0x68, 0x68, 0xFF, 0x68, 0x68, 0x68, 0xFF, 0x68, 0x68, 0x68, 0xFF, 0x68, 0x68, 0x68, 0xFF, 0x68, 0x68, 0x68, 0xFF, 0x68, 0x68, 0x68, 0xFF, 0x68, 0x68, 0x68, 0xFF, 0x68, 0x68, 0x68, 0xFF,
  0x68, 0x68, 0x68, 0xFF, 0x68, 0x68, 0x68, 0xFF, 0x00, 0x00, 0x00, 0xFF, 0x00, 0x00, 0x00, 0xFF, 0x00, 0x00, 0x00, 0xFF, 0x68, 0x68, 0x68, 0xFF, 0x68, 0x68, 0x68, 0xFF, 0x68, 0x68, 0x68, 0xFF,
  0x68, 0x68, 0x68, 0xFF, 0x68, 0x68, 0x68, 0xFF, 0x68, 0x68, 0x68, 0xFF, 0x68, 0x68, 0x68, 0xFF, 0x68, 0x68, 0x68, 0xFF, 0x68, 0x68, 0x68, 0xFF, 0x68, 0x68, 0x68, 0xFF, 0x68, 0x68, 0x68, 0xFF,
  0x68, 0x68, 0x68, 0xFF, 0x68, 0x68, 0x68, 0xFF, 0x68, 0x68, 0x68, 0xFF, 0x68, 0x68, 0x68, 0xFF, 0x68, 0x68, 0x68, 0xFF, 0x68, 0x68, 0x68, 0xFF, 0x68, 0x68, 0x68, 0xFF, 0x68, 0x68, 0x68, 0xFF,
  0x68, 0x68, 0x68, 0xFF, 0x00, 0x00, 0x00, 0xFF, 0x00, 0x00, 0x00, 0xFF, 0x68, 0x68, 0x68, 0xFF, 0x68, 0x68, 0x68, 0xFF, 0x68, 0x68, 0x68, 0xFF, 0x80, 0x80, 0x80, 0xFF, 0x80, 0x80, 0x80, 0xFF,
  0x80, 0x80, 0x80, 0xFF, 0x80, 0x80, 0x80, 0xFF, 0x80, 0x80, 0x80, 0xFF, 0x80, 0x80, 0x80, 0xFF, 0x80, 0x80, 0x80, 0xFF, 0x80, 0x80, 0x80, 0xFF, 0x80, 0x80, 0x80, 0xFF, 0x80, 0x80, 0x80, 0xFF,
  0x80, 0x80, 0x80, 0xFF, 0x80, 0x80, 0x80, 0xFF, 0x80, 0x80, 0x80, 0xFF, 0x80, 0x80, 0x80, 0xFF, 0x68, 0x68, 0x68, 0xFF, 0x68, 0x68, 0x68, 0xFF, 0x68, 0x68, 0x68, 0xFF, 0x00, 0x00, 0x00, 0xFF,
  0x00, 0x00, 0x00, 0xFF, 0x68, 0x68, 0x68, 0xFF, 0x68, 0x68, 0x68, 0xFF, 0x80, 0x80, 0x80, 0xFF, 0x80, 0x80, 0x80, 0xFF, 0x80, 0x80, 0x80, 0xFF, 0x80, 0x80, 0x80, 0xFF, 0x80, 0x80, 0x80, 0xFF,
  0x80, 0x80, 0x80, 0xFF, 0x80, 0x80, 0x80, 0xFF, 0x80, 0x80, 0x80, 0xFF, 0x80, 0x80, 0x80, 0xFF, 0x80, 0x80, 0x80, 0xFF, 0x80, 0x80, 0x80, 0xFF, 0x80, 0x80, 0x80, 0xFF, 0x80, 0x80, 0x80, 0xFF,
  0x80, 0x80, 0x80, 0xFF, 0x80, 0x80, 0x80, 0xFF, 0x80, 0x80, 0x80, 0xFF, 0x68, 0x68, 0x68, 0xFF, 0x68, 0x68, 0x68, 0xFF, 0x00, 0x00, 0x00, 0xFF, 0x00, 0x00, 0x00, 0xFF, 0x68, 0x68, 0x68, 0xFF,
  0x68, 0x68, 0x68, 0xFF, 0x80, 0x80, 0x80, 0xFF, 0x80, 0x80, 0x80, 0xFF, 0x80, 0x80, 0x80, 0xFF, 0x80, 0x80, 0x80, 0xFF, 0x80, 0x80, 0x80, 0xFF, 0x80, 0x80, 0x80, 0xFF, 0x80, 0x80, 0x80, 0xFF,
  0x00, 0x00, 0x00, 0xFF, 0x00, 0x00, 0x00, 0xFF, 0x80, 0x80, 0x80, 0xFF, 0x80, 0x80, 0x80, 0xFF, 0x80, 0x80, 0x80, 0xFF, 0x80, 0x80, 0x80, 0xFF, 0x80, 0x80, 0x80, 0xFF, 0x80, 0x80, 0x80, 0xFF,
  0x80, 0x80, 0x80, 0xFF, 0x68, 0x68, 0x68, 0xFF, 0x68, 0x68, 0x68, 0xFF, 0x00, 0x00, 0x00, 0xFF, 0x00, 0x00, 0x00, 0xFF, 0x68, 0x68, 0x68, 0xFF, 0x68, 0x68, 0x68, 0xFF, 0x80, 0x80, 0x80, 0xFF,
  0x80, 0x80, 0x80, 0xFF, 0x80, 0x80, 0x80, 0xFF, 0x80, 0x80, 0x80, 0xFF, 0x80, 0x80, 0x80, 0xFF, 0x80, 0x80, 0x80, 0xFF, 0x00, 0x00, 0x00, 0xFF, 0x00, 0x00, 0x00, 0xFF, 0x00, 0x00, 0x00, 0xFF,
  0x00, 0x00, 0x00, 0xFF, 0x80, 0x80, 0x80, 0xFF, 0x80, 0x80, 0x80, 0xFF, 0x80, 0x80, 0x80, 0xFF, 0x80, 0x80, 0x80, 0xFF, 0x80, 0x80, 0x80, 0xFF, 0x80, 0x80, 0x80, 0xFF, 0x68, 0x68, 0x68, 0xFF,
  0x68, 0x68, 0x68, 0xFF, 0x00, 0x00, 0x00, 0xFF, 0x00, 0x00, 0x00, 0xFF, 0x68, 0x68, 0x68, 0xFF, 0x68, 0x68, 0x68, 0xFF, 0x80, 0x80, 0x80, 0xFF, 0x80, 0x80, 0x80, 0xFF, 0x80, 0x80, 0x80, 0xFF,
  0x80, 0x80, 0x80, 0xFF, 0x80, 0x80, 0x80, 0xFF, 0x00, 0x00, 0x00, 0xFF, 0x00, 0x00, 0x00, 0xFF, 0x00, 0x00, 0x00, 0xFF, 0x00, 0x00, 0x00, 0xFF, 0x00, 0x00, 0x00, 0xFF, 0x00, 0x00, 0x00, 0xFF,
  0x80, 0x80, 0x80, 0xFF, 0x80, 0x80, 0x80, 0xFF, 0x80, 0x80, 0x80, 0xFF, 0x80, 0x80, 0x80, 0xFF, 0x80, 0x80, 0x80, 0xFF, 0x68, 0x68, 0x68, 0xFF, 0x68, 0x68, 0x68, 0xFF, 0x00, 0x00, 0x00, 0xFF,
  0x00, 0x00, 0x00, 0xFF, 0x68, 0x68, 0x68, 0xFF, 0x68, 0x68, 0x68, 0xFF, 0x80, 0x80, 0x80, 0xFF, 0x80, 0x80, 0x80, 0xFF, 0x80, 0x80, 0x80, 0xFF, 0x80, 0x80, 0x80, 0xFF, 0x80, 0x80, 0x80, 0xFF,
  0x80, 0x80, 0x80, 0xFF, 0x80, 0x80, 0x80, 0xFF, 0x00, 0x00, 0x00, 0xFF, 0x00, 0x00, 0x00, 0xFF, 0x80, 0x80, 0x80, 0xFF, 0x80, 0x80, 0x80, 0xFF, 0x80, 0x80, 0x80, 0xFF, 0x80, 0x80, 0x80, 0xFF,
  0x80, 0x80, 0x80, 0xFF, 0x80, 0x80, 0x80, 0xFF, 0x80, 0x80, 0x80, 0xFF, 0x68, 0x68, 0x68, 0xFF, 0x68, 0x68, 0x68, 0xFF, 0x00, 0x00, 0x00, 0xFF, 0x00, 0x00, 0x00, 0xFF, 0x68, 0x68, 0x68, 0xFF,
  0x68, 0x68, 0x68, 0xFF, 0x80, 0x80, 0x80, 0xFF, 0x80, 0x80, 0x80, 0xFF, 0x80, 0x80, 0x80, 0xFF, 0x80, 0x80, 0x80, 0xFF, 0x80, 0x80, 0x80, 0xFF, 0x00, 0x00, 0x00, 0xFF, 0x80, 0x80, 0x80, 0xFF,
  0x00, 0x00, 0x00, 0xFF, 0x00, 0x00, 0x00, 0xFF, 0x80, 0x80, 0x80, 0xFF, 0x00, 0x00, 0x00, 0xFF, 0x80, 0x80, 0x80, 0xFF, 0x80, 0x80, 0x80, 0xFF, 0x80, 0x80, 0x80, 0xFF, 0x80, 0x80, 0x80, 0xFF,
  0x80, 0x80, 0x80, 0xFF, 0x68, 0x68, 0x68, 0xFF, 0x68, 0x68, 0x68, 0xFF, 0x00, 0x00, 0x00, 0xFF, 0x00, 0x00, 0x00, 0xFF, 0x68, 0x68, 0x68, 0xFF, 0x68, 0x68, 0x68, 0xFF, 0x80, 0x80, 0x80, 0xFF,
  0x80, 0x80, 0x80, 0xFF, 0x80, 0x80, 0x80, 0xFF, 0x00, 0x00, 0x00, 0xFF, 0x80, 0x80, 0x80, 0xFF, 0x00, 0x00, 0x00, 0xFF, 0x80, 0x80, 0x80, 0xFF, 0x00, 0x00, 0x00, 0xFF, 0x00, 0x00, 0x00, 0xFF,
  0x80, 0x80, 0x80, 0xFF, 0x00, 0x00, 0x00, 0xFF, 0x80, 0x80, 0x80, 0xFF, 0x00, 0x00, 0x00, 0xFF, 0x80, 0x80, 0x80, 0xFF, 0x80, 0x80, 0x80, 0xFF, 0x80, 0x80, 0x80, 0xFF, 0x68, 0x68, 0x68, 0xFF,
  0x68, 0x68, 0x68, 0xFF, 0x00, 0x00, 0x00, 0xFF, 0x00, 0x00, 0x00, 0xFF, 0x68, 0x68, 0x68, 0xFF, 0x68, 0x68, 0x68, 0xFF, 0x80, 0x80, 0x80, 0xFF, 0x80, 0x80, 0x80, 0xFF, 0x80, 0x80, 0x80, 0xFF,
  0x00, 0x00, 0x00, 0xFF, 0x80, 0x80, 0x80, 0xFF, 0x00, 0x00, 0x00, 0xFF, 0x80, 0x80, 0x80, 0xFF, 0x80, 0x80, 0x80, 0xFF, 0x80, 0x80, 0x80, 0xFF, 0x80, 0x80, 0x80, 0xFF, 0x00, 0x00, 0x00, 0xFF,
  0x80, 0x80, 0x80, 0xFF, 0x00, 0x00, 0x00, 0xFF, 0x80, 0x80, 0x80, 0xFF, 0x80, 0x80, 0x80, 0xFF, 0x80, 0x80, 0x80, 0xFF, 0x68, 0x68, 0x68, 0xFF, 0x68, 0x68, 0x68, 0xFF, 0x00, 0x00, 0x00, 0xFF,
  0x00, 0x00, 0x00, 0xFF, 0x68, 0x68, 0x68, 0xFF, 0x68, 0x68, 0x68, 0xFF, 0x80, 0x80, 0x80, 0xFF, 0x80, 0x80, 0x80, 0xFF, 0x80, 0x80, 0x80, 0xFF, 0x00, 0x00, 0x00, 0xFF, 0x80, 0x80, 0x80, 0xFF,
  0x80, 0x80, 0x80, 0xFF, 0x80, 0x80, 0x80, 0xFF, 0x80, 0x80, 0x80, 0xFF, 0x80, 0x80, 0x80, 0xFF, 0x80, 0x80, 0x80, 0xFF, 0x80, 0x80, 0x80, 0xFF, 0x80, 0x80, 0x80, 0xFF, 0x00, 0x00, 0x00, 0xFF,
  0x80, 0x80, 0x80, 0xFF, 0x80, 0x80, 0x80, 0xFF, 0x80, 0x80, 0x80, 0xFF, 0x68, 0x68, 0x68, 0xFF, 0x68, 0x68, 0x68, 0xFF, 0x00, 0x00, 0x00, 0xFF, 0x00, 0x00, 0x00, 0xFF, 0x68, 0x68, 0x68, 0xFF,
  0x68, 0x68, 0x68, 0xFF, 0x80, 0x80, 0x80, 0xFF, 0x80, 0x80, 0x80, 0xFF, 0x80, 0x80, 0x80, 0xFF, 0x80, 0x80, 0x80, 0xFF, 0x80, 0x80, 0x80, 0xFF, 0x80, 0x80, 0x80, 0xFF, 0x80, 0x80, 0x80, 0xFF,
  0x80, 0x80, 0x80, 0xFF, 0x80, 0x80, 0x80, 0xFF, 0x80, 0x80, 0x80, 0xFF, 0x80, 0x80, 0x80, 0xFF, 0x80, 0x80, 0x80, 0xFF, 0x80, 0x80, 0x80, 0xFF, 0x80, 0x80, 0x80, 0xFF, 0x80, 0x80, 0x80, 0xFF,
  0x80, 0x80, 0x80, 0xFF, 0x68, 0x68, 0x68, 0xFF, 0x68, 0x68, 0x68, 0xFF, 0x00, 0x00, 0x00, 0xFF, 0x00, 0x00, 0x00, 0xFF, 0x68, 0x68, 0x68, 0xFF, 0x68, 0x68, 0x68, 0xFF, 0x80, 0x80, 0x80, 0xFF,
  0x80, 0x80, 0x80, 0xFF, 0x80, 0x80, 0x80, 0xFF, 0x80, 0x80, 0x80, 0xFF, 0x00, 0x00, 0x00, 0xFF, 0x00, 0x00, 0x00, 0xFF, 0x00, 0x00, 0x00, 0xFF, 0x00, 0x00, 0x00, 0xFF, 0x00, 0x00, 0x00, 0xFF,
  0x00, 0x00, 0x00, 0xFF, 0x00, 0x00, 0x00, 0xFF, 0x00, 0x00, 0x00, 0xFF, 0x80, 0x80, 0x80, 0xFF, 0x80, 0x80, 0x80, 0xFF, 0x80, 0x80, 0x80, 0xFF, 0x80, 0x80, 0x80, 0xFF, 0x68, 0x68, 0x68, 0xFF,
  0x68, 0x68, 0x68, 0xFF, 0x00, 0x00, 0x00, 0xFF, 0x00, 0x00, 0x00, 0xFF, 0x68, 0x68, 0x68, 0xFF, 0x68, 0x68, 0x68, 0xFF, 0x80, 0x80, 0x80, 0xFF, 0x80, 0x80, 0x80, 0xFF, 0x80, 0x80, 0x80, 0xFF,
  0x80, 0x80, 0x80, 0xFF, 0x80, 0x80, 0x80, 0xFF, 0x80, 0x80, 0x80, 0xFF, 0x80, 0x80, 0x80, 0xFF, 0x80, 0x80, 0x80, 0xFF, 0x80, 0x80, 0x80, 0xFF, 0x80, 0x80, 0x80, 0xFF, 0x80, 0x80, 0x80, 0xFF,
  0x80, 0x80, 0x80, 0xFF, 0x80, 0x80, 0x80, 0xFF, 0x80, 0x80, 0x80, 0xFF, 0x80, 0x80, 0x80, 0xFF, 0x80, 0x80, 0x80, 0xFF, 0x68, 0x68, 0x68, 0xFF, 0x68, 0x68, 0x68, 0xFF, 0x00, 0x00, 0x00, 0xFF,
  0x00, 0x00, 0x00, 0xFF, 0x68, 0x68, 0x68, 0xFF, 0x68, 0x68, 0x68, 0xFF, 0x68, 0x68, 0x68, 0xFF, 0x80, 0x80, 0x80, 0xFF, 0x80, 0x80, 0x80, 0xFF, 0x80, 0x80, 0x80, 0xFF, 0x80, 0x80, 0x80, 0xFF,
  0x80, 0x80, 0x80, 0xFF, 0x80, 0x80, 0x80, 0xFF, 0x80, 0x80, 0x80, 0xFF, 0x80, 0x80, 0x80, 0xFF, 0x80, 0x80, 0x80, 0xFF, 0x80, 0x80, 0x80, 0xFF, 0x80, 0x80, 0x80, 0xFF, 0x80, 0x80, 0x80, 0xFF,
  0x80, 0x80, 0x80, 0xFF, 0x80, 0x80, 0x80, 0xFF, 0x68, 0x68, 0x68, 0xFF, 0x68, 0x68, 0x68, 0xFF, 0x68, 0x68, 0x68, 0xFF, 0x00, 0x00, 0x00, 0xFF, 0x00, 0x00, 0x00, 0xFF, 0x68, 0x68, 0x68, 0xFF,
  0x68, 0x68, 0x68, 0xFF, 0x68, 0x68, 0x68, 0xFF, 0x68, 0x68, 0x68, 0xFF, 0x68, 0x68, 0x68, 0xFF, 0x68, 0x68, 0x68, 0xFF, 0x68, 0x68, 0x68, 0xFF, 0x68, 0x68, 0x68, 0xFF, 0x68, 0x68, 0x68, 0xFF,
  0x68, 0x68, 0x68, 0xFF, 0x68, 0x68, 0x68, 0xFF, 0x68, 0x68, 0x68, 0xFF, 0x68, 0x68, 0x68, 0xFF, 0x68, 0x68, 0x68, 0xFF, 0x68, 0x68, 0x68, 0xFF, 0x68, 0x68, 0x68, 0xFF, 0x68, 0x68, 0x68, 0xFF,
  0x68, 0x68, 0x68, 0xFF, 0x68, 0x68, 0x68, 0xFF, 0x68, 0x68, 0x68, 0xFF, 0x00, 0x00, 0x00, 0xFF, 0x00, 0x00, 0x00, 0xFF, 0x50, 0x50, 0x51, 0xFF, 0x68, 0x68, 0x68, 0xFF, 0x68, 0x68, 0x68, 0xFF,
  0x68, 0x68, 0x68, 0xFF, 0x68, 0x68, 0x68, 0xFF, 0x68, 0x68, 0x68, 0xFF, 0x68, 0x68, 0x68, 0xFF, 0x68, 0x68, 0x68, 0xFF, 0x68, 0x68, 0x68, 0xFF, 0x68, 0x68, 0x68, 0xFF, 0x68, 0x68, 0x68, 0xFF,
  0x68, 0x68, 0x68, 0xFF, 0x68, 0x68, 0x68, 0xFF, 0x68, 0x68, 0x68, 0xFF, 0x68, 0x68, 0x68, 0xFF, 0x68, 0x68, 0x68, 0xFF, 0x68, 0x68, 0x68, 0xFF, 0x68, 0x68, 0x68, 0xFF, 0x68, 0x68, 0x68, 0xFF,
  0x12, 0x12, 0x13, 0xFF, 0x00, 0x00, 0x00, 0xFF, 0x00, 0x00, 0x00, 0xFF, 0x50, 0x50, 0x51, 0xFF, 0x39, 0x39, 0x3C, 0xFF, 0x39, 0x39, 0x3C, 0xFF, 0x39, 0x39, 0x3C, 0xFF, 0x39, 0x39, 0x3C, 0xFF,
  0x39, 0x39, 0x3C, 0xFF, 0x39, 0x39, 0x3C, 0xFF, 0x39, 0x39, 0x3C, 0xFF, 0x39, 0x39, 0x3C, 0xFF, 0x39, 0x39, 0x3C, 0xFF, 0x39, 0x39, 0x3C, 0xFF, 0x39, 0x39, 0x3C, 0xFF, 0x39, 0x39, 0x3C, 0xFF,
  0x39, 0x39, 0x3C, 0xFF, 0x39, 0x39, 0x3C, 0xFF, 0x39, 0x39, 0x3C, 0xFF, 0x39, 0x39, 0x3C, 0xFF, 0x39, 0x39, 0x3C, 0xFF, 0x39, 0x39, 0x3C, 0xFF, 0x12, 0x12, 0x13, 0xFF, 0x00, 0x00, 0x00, 0xFF,
  0x00, 0x00, 0x00, 0xFF, 0x00, 0x00, 0x00, 0xFF, 0x39, 0x39, 0x3C, 0xFF, 0x39, 0x39, 0x3C, 0xFF, 0x39, 0x39, 0x3C, 0xFF, 0x39, 0x39, 0x3C, 0xFF, 0x39, 0x39, 0x3C, 0xFF, 0x39, 0x39, 0x3C, 0xFF,
  0x39, 0x39, 0x3C, 0xFF, 0x39, 0x39, 0x3C, 0xFF, 0x39, 0x39, 0x3C, 0xFF, 0x39, 0x39, 0x3C, 0xFF, 0x39, 0x39, 0x3C, 0xFF, 0x39, 0x39, 0x3C, 0xFF, 0x39, 0x39, 0x3C, 0xFF, 0x39, 0x39, 0x3C, 0xFF,
  0x39, 0x39, 0x3C, 0xFF, 0x39, 0x39, 0x3C, 0xFF, 0x39, 0x39, 0x3C, 0xFF, 0x39, 0x39, 0x3C, 0xFF, 0x00, 0x00, 0x00, 0xFF, 0x00, 0x00, 0x00, 0xFF, 0xFF, 0xFF, 0xFF, 0x00, 0x00, 0x00, 0x00, 0xFF,
  0x00, 0x00, 0x00, 0xFF, 0x00, 0x00, 0x00, 0xFF, 0x00, 0x00, 0x00, 0xFF, 0x00, 0x00, 0x00, 0xFF, 0x00, 0x00, 0x00, 0xFF, 0x00, 0x00, 0x00, 0xFF, 0x00, 0x00, 0x00, 0xFF, 0x00, 0x00, 0x00, 0xFF,
  0x00, 0x00, 0x00, 0xFF, 0x00, 0x00, 0x00, 0xFF, 0x00, 0x00, 0x00, 0xFF, 0x00, 0x00, 0x00, 0xFF, 0x00, 0x00, 0x00, 0xFF, 0x00, 0x00, 0x00, 0xFF, 0x00, 0x00, 0x00, 0xFF, 0x00, 0x00, 0x00, 0xFF,
  0x00, 0x00, 0x00, 0xFF, 0x00, 0x00, 0x00, 0xFF, 0x00, 0x00, 0x00, 0xFF, 0xFF, 0xFF, 0xFF, 0x00,
};
static const NcControlRgba nc_ctrl_rgba_flyingascend = { nc_rgba_flyingascend, 22, 22 };

static const unsigned char nc_rgba_flyingascend_pressed[] = {
  0xFF, 0xFF, 0xFF, 0x00, 0xFF, 0xFF, 0xFF, 0x00, 0xFF, 0xFF, 0xFF, 0x00, 0xFF, 0xFF, 0xFF, 0x00, 0xFF, 0xFF, 0xFF, 0x00, 0xFF, 0xFF, 0xFF, 0x00, 0xFF, 0xFF, 0xFF, 0x00, 0xFF, 0xFF, 0xFF, 0x00,
  0xFF, 0xFF, 0xFF, 0x00, 0xFF, 0xFF, 0xFF, 0x00, 0xFF, 0xFF, 0xFF, 0x00, 0xFF, 0xFF, 0xFF, 0x00, 0xFF, 0xFF, 0xFF, 0x00, 0xFF, 0xFF, 0xFF, 0x00, 0xFF, 0xFF, 0xFF, 0x00, 0xFF, 0xFF, 0xFF, 0x00,
  0xFF, 0xFF, 0xFF, 0x00, 0xFF, 0xFF, 0xFF, 0x00, 0xFF, 0xFF, 0xFF, 0x00, 0xFF, 0xFF, 0xFF, 0x00, 0xFF, 0xFF, 0xFF, 0x00, 0xFF, 0xFF, 0xFF, 0x00, 0xFF, 0xFF, 0xFF, 0x00, 0x00, 0x00, 0x00, 0xFF,
  0x00, 0x00, 0x00, 0xFF, 0x00, 0x00, 0x00, 0xFF, 0x00, 0x00, 0x00, 0xFF, 0x00, 0x00, 0x00, 0xFF, 0x00, 0x00, 0x00, 0xFF, 0x00, 0x00, 0x00, 0xFF, 0x00, 0x00, 0x00, 0xFF, 0x00, 0x00, 0x00, 0xFF,
  0x00, 0x00, 0x00, 0xFF, 0x00, 0x00, 0x00, 0xFF, 0x00, 0x00, 0x00, 0xFF, 0x00, 0x00, 0x00, 0xFF, 0x00, 0x00, 0x00, 0xFF, 0x00, 0x00, 0x00, 0xFF, 0x00, 0x00, 0x00, 0xFF, 0x00, 0x00, 0x00, 0xFF,
  0x00, 0x00, 0x00, 0xFF, 0x00, 0x00, 0x00, 0xFF, 0x00, 0x00, 0x00, 0xFF, 0xFF, 0xFF, 0xFF, 0x00, 0x00, 0x00, 0x00, 0xFF, 0x00, 0x00, 0x00, 0xFF, 0xA8, 0xA8, 0xA8, 0xFF, 0xA8, 0xA8, 0xA8, 0xFF,
  0xA8, 0xA8, 0xA8, 0xFF, 0xA8, 0xA8, 0xA8, 0xFF, 0xA8, 0xA8, 0xA8, 0xFF, 0xA8, 0xA8, 0xA8, 0xFF, 0xA8, 0xA8, 0xA8, 0xFF, 0xA8, 0xA8, 0xA8, 0xFF, 0xA8, 0xA8, 0xA8, 0xFF, 0xA8, 0xA8, 0xA8, 0xFF,
  0xA8, 0xA8, 0xA8, 0xFF, 0xA8, 0xA8, 0xA8, 0xFF, 0xA8, 0xA8, 0xA8, 0xFF, 0xA8, 0xA8, 0xA8, 0xFF, 0xA8, 0xA8, 0xA8, 0xFF, 0xA8, 0xA8, 0xA8, 0xFF, 0xA8, 0xA8, 0xA8, 0xFF, 0xA8, 0xA8, 0xA8, 0xFF,
  0x00, 0x00, 0x00, 0xFF, 0x00, 0x00, 0x00, 0xFF, 0x00, 0x00, 0x00, 0xFF, 0xA8, 0xA8, 0xA8, 0xFF, 0xA8, 0xA8, 0xA8, 0xFF, 0xA8, 0xA8, 0xA8, 0xFF, 0xA8, 0xA8, 0xA8, 0xFF, 0xA8, 0xA8, 0xA8, 0xFF,
  0xA8, 0xA8, 0xA8, 0xFF, 0xA8, 0xA8, 0xA8, 0xFF, 0xA8, 0xA8, 0xA8, 0xFF, 0xA8, 0xA8, 0xA8, 0xFF, 0xA8, 0xA8, 0xA8, 0xFF, 0xA8, 0xA8, 0xA8, 0xFF, 0xA8, 0xA8, 0xA8, 0xFF, 0xA8, 0xA8, 0xA8, 0xFF,
  0xA8, 0xA8, 0xA8, 0xFF, 0xA8, 0xA8, 0xA8, 0xFF, 0xA8, 0xA8, 0xA8, 0xFF, 0xA8, 0xA8, 0xA8, 0xFF, 0xA8, 0xA8, 0xA8, 0xFF, 0xA8, 0xA8, 0xA8, 0xFF, 0xA8, 0xA8, 0xA8, 0xFF, 0x00, 0x00, 0x00, 0xFF,
  0x00, 0x00, 0x00, 0xFF, 0xA8, 0xA8, 0xA8, 0xFF, 0xA8, 0xA8, 0xA8, 0xFF, 0xA8, 0xA8, 0xA8, 0xFF, 0x80, 0x80, 0x80, 0xFF, 0x80, 0x80, 0x80, 0xFF, 0x80, 0x80, 0x80, 0xFF, 0x80, 0x80, 0x80, 0xFF,
  0x80, 0x80, 0x80, 0xFF, 0x80, 0x80, 0x80, 0xFF, 0x80, 0x80, 0x80, 0xFF, 0x80, 0x80, 0x80, 0xFF, 0x80, 0x80, 0x80, 0xFF, 0x80, 0x80, 0x80, 0xFF, 0x80, 0x80, 0x80, 0xFF, 0x80, 0x80, 0x80, 0xFF,
  0x80, 0x80, 0x80, 0xFF, 0x80, 0x80, 0x80, 0xFF, 0xA8, 0xA8, 0xA8, 0xFF, 0xA8, 0xA8, 0xA8, 0xFF, 0xA8, 0xA8, 0xA8, 0xFF, 0x00, 0x00, 0x00, 0xFF, 0x00, 0x00, 0x00, 0xFF, 0xA8, 0xA8, 0xA8, 0xFF,
  0xA8, 0xA8, 0xA8, 0xFF, 0x80, 0x80, 0x80, 0xFF, 0x80, 0x80, 0x80, 0xFF, 0x80, 0x80, 0x80, 0xFF, 0x80, 0x80, 0x80, 0xFF, 0x80, 0x80, 0x80, 0xFF, 0x80, 0x80, 0x80, 0xFF, 0x80, 0x80, 0x80, 0xFF,
  0x80, 0x80, 0x80, 0xFF, 0x80, 0x80, 0x80, 0xFF, 0x80, 0x80, 0x80, 0xFF, 0x80, 0x80, 0x80, 0xFF, 0x80, 0x80, 0x80, 0xFF, 0x80, 0x80, 0x80, 0xFF, 0x80, 0x80, 0x80, 0xFF, 0x80, 0x80, 0x80, 0xFF,
  0x80, 0x80, 0x80, 0xFF, 0xA8, 0xA8, 0xA8, 0xFF, 0xA8, 0xA8, 0xA8, 0xFF, 0x00, 0x00, 0x00, 0xFF, 0x00, 0x00, 0x00, 0xFF, 0xA8, 0xA8, 0xA8, 0xFF, 0xA8, 0xA8, 0xA8, 0xFF, 0x80, 0x80, 0x80, 0xFF,
  0x80, 0x80, 0x80, 0xFF, 0x80, 0x80, 0x80, 0xFF, 0x80, 0x80, 0x80, 0xFF, 0x80, 0x80, 0x80, 0xFF, 0x80, 0x80, 0x80, 0xFF, 0x80, 0x80, 0x80, 0xFF, 0xE6, 0xE6, 0xE6, 0xFF, 0xE6, 0xE6, 0xE6, 0xFF,
  0x80, 0x80, 0x80, 0xFF, 0x80, 0x80, 0x80, 0xFF, 0x80, 0x80, 0x80, 0xFF, 0x80, 0x80, 0x80, 0xFF, 0x80, 0x80, 0x80, 0xFF, 0x80, 0x80, 0x80, 0xFF, 0x80, 0x80, 0x80, 0xFF, 0xA8, 0xA8, 0xA8, 0xFF,
  0xA8, 0xA8, 0xA8, 0xFF, 0x00, 0x00, 0x00, 0xFF, 0x00, 0x00, 0x00, 0xFF, 0xA8, 0xA8, 0xA8, 0xFF, 0xA8, 0xA8, 0xA8, 0xFF, 0x80, 0x80, 0x80, 0xFF, 0x80, 0x80, 0x80, 0xFF, 0x80, 0x80, 0x80, 0xFF,
  0x80, 0x80, 0x80, 0xFF, 0x80, 0x80, 0x80, 0xFF, 0x80, 0x80, 0x80, 0xFF, 0xE6, 0xE6, 0xE6, 0xFF, 0xE6, 0xE6, 0xE6, 0xFF, 0xE6, 0xE6, 0xE6, 0xFF, 0xE6, 0xE6, 0xE6, 0xFF, 0x80, 0x80, 0x80, 0xFF,
  0x80, 0x80, 0x80, 0xFF, 0x80, 0x80, 0x80, 0xFF, 0x80, 0x80, 0x80, 0xFF, 0x80, 0x80, 0x80, 0xFF, 0x80, 0x80, 0x80, 0xFF, 0xA8, 0xA8, 0xA8, 0xFF, 0xA8, 0xA8, 0xA8, 0xFF, 0x00, 0x00, 0x00, 0xFF,
  0x00, 0x00, 0x00, 0xFF, 0xA8, 0xA8, 0xA8, 0xFF, 0xA8, 0xA8, 0xA8, 0xFF, 0x80, 0x80, 0x80, 0xFF, 0x80, 0x80, 0x80, 0xFF, 0x80, 0x80, 0x80, 0xFF, 0x80, 0x80, 0x80, 0xFF, 0x80, 0x80, 0x80, 0xFF,
  0xE6, 0xE6, 0xE6, 0xFF, 0xE6, 0xE6, 0xE6, 0xFF, 0xE6, 0xE6, 0xE6, 0xFF, 0xE6, 0xE6, 0xE6, 0xFF, 0xE6, 0xE6, 0xE6, 0xFF, 0xE6, 0xE6, 0xE6, 0xFF, 0x80, 0x80, 0x80, 0xFF, 0x80, 0x80, 0x80, 0xFF,
  0x80, 0x80, 0x80, 0xFF, 0x80, 0x80, 0x80, 0xFF, 0x80, 0x80, 0x80, 0xFF, 0xA8, 0xA8, 0xA8, 0xFF, 0xA8, 0xA8, 0xA8, 0xFF, 0x00, 0x00, 0x00, 0xFF, 0x00, 0x00, 0x00, 0xFF, 0xA8, 0xA8, 0xA8, 0xFF,
  0xA8, 0xA8, 0xA8, 0xFF, 0x80, 0x80, 0x80, 0xFF, 0x80, 0x80, 0x80, 0xFF, 0x80, 0x80, 0x80, 0xFF, 0x80, 0x80, 0x80, 0xFF, 0x80, 0x80, 0x80, 0xFF, 0x80, 0x80, 0x80, 0xFF, 0x80, 0x80, 0x80, 0xFF,
  0xE6, 0xE6, 0xE6, 0xFF, 0xE6, 0xE6, 0xE6, 0xFF, 0x80, 0x80, 0x80, 0xFF, 0x80, 0x80, 0x80, 0xFF, 0x80, 0x80, 0x80, 0xFF, 0x80, 0x80, 0x80, 0xFF, 0x80, 0x80, 0x80, 0xFF, 0x80, 0x80, 0x80, 0xFF,
  0x80, 0x80, 0x80, 0xFF, 0xA8, 0xA8, 0xA8, 0xFF, 0xA8, 0xA8, 0xA8, 0xFF, 0x00, 0x00, 0x00, 0xFF, 0x00, 0x00, 0x00, 0xFF, 0xA8, 0xA8, 0xA8, 0xFF, 0xA8, 0xA8, 0xA8, 0xFF, 0x80, 0x80, 0x80, 0xFF,
  0x80, 0x80, 0x80, 0xFF, 0x80, 0x80, 0x80, 0xFF, 0x80, 0x80, 0x80, 0xFF, 0x80, 0x80, 0x80, 0xFF, 0xE6, 0xE6, 0xE6, 0xFF, 0x80, 0x80, 0x80, 0xFF, 0xE6, 0xE6, 0xE6, 0xFF, 0xE6, 0xE6, 0xE6, 0xFF,
  0x80, 0x80, 0x80, 0xFF, 0xE6, 0xE6, 0xE6, 0xFF, 0x80, 0x80, 0x80, 0xFF, 0x80, 0x80, 0x80, 0xFF, 0x80, 0x80, 0x80, 0xFF, 0x80, 0x80, 0x80, 0xFF, 0x80, 0x80, 0x80, 0xFF, 0xA8, 0xA8, 0xA8, 0xFF,
  0xA8, 0xA8, 0xA8, 0xFF, 0x00, 0x00, 0x00, 0xFF, 0x00, 0x00, 0x00, 0xFF, 0xA8, 0xA8, 0xA8, 0xFF, 0xA8, 0xA8, 0xA8, 0xFF, 0x80, 0x80, 0x80, 0xFF, 0x80, 0x80, 0x80, 0xFF, 0x80, 0x80, 0x80, 0xFF,
  0xE6, 0xE6, 0xE6, 0xFF, 0x80, 0x80, 0x80, 0xFF, 0xE6, 0xE6, 0xE6, 0xFF, 0x80, 0x80, 0x80, 0xFF, 0xE6, 0xE6, 0xE6, 0xFF, 0xE6, 0xE6, 0xE6, 0xFF, 0x80, 0x80, 0x80, 0xFF, 0xE6, 0xE6, 0xE6, 0xFF,
  0x80, 0x80, 0x80, 0xFF, 0xE6, 0xE6, 0xE6, 0xFF, 0x80, 0x80, 0x80, 0xFF, 0x80, 0x80, 0x80, 0xFF, 0x80, 0x80, 0x80, 0xFF, 0xA8, 0xA8, 0xA8, 0xFF, 0xA8, 0xA8, 0xA8, 0xFF, 0x00, 0x00, 0x00, 0xFF,
  0x00, 0x00, 0x00, 0xFF, 0xA8, 0xA8, 0xA8, 0xFF, 0xA8, 0xA8, 0xA8, 0xFF, 0x80, 0x80, 0x80, 0xFF, 0x80, 0x80, 0x80, 0xFF, 0x80, 0x80, 0x80, 0xFF, 0xE6, 0xE6, 0xE6, 0xFF, 0x80, 0x80, 0x80, 0xFF,
  0xE6, 0xE6, 0xE6, 0xFF, 0x80, 0x80, 0x80, 0xFF, 0x80, 0x80, 0x80, 0xFF, 0x80, 0x80, 0x80, 0xFF, 0x80, 0x80, 0x80, 0xFF, 0xE6, 0xE6, 0xE6, 0xFF, 0x80, 0x80, 0x80, 0xFF, 0xE6, 0xE6, 0xE6, 0xFF,
  0x80, 0x80, 0x80, 0xFF, 0x80, 0x80, 0x80, 0xFF, 0x80, 0x80, 0x80, 0xFF, 0xA8, 0xA8, 0xA8, 0xFF, 0xA8, 0xA8, 0xA8, 0xFF, 0x00, 0x00, 0x00, 0xFF, 0x00, 0x00, 0x00, 0xFF, 0xA8, 0xA8, 0xA8, 0xFF,
  0xA8, 0xA8, 0xA8, 0xFF, 0x80, 0x80, 0x80, 0xFF, 0x80, 0x80, 0x80, 0xFF, 0x80, 0x80, 0x80, 0xFF, 0xE6, 0xE6, 0xE6, 0xFF, 0x80, 0x80, 0x80, 0xFF, 0x80, 0x80, 0x80, 0xFF, 0x80, 0x80, 0x80, 0xFF,
  0x80, 0x80, 0x80, 0xFF, 0x80, 0x80, 0x80, 0xFF, 0x80, 0x80, 0x80, 0xFF, 0x80, 0x80, 0x80, 0xFF, 0x80, 0x80, 0x80, 0xFF, 0xE6, 0xE6, 0xE6, 0xFF, 0x80, 0x80, 0x80, 0xFF, 0x80, 0x80, 0x80, 0xFF,
  0x80, 0x80, 0x80, 0xFF, 0xA8, 0xA8, 0xA8, 0xFF, 0xA8, 0xA8, 0xA8, 0xFF, 0x00, 0x00, 0x00, 0xFF, 0x00, 0x00, 0x00, 0xFF, 0xA8, 0xA8, 0xA8, 0xFF, 0xA8, 0xA8, 0xA8, 0xFF, 0x80, 0x80, 0x80, 0xFF,
  0x80, 0x80, 0x80, 0xFF, 0x80, 0x80, 0x80, 0xFF, 0x80, 0x80, 0x80, 0xFF, 0x80, 0x80, 0x80, 0xFF, 0x80, 0x80, 0x80, 0xFF, 0x80, 0x80, 0x80, 0xFF, 0x80, 0x80, 0x80, 0xFF, 0x80, 0x80, 0x80, 0xFF,
  0x80, 0x80, 0x80, 0xFF, 0x80, 0x80, 0x80, 0xFF, 0x80, 0x80, 0x80, 0xFF, 0x80, 0x80, 0x80, 0xFF, 0x80, 0x80, 0x80, 0xFF, 0x80, 0x80, 0x80, 0xFF, 0x80, 0x80, 0x80, 0xFF, 0xA8, 0xA8, 0xA8, 0xFF,
  0xA8, 0xA8, 0xA8, 0xFF, 0x00, 0x00, 0x00, 0xFF, 0x00, 0x00, 0x00, 0xFF, 0xA8, 0xA8, 0xA8, 0xFF, 0xA8, 0xA8, 0xA8, 0xFF, 0x80, 0x80, 0x80, 0xFF, 0x80, 0x80, 0x80, 0xFF, 0x80, 0x80, 0x80, 0xFF,
  0x80, 0x80, 0x80, 0xFF, 0xE6, 0xE6, 0xE6, 0xFF, 0xE6, 0xE6, 0xE6, 0xFF, 0xE6, 0xE6, 0xE6, 0xFF, 0xE6, 0xE6, 0xE6, 0xFF, 0xE6, 0xE6, 0xE6, 0xFF, 0xE6, 0xE6, 0xE6, 0xFF, 0xE6, 0xE6, 0xE6, 0xFF,
  0xE6, 0xE6, 0xE6, 0xFF, 0x80, 0x80, 0x80, 0xFF, 0x80, 0x80, 0x80, 0xFF, 0x80, 0x80, 0x80, 0xFF, 0x80, 0x80, 0x80, 0xFF, 0xA8, 0xA8, 0xA8, 0xFF, 0xA8, 0xA8, 0xA8, 0xFF, 0x00, 0x00, 0x00, 0xFF,
  0x00, 0x00, 0x00, 0xFF, 0xA8, 0xA8, 0xA8, 0xFF, 0xA8, 0xA8, 0xA8, 0xFF, 0x80, 0x80, 0x80, 0xFF, 0x80, 0x80, 0x80, 0xFF, 0x80, 0x80, 0x80, 0xFF, 0x80, 0x80, 0x80, 0xFF, 0x80, 0x80, 0x80, 0xFF,
  0x80, 0x80, 0x80, 0xFF, 0x80, 0x80, 0x80, 0xFF, 0x80, 0x80, 0x80, 0xFF, 0x80, 0x80, 0x80, 0xFF, 0x80, 0x80, 0x80, 0xFF, 0x80, 0x80, 0x80, 0xFF, 0x80, 0x80, 0x80, 0xFF, 0x80, 0x80, 0x80, 0xFF,
  0x80, 0x80, 0x80, 0xFF, 0x80, 0x80, 0x80, 0xFF, 0x80, 0x80, 0x80, 0xFF, 0xA8, 0xA8, 0xA8, 0xFF, 0xA8, 0xA8, 0xA8, 0xFF, 0x00, 0x00, 0x00, 0xFF, 0x00, 0x00, 0x00, 0xFF, 0xA8, 0xA8, 0xA8, 0xFF,
  0xA8, 0xA8, 0xA8, 0xFF, 0xA8, 0xA8, 0xA8, 0xFF, 0x80, 0x80, 0x80, 0xFF, 0x80, 0x80, 0x80, 0xFF, 0x80, 0x80, 0x80, 0xFF, 0x80, 0x80, 0x80, 0xFF, 0x80, 0x80, 0x80, 0xFF, 0x80, 0x80, 0x80, 0xFF,
  0x80, 0x80, 0x80, 0xFF, 0x80, 0x80, 0x80, 0xFF, 0x80, 0x80, 0x80, 0xFF, 0x80, 0x80, 0x80, 0xFF, 0x80, 0x80, 0x80, 0xFF, 0x80, 0x80, 0x80, 0xFF, 0x80, 0x80, 0x80, 0xFF, 0x80, 0x80, 0x80, 0xFF,
  0xA8, 0xA8, 0xA8, 0xFF, 0xA8, 0xA8, 0xA8, 0xFF, 0xA8, 0xA8, 0xA8, 0xFF, 0x00, 0x00, 0x00, 0xFF, 0x00, 0x00, 0x00, 0xFF, 0xA8, 0xA8, 0xA8, 0xFF, 0xA8, 0xA8, 0xA8, 0xFF, 0xA8, 0xA8, 0xA8, 0xFF,
  0xA8, 0xA8, 0xA8, 0xFF, 0xA8, 0xA8, 0xA8, 0xFF, 0xA8, 0xA8, 0xA8, 0xFF, 0xA8, 0xA8, 0xA8, 0xFF, 0xA8, 0xA8, 0xA8, 0xFF, 0xA8, 0xA8, 0xA8, 0xFF, 0xA8, 0xA8, 0xA8, 0xFF, 0xA8, 0xA8, 0xA8, 0xFF,
  0xA8, 0xA8, 0xA8, 0xFF, 0xA8, 0xA8, 0xA8, 0xFF, 0xA8, 0xA8, 0xA8, 0xFF, 0xA8, 0xA8, 0xA8, 0xFF, 0xA8, 0xA8, 0xA8, 0xFF, 0xA8, 0xA8, 0xA8, 0xFF, 0xA8, 0xA8, 0xA8, 0xFF, 0xA8, 0xA8, 0xA8, 0xFF,
  0xA8, 0xA8, 0xA8, 0xFF, 0x00, 0x00, 0x00, 0xFF, 0x00, 0x00, 0x00, 0xFF, 0x50, 0x50, 0x51, 0xFF, 0xA8, 0xA8, 0xA8, 0xFF, 0xA8, 0xA8, 0xA8, 0xFF, 0xA8, 0xA8, 0xA8, 0xFF, 0xA8, 0xA8, 0xA8, 0xFF,
  0xA8, 0xA8, 0xA8, 0xFF, 0xA8, 0xA8, 0xA8, 0xFF, 0xA8, 0xA8, 0xA8, 0xFF, 0xA8, 0xA8, 0xA8, 0xFF, 0xA8, 0xA8, 0xA8, 0xFF, 0xA8, 0xA8, 0xA8, 0xFF, 0xA8, 0xA8, 0xA8, 0xFF, 0xA8, 0xA8, 0xA8, 0xFF,
  0xA8, 0xA8, 0xA8, 0xFF, 0xA8, 0xA8, 0xA8, 0xFF, 0xA8, 0xA8, 0xA8, 0xFF, 0xA8, 0xA8, 0xA8, 0xFF, 0xA8, 0xA8, 0xA8, 0xFF, 0xA8, 0xA8, 0xA8, 0xFF, 0x12, 0x12, 0x13, 0xFF, 0x00, 0x00, 0x00, 0xFF,
  0x00, 0x00, 0x00, 0xFF, 0x00, 0x00, 0x00, 0xFF, 0x39, 0x39, 0x3C, 0xFF, 0x39, 0x39, 0x3C, 0xFF, 0x39, 0x39, 0x3C, 0xFF, 0x39, 0x39, 0x3C, 0xFF, 0x39, 0x39, 0x3C, 0xFF, 0x39, 0x39, 0x3C, 0xFF,
  0x39, 0x39, 0x3C, 0xFF, 0x39, 0x39, 0x3C, 0xFF, 0x39, 0x39, 0x3C, 0xFF, 0x39, 0x39, 0x3C, 0xFF, 0x39, 0x39, 0x3C, 0xFF, 0x39, 0x39, 0x3C, 0xFF, 0x39, 0x39, 0x3C, 0xFF, 0x39, 0x39, 0x3C, 0xFF,
  0x39, 0x39, 0x3C, 0xFF, 0x39, 0x39, 0x3C, 0xFF, 0x39, 0x39, 0x3C, 0xFF, 0x39, 0x39, 0x3C, 0xFF, 0x00, 0x00, 0x00, 0xFF, 0x00, 0x00, 0x00, 0xFF, 0xFF, 0xFF, 0xFF, 0x00, 0x00, 0x00, 0x00, 0xFF,
  0x00, 0x00, 0x00, 0xFF, 0x00, 0x00, 0x00, 0xFF, 0x00, 0x00, 0x00, 0xFF, 0x00, 0x00, 0x00, 0xFF, 0x00, 0x00, 0x00, 0xFF, 0x00, 0x00, 0x00, 0xFF, 0x00, 0x00, 0x00, 0xFF, 0x00, 0x00, 0x00, 0xFF,
  0x00, 0x00, 0x00, 0xFF, 0x00, 0x00, 0x00, 0xFF, 0x00, 0x00, 0x00, 0xFF, 0x00, 0x00, 0x00, 0xFF, 0x00, 0x00, 0x00, 0xFF, 0x00, 0x00, 0x00, 0xFF, 0x00, 0x00, 0x00, 0xFF, 0x00, 0x00, 0x00, 0xFF,
  0x00, 0x00, 0x00, 0xFF, 0x00, 0x00, 0x00, 0xFF, 0x00, 0x00, 0x00, 0xFF, 0xFF, 0xFF, 0xFF, 0x00,
};
static const NcControlRgba nc_ctrl_rgba_flyingascend_pressed = { nc_rgba_flyingascend_pressed, 22, 22 };

static const unsigned char nc_rgba_flyingdescend[] = {
  0xFF, 0xFF, 0xFF, 0x00, 0x00, 0x00, 0x00, 0xFF, 0x00, 0x00, 0x00, 0xFF, 0x00, 0x00, 0x00, 0xFF, 0x00, 0x00, 0x00, 0xFF, 0x00, 0x00, 0x00, 0xFF, 0x00, 0x00, 0x00, 0xFF, 0x00, 0x00, 0x00, 0xFF,
  0x00, 0x00, 0x00, 0xFF, 0x00, 0x00, 0x00, 0xFF, 0x00, 0x00, 0x00, 0xFF, 0x00, 0x00, 0x00, 0xFF, 0x00, 0x00, 0x00, 0xFF, 0x00, 0x00, 0x00, 0xFF, 0x00, 0x00, 0x00, 0xFF, 0x00, 0x00, 0x00, 0xFF,
  0x00, 0x00, 0x00, 0xFF, 0x00, 0x00, 0x00, 0xFF, 0x00, 0x00, 0x00, 0xFF, 0x00, 0x00, 0x00, 0xFF, 0x00, 0x00, 0x00, 0xFF, 0xFF, 0xFF, 0xFF, 0x00, 0x00, 0x00, 0x00, 0xFF, 0x00, 0x00, 0x00, 0xFF,
  0x68, 0x68, 0x68, 0xFF, 0x68, 0x68, 0x68, 0xFF, 0x68, 0x68, 0x68, 0xFF, 0x68, 0x68, 0x68, 0xFF, 0x68, 0x68, 0x68, 0xFF, 0x68, 0x68, 0x68, 0xFF, 0x68, 0x68, 0x68, 0xFF, 0x68, 0x68, 0x68, 0xFF,
  0x68, 0x68, 0x68, 0xFF, 0x68, 0x68, 0x68, 0xFF, 0x68, 0x68, 0x68, 0xFF, 0x68, 0x68, 0x68, 0xFF, 0x68, 0x68, 0x68, 0xFF, 0x68, 0x68, 0x68, 0xFF, 0x68, 0x68, 0x68, 0xFF, 0x68, 0x68, 0x68, 0xFF,
  0x68, 0x68, 0x68, 0xFF, 0x68, 0x68, 0x68, 0xFF, 0x00, 0x00, 0x00, 0xFF, 0x00, 0x00, 0x00, 0xFF, 0x00, 0x00, 0x00, 0xFF, 0x68, 0x68, 0x68, 0xFF, 0x68, 0x68, 0x68, 0xFF, 0x68, 0x68, 0x68, 0xFF,
  0x68, 0x68, 0x68, 0xFF, 0x68, 0x68, 0x68, 0xFF, 0x68, 0x68, 0x68, 0xFF, 0x68, 0x68, 0x68, 0xFF, 0x68, 0x68, 0x68, 0xFF, 0x68, 0x68, 0x68, 0xFF, 0x68, 0x68, 0x68, 0xFF, 0x68, 0x68, 0x68, 0xFF,
  0x68, 0x68, 0x68, 0xFF, 0x68, 0x68, 0x68, 0xFF, 0x68, 0x68, 0x68, 0xFF, 0x68, 0x68, 0x68, 0xFF, 0x68, 0x68, 0x68, 0xFF, 0x68, 0x68, 0x68, 0xFF, 0x68, 0x68, 0x68, 0xFF, 0x68, 0x68, 0x68, 0xFF,
  0x68, 0x68, 0x68, 0xFF, 0x00, 0x00, 0x00, 0xFF, 0x00, 0x00, 0x00, 0xFF, 0x68, 0x68, 0x68, 0xFF, 0x68, 0x68, 0x68, 0xFF, 0x68, 0x68, 0x68, 0xFF, 0x80, 0x80, 0x80, 0xFF, 0x80, 0x80, 0x80, 0xFF,
  0x80, 0x80, 0x80, 0xFF, 0x80, 0x80, 0x80, 0xFF, 0x80, 0x80, 0x80, 0xFF, 0x80, 0x80, 0x80, 0xFF, 0x80, 0x80, 0x80, 0xFF, 0x80, 0x80, 0x80, 0xFF, 0x80, 0x80, 0x80, 0xFF, 0x80, 0x80, 0x80, 0xFF,
  0x80, 0x80, 0x80, 0xFF, 0x80, 0x80, 0x80, 0xFF, 0x80, 0x80, 0x80, 0xFF, 0x80, 0x80, 0x80, 0xFF, 0x68, 0x68, 0x68, 0xFF, 0x68, 0x68, 0x68, 0xFF, 0x68, 0x68, 0x68, 0xFF, 0x00, 0x00, 0x00, 0xFF,
  0x00, 0x00, 0x00, 0xFF, 0x68, 0x68, 0x68, 0xFF, 0x68, 0x68, 0x68, 0xFF, 0x80, 0x80, 0x80, 0xFF, 0x80, 0x80, 0x80, 0xFF, 0x80, 0x80, 0x80, 0xFF, 0x80, 0x80, 0x80, 0xFF, 0x80, 0x80, 0x80, 0xFF,
  0x80, 0x80, 0x80, 0xFF, 0x80, 0x80, 0x80, 0xFF, 0x80, 0x80, 0x80, 0xFF, 0x80, 0x80, 0x80, 0xFF, 0x80, 0x80, 0x80, 0xFF, 0x80, 0x80, 0x80, 0xFF, 0x80, 0x80, 0x80, 0xFF, 0x80, 0x80, 0x80, 0xFF,
  0x80, 0x80, 0x80, 0xFF, 0x80, 0x80, 0x80, 0xFF, 0x80, 0x80, 0x80, 0xFF, 0x68, 0x68, 0x68, 0xFF, 0x68, 0x68, 0x68, 0xFF, 0x00, 0x00, 0x00, 0xFF, 0x00, 0x00, 0x00, 0xFF, 0x68, 0x68, 0x68, 0xFF,
  0x68, 0x68, 0x68, 0xFF, 0x80, 0x80, 0x80, 0xFF, 0x80, 0x80, 0x80, 0xFF, 0x80, 0x80, 0x80, 0xFF, 0x00, 0x00, 0x00, 0xFF, 0x80, 0x80, 0x80, 0xFF, 0x80, 0x80, 0x80, 0xFF, 0x80, 0x80, 0x80, 0xFF,
  0x80, 0x80, 0x80, 0xFF, 0x80, 0x80, 0x80, 0xFF, 0x80, 0x80, 0x80, 0xFF, 0x80, 0x80, 0x80, 0xFF, 0x80, 0x80, 0x80, 0xFF, 0x00, 0x00, 0x00, 0xFF, 0x80, 0x80, 0x80, 0xFF, 0x80, 0x80, 0x80, 0xFF,
  0x80, 0x80, 0x80, 0xFF, 0x68, 0x68, 0x68, 0xFF, 0x68, 0x68, 0x68, 0xFF, 0x00, 0x00, 0x00, 0xFF, 0x00, 0x00, 0x00, 0xFF, 0x68, 0x68, 0x68, 0xFF, 0x68, 0x68, 0x68, 0xFF, 0x80, 0x80, 0x80, 0xFF,
  0x80, 0x80, 0x80, 0xFF, 0x80, 0x80, 0x80, 0xFF, 0x00, 0x00, 0x00, 0xFF, 0x80, 0x80, 0x80, 0xFF, 0x00, 0x00, 0x00, 0xFF, 0x80, 0x80, 0x80, 0xFF, 0x80, 0x80, 0x80, 0xFF, 0x80, 0x80, 0x80, 0xFF,
  0x80, 0x80, 0x80, 0xFF, 0x00, 0x00, 0x00, 0xFF, 0x80, 0x80, 0x80, 0xFF, 0x00, 0x00, 0x00, 0xFF, 0x80, 0x80, 0x80, 0xFF, 0x80, 0x80, 0x80, 0xFF, 0x80, 0x80, 0x80, 0xFF, 0x68, 0x68, 0x68, 0xFF,
  0x68, 0x68, 0x68, 0xFF, 0x00, 0x00, 0x00, 0xFF, 0x00, 0x00, 0x00, 0xFF, 0x68, 0x68, 0x68, 0xFF, 0x68, 0x68, 0x68, 0xFF, 0x80, 0x80, 0x80, 0xFF, 0x80, 0x80, 0x80, 0xFF, 0x80, 0x80, 0x80, 0xFF,
  0x00, 0x00, 0x00, 0xFF, 0x80, 0x80, 0x80, 0xFF, 0x00, 0x00, 0x00, 0xFF, 0x80, 0x80, 0x80, 0xFF, 0x00, 0x00, 0x00, 0xFF, 0x00, 0x00, 0x00, 0xFF, 0x80, 0x80, 0x80, 0xFF, 0x00, 0x00, 0x00, 0xFF,
  0x80, 0x80, 0x80, 0xFF, 0x00, 0x00, 0x00, 0xFF, 0x80, 0x80, 0x80, 0xFF, 0x80, 0x80, 0x80, 0xFF, 0x80, 0x80, 0x80, 0xFF, 0x68, 0x68, 0x68, 0xFF, 0x68, 0x68, 0x68, 0xFF, 0x00, 0x00, 0x00, 0xFF,
  0x00, 0x00, 0x00, 0xFF, 0x68, 0x68, 0x68, 0xFF, 0x68, 0x68, 0x68, 0xFF, 0x80, 0x80, 0x80, 0xFF, 0x80, 0x80, 0x80, 0xFF, 0x80, 0x80, 0x80, 0xFF, 0x80, 0x80, 0x80, 0xFF, 0x80, 0x80, 0x80, 0xFF,
  0x00, 0x00, 0x00, 0xFF, 0x80, 0x80, 0x80, 0xFF, 0x00, 0x00, 0x00, 0xFF, 0x00, 0x00, 0x00, 0xFF, 0x80, 0x80, 0x80, 0xFF, 0x00, 0x00, 0x00, 0xFF, 0x80, 0x80, 0x80, 0xFF, 0x80, 0x80, 0x80, 0xFF,
  0x80, 0x80, 0x80, 0xFF, 0x80, 0x80, 0x80, 0xFF, 0x80, 0x80, 0x80, 0xFF, 0x68, 0x68, 0x68, 0xFF, 0x68, 0x68, 0x68, 0xFF, 0x00, 0x00, 0x00, 0xFF, 0x00, 0x00, 0x00, 0xFF, 0x68, 0x68, 0x68, 0xFF,
  0x68, 0x68, 0x68, 0xFF, 0x80, 0x80, 0x80, 0xFF, 0x80, 0x80, 0x80, 0xFF, 0x80, 0x80, 0x80, 0xFF, 0x80, 0x80, 0x80, 0xFF, 0x80, 0x80, 0x80, 0xFF, 0x80, 0x80, 0x80, 0xFF, 0x80, 0x80, 0x80, 0xFF,
  0x00, 0x00, 0x00, 0xFF, 0x00, 0x00, 0x00, 0xFF, 0x80, 0x80, 0x80, 0xFF, 0x80, 0x80, 0x80, 0xFF, 0x80, 0x80, 0x80, 0xFF, 0x80, 0x80, 0x80, 0xFF, 0x80, 0x80, 0x80, 0xFF, 0x80, 0x80, 0x80, 0xFF,
  0x80, 0x80, 0x80, 0xFF, 0x68, 0x68, 0x68, 0xFF, 0x68, 0x68, 0x68, 0xFF, 0x00, 0x00, 0x00, 0xFF, 0x00, 0x00, 0x00, 0xFF, 0x68, 0x68, 0x68, 0xFF, 0x68, 0x68, 0x68, 0xFF, 0x80, 0x80, 0x80, 0xFF,
  0x80, 0x80, 0x80, 0xFF, 0x80, 0x80, 0x80, 0xFF, 0x80, 0x80, 0x80, 0xFF, 0x80, 0x80, 0x80, 0xFF, 0x00, 0x00, 0x00, 0xFF, 0x00, 0x00, 0x00, 0xFF, 0x00, 0x00, 0x00, 0xFF, 0x00, 0x00, 0x00, 0xFF,
  0x00, 0x00, 0x00, 0xFF, 0x00, 0x00, 0x00, 0xFF, 0x80, 0x80, 0x80, 0xFF, 0x80, 0x80, 0x80, 0xFF, 0x80, 0x80, 0x80, 0xFF, 0x80, 0x80, 0x80, 0xFF, 0x80, 0x80, 0x80, 0xFF, 0x68, 0x68, 0x68, 0xFF,
  0x68, 0x68, 0x68, 0xFF, 0x00, 0x00, 0x00, 0xFF, 0x00, 0x00, 0x00, 0xFF, 0x68, 0x68, 0x68, 0xFF, 0x68, 0x68, 0x68, 0xFF, 0x80, 0x80, 0x80, 0xFF, 0x80, 0x80, 0x80, 0xFF, 0x80, 0x80, 0x80, 0xFF,
  0x80, 0x80, 0x80, 0xFF, 0x80, 0x80, 0x80, 0xFF, 0x80, 0x80, 0x80, 0xFF, 0x00, 0x00, 0x00, 0xFF, 0x00, 0x00, 0x00, 0xFF, 0x00, 0x00, 0x00, 0xFF, 0x00, 0x00, 0x00, 0xFF, 0x80, 0x80, 0x80, 0xFF,
  0x80, 0x80, 0x80, 0xFF, 0x80, 0x80, 0x80, 0xFF, 0x80, 0x80, 0x80, 0xFF, 0x80, 0x80, 0x80, 0xFF, 0x80, 0x80, 0x80, 0xFF, 0x68, 0x68, 0x68, 0xFF, 0x68, 0x68, 0x68, 0xFF, 0x00, 0x00, 0x00, 0xFF,
  0x00, 0x00, 0x00, 0xFF, 0x68, 0x68, 0x68, 0xFF, 0x68, 0x68, 0x68, 0xFF, 0x80, 0x80, 0x80, 0xFF, 0x80, 0x80, 0x80, 0xFF, 0x80, 0x80, 0x80, 0xFF, 0x80, 0x80, 0x80, 0xFF, 0x80, 0x80, 0x80, 0xFF,
  0x80, 0x80, 0x80, 0xFF, 0x80, 0x80, 0x80, 0xFF, 0x00, 0x00, 0x00, 0xFF, 0x00, 0x00, 0x00, 0xFF, 0x80, 0x80, 0x80, 0xFF, 0x80, 0x80, 0x80, 0xFF, 0x80, 0x80, 0x80, 0xFF, 0x80, 0x80, 0x80, 0xFF,
  0x80, 0x80, 0x80, 0xFF, 0x80, 0x80, 0x80, 0xFF, 0x80, 0x80, 0x80, 0xFF, 0x68, 0x68, 0x68, 0xFF, 0x68, 0x68, 0x68, 0xFF, 0x00, 0x00, 0x00, 0xFF, 0x00, 0x00, 0x00, 0xFF, 0x68, 0x68, 0x68, 0xFF,
  0x68, 0x68, 0x68, 0xFF, 0x80, 0x80, 0x80, 0xFF, 0x80, 0x80, 0x80, 0xFF, 0x80, 0x80, 0x80, 0xFF, 0x80, 0x80, 0x80, 0xFF, 0x80, 0x80, 0x80, 0xFF, 0x80, 0x80, 0x80, 0xFF, 0x80, 0x80, 0x80, 0xFF,
  0x80, 0x80, 0x80, 0xFF, 0x80, 0x80, 0x80, 0xFF, 0x80, 0x80, 0x80, 0xFF, 0x80, 0x80, 0x80, 0xFF, 0x80, 0x80, 0x80, 0xFF, 0x80, 0x80, 0x80, 0xFF, 0x80, 0x80, 0x80, 0xFF, 0x80, 0x80, 0x80, 0xFF,
  0x80, 0x80, 0x80, 0xFF, 0x68, 0x68, 0x68, 0xFF, 0x68, 0x68, 0x68, 0xFF, 0x00, 0x00, 0x00, 0xFF, 0x00, 0x00, 0x00, 0xFF, 0x68, 0x68, 0x68, 0xFF, 0x68, 0x68, 0x68, 0xFF, 0x80, 0x80, 0x80, 0xFF,
  0x80, 0x80, 0x80, 0xFF, 0x80, 0x80, 0x80, 0xFF, 0x80, 0x80, 0x80, 0xFF, 0x00, 0x00, 0x00, 0xFF, 0x00, 0x00, 0x00, 0xFF, 0x00, 0x00, 0x00, 0xFF, 0x00, 0x00, 0x00, 0xFF, 0x00, 0x00, 0x00, 0xFF,
  0x00, 0x00, 0x00, 0xFF, 0x00, 0x00, 0x00, 0xFF, 0x00, 0x00, 0x00, 0xFF, 0x80, 0x80, 0x80, 0xFF, 0x80, 0x80, 0x80, 0xFF, 0x80, 0x80, 0x80, 0xFF, 0x80, 0x80, 0x80, 0xFF, 0x68, 0x68, 0x68, 0xFF,
  0x68, 0x68, 0x68, 0xFF, 0x00, 0x00, 0x00, 0xFF, 0x00, 0x00, 0x00, 0xFF, 0x68, 0x68, 0x68, 0xFF, 0x68, 0x68, 0x68, 0xFF, 0x80, 0x80, 0x80, 0xFF, 0x80, 0x80, 0x80, 0xFF, 0x80, 0x80, 0x80, 0xFF,
  0x80, 0x80, 0x80, 0xFF, 0x80, 0x80, 0x80, 0xFF, 0x80, 0x80, 0x80, 0xFF, 0x80, 0x80, 0x80, 0xFF, 0x80, 0x80, 0x80, 0xFF, 0x80, 0x80, 0x80, 0xFF, 0x80, 0x80, 0x80, 0xFF, 0x80, 0x80, 0x80, 0xFF,
  0x80, 0x80, 0x80, 0xFF, 0x80, 0x80, 0x80, 0xFF, 0x80, 0x80, 0x80, 0xFF, 0x80, 0x80, 0x80, 0xFF, 0x80, 0x80, 0x80, 0xFF, 0x68, 0x68, 0x68, 0xFF, 0x68, 0x68, 0x68, 0xFF, 0x00, 0x00, 0x00, 0xFF,
  0x00, 0x00, 0x00, 0xFF, 0x68, 0x68, 0x68, 0xFF, 0x68, 0x68, 0x68, 0xFF, 0x68, 0x68, 0x68, 0xFF, 0x80, 0x80, 0x80, 0xFF, 0x80, 0x80, 0x80, 0xFF, 0x80, 0x80, 0x80, 0xFF, 0x80, 0x80, 0x80, 0xFF,
  0x80, 0x80, 0x80, 0xFF, 0x80, 0x80, 0x80, 0xFF, 0x80, 0x80, 0x80, 0xFF, 0x80, 0x80, 0x80, 0xFF, 0x80, 0x80, 0x80, 0xFF, 0x80, 0x80, 0x80, 0xFF, 0x80, 0x80, 0x80, 0xFF, 0x80, 0x80, 0x80, 0xFF,
  0x80, 0x80, 0x80, 0xFF, 0x80, 0x80, 0x80, 0xFF, 0x68, 0x68, 0x68, 0xFF, 0x68, 0x68, 0x68, 0xFF, 0x68, 0x68, 0x68, 0xFF, 0x00, 0x00, 0x00, 0xFF, 0x00, 0x00, 0x00, 0xFF, 0x68, 0x68, 0x68, 0xFF,
  0x68, 0x68, 0x68, 0xFF, 0x68, 0x68, 0x68, 0xFF, 0x68, 0x68, 0x68, 0xFF, 0x68, 0x68, 0x68, 0xFF, 0x68, 0x68, 0x68, 0xFF, 0x68, 0x68, 0x68, 0xFF, 0x68, 0x68, 0x68, 0xFF, 0x68, 0x68, 0x68, 0xFF,
  0x68, 0x68, 0x68, 0xFF, 0x68, 0x68, 0x68, 0xFF, 0x68, 0x68, 0x68, 0xFF, 0x68, 0x68, 0x68, 0xFF, 0x68, 0x68, 0x68, 0xFF, 0x68, 0x68, 0x68, 0xFF, 0x68, 0x68, 0x68, 0xFF, 0x68, 0x68, 0x68, 0xFF,
  0x68, 0x68, 0x68, 0xFF, 0x68, 0x68, 0x68, 0xFF, 0x68, 0x68, 0x68, 0xFF, 0x00, 0x00, 0x00, 0xFF, 0x00, 0x00, 0x00, 0xFF, 0x50, 0x50, 0x51, 0xFF, 0x68, 0x68, 0x68, 0xFF, 0x68, 0x68, 0x68, 0xFF,
  0x68, 0x68, 0x68, 0xFF, 0x68, 0x68, 0x68, 0xFF, 0x68, 0x68, 0x68, 0xFF, 0x68, 0x68, 0x68, 0xFF, 0x68, 0x68, 0x68, 0xFF, 0x68, 0x68, 0x68, 0xFF, 0x68, 0x68, 0x68, 0xFF, 0x68, 0x68, 0x68, 0xFF,
  0x68, 0x68, 0x68, 0xFF, 0x68, 0x68, 0x68, 0xFF, 0x68, 0x68, 0x68, 0xFF, 0x68, 0x68, 0x68, 0xFF, 0x68, 0x68, 0x68, 0xFF, 0x68, 0x68, 0x68, 0xFF, 0x68, 0x68, 0x68, 0xFF, 0x68, 0x68, 0x68, 0xFF,
  0x12, 0x12, 0x13, 0xFF, 0x00, 0x00, 0x00, 0xFF, 0x00, 0x00, 0x00, 0xFF, 0x50, 0x50, 0x51, 0xFF, 0x39, 0x39, 0x3C, 0xFF, 0x39, 0x39, 0x3C, 0xFF, 0x39, 0x39, 0x3C, 0xFF, 0x39, 0x39, 0x3C, 0xFF,
  0x39, 0x39, 0x3C, 0xFF, 0x39, 0x39, 0x3C, 0xFF, 0x39, 0x39, 0x3C, 0xFF, 0x39, 0x39, 0x3C, 0xFF, 0x39, 0x39, 0x3C, 0xFF, 0x39, 0x39, 0x3C, 0xFF, 0x39, 0x39, 0x3C, 0xFF, 0x39, 0x39, 0x3C, 0xFF,
  0x39, 0x39, 0x3C, 0xFF, 0x39, 0x39, 0x3C, 0xFF, 0x39, 0x39, 0x3C, 0xFF, 0x39, 0x39, 0x3C, 0xFF, 0x39, 0x39, 0x3C, 0xFF, 0x39, 0x39, 0x3C, 0xFF, 0x12, 0x12, 0x13, 0xFF, 0x00, 0x00, 0x00, 0xFF,
  0x00, 0x00, 0x00, 0xFF, 0x00, 0x00, 0x00, 0xFF, 0x39, 0x39, 0x3C, 0xFF, 0x39, 0x39, 0x3C, 0xFF, 0x39, 0x39, 0x3C, 0xFF, 0x39, 0x39, 0x3C, 0xFF, 0x39, 0x39, 0x3C, 0xFF, 0x39, 0x39, 0x3C, 0xFF,
  0x39, 0x39, 0x3C, 0xFF, 0x39, 0x39, 0x3C, 0xFF, 0x39, 0x39, 0x3C, 0xFF, 0x39, 0x39, 0x3C, 0xFF, 0x39, 0x39, 0x3C, 0xFF, 0x39, 0x39, 0x3C, 0xFF, 0x39, 0x39, 0x3C, 0xFF, 0x39, 0x39, 0x3C, 0xFF,
  0x39, 0x39, 0x3C, 0xFF, 0x39, 0x39, 0x3C, 0xFF, 0x39, 0x39, 0x3C, 0xFF, 0x39, 0x39, 0x3C, 0xFF, 0x00, 0x00, 0x00, 0xFF, 0x00, 0x00, 0x00, 0xFF, 0xFF, 0xFF, 0xFF, 0x00, 0x00, 0x00, 0x00, 0xFF,
  0x00, 0x00, 0x00, 0xFF, 0x00, 0x00, 0x00, 0xFF, 0x00, 0x00, 0x00, 0xFF, 0x00, 0x00, 0x00, 0xFF, 0x00, 0x00, 0x00, 0xFF, 0x00, 0x00, 0x00, 0xFF, 0x00, 0x00, 0x00, 0xFF, 0x00, 0x00, 0x00, 0xFF,
  0x00, 0x00, 0x00, 0xFF, 0x00, 0x00, 0x00, 0xFF, 0x00, 0x00, 0x00, 0xFF, 0x00, 0x00, 0x00, 0xFF, 0x00, 0x00, 0x00, 0xFF, 0x00, 0x00, 0x00, 0xFF, 0x00, 0x00, 0x00, 0xFF, 0x00, 0x00, 0x00, 0xFF,
  0x00, 0x00, 0x00, 0xFF, 0x00, 0x00, 0x00, 0xFF, 0x00, 0x00, 0x00, 0xFF, 0xFF, 0xFF, 0xFF, 0x00,
};
static const NcControlRgba nc_ctrl_rgba_flyingdescend = { nc_rgba_flyingdescend, 22, 22 };

static const unsigned char nc_rgba_flyingdescend_pressed[] = {
  0xFF, 0xFF, 0xFF, 0x00, 0xFF, 0xFF, 0xFF, 0x00, 0xFF, 0xFF, 0xFF, 0x00, 0xFF, 0xFF, 0xFF, 0x00, 0xFF, 0xFF, 0xFF, 0x00, 0xFF, 0xFF, 0xFF, 0x00, 0xFF, 0xFF, 0xFF, 0x00, 0xFF, 0xFF, 0xFF, 0x00,
  0xFF, 0xFF, 0xFF, 0x00, 0xFF, 0xFF, 0xFF, 0x00, 0xFF, 0xFF, 0xFF, 0x00, 0xFF, 0xFF, 0xFF, 0x00, 0xFF, 0xFF, 0xFF, 0x00, 0xFF, 0xFF, 0xFF, 0x00, 0xFF, 0xFF, 0xFF, 0x00, 0xFF, 0xFF, 0xFF, 0x00,
  0xFF, 0xFF, 0xFF, 0x00, 0xFF, 0xFF, 0xFF, 0x00, 0xFF, 0xFF, 0xFF, 0x00, 0xFF, 0xFF, 0xFF, 0x00, 0xFF, 0xFF, 0xFF, 0x00, 0xFF, 0xFF, 0xFF, 0x00, 0xFF, 0xFF, 0xFF, 0x00, 0x00, 0x00, 0x00, 0xFF,
  0x00, 0x00, 0x00, 0xFF, 0x00, 0x00, 0x00, 0xFF, 0x00, 0x00, 0x00, 0xFF, 0x00, 0x00, 0x00, 0xFF, 0x00, 0x00, 0x00, 0xFF, 0x00, 0x00, 0x00, 0xFF, 0x00, 0x00, 0x00, 0xFF, 0x00, 0x00, 0x00, 0xFF,
  0x00, 0x00, 0x00, 0xFF, 0x00, 0x00, 0x00, 0xFF, 0x00, 0x00, 0x00, 0xFF, 0x00, 0x00, 0x00, 0xFF, 0x00, 0x00, 0x00, 0xFF, 0x00, 0x00, 0x00, 0xFF, 0x00, 0x00, 0x00, 0xFF, 0x00, 0x00, 0x00, 0xFF,
  0x00, 0x00, 0x00, 0xFF, 0x00, 0x00, 0x00, 0xFF, 0x00, 0x00, 0x00, 0xFF, 0xFF, 0xFF, 0xFF, 0x00, 0x00, 0x00, 0x00, 0xFF, 0x00, 0x00, 0x00, 0xFF, 0xA8, 0xA8, 0xA8, 0xFF, 0xA8, 0xA8, 0xA8, 0xFF,
  0xA8, 0xA8, 0xA8, 0xFF, 0xA8, 0xA8, 0xA8, 0xFF, 0xA8, 0xA8, 0xA8, 0xFF, 0xA8, 0xA8, 0xA8, 0xFF, 0xA8, 0xA8, 0xA8, 0xFF, 0xA8, 0xA8, 0xA8, 0xFF, 0xA8, 0xA8, 0xA8, 0xFF, 0xA8, 0xA8, 0xA8, 0xFF,
  0xA8, 0xA8, 0xA8, 0xFF, 0xA8, 0xA8, 0xA8, 0xFF, 0xA8, 0xA8, 0xA8, 0xFF, 0xA8, 0xA8, 0xA8, 0xFF, 0xA8, 0xA8, 0xA8, 0xFF, 0xA8, 0xA8, 0xA8, 0xFF, 0xA8, 0xA8, 0xA8, 0xFF, 0xA8, 0xA8, 0xA8, 0xFF,
  0x00, 0x00, 0x00, 0xFF, 0x00, 0x00, 0x00, 0xFF, 0x00, 0x00, 0x00, 0xFF, 0xA8, 0xA8, 0xA8, 0xFF, 0xA8, 0xA8, 0xA8, 0xFF, 0xA8, 0xA8, 0xA8, 0xFF, 0xA8, 0xA8, 0xA8, 0xFF, 0xA8, 0xA8, 0xA8, 0xFF,
  0xA8, 0xA8, 0xA8, 0xFF, 0xA8, 0xA8, 0xA8, 0xFF, 0xA8, 0xA8, 0xA8, 0xFF, 0xA8, 0xA8, 0xA8, 0xFF, 0xA8, 0xA8, 0xA8, 0xFF, 0xA8, 0xA8, 0xA8, 0xFF, 0xA8, 0xA8, 0xA8, 0xFF, 0xA8, 0xA8, 0xA8, 0xFF,
  0xA8, 0xA8, 0xA8, 0xFF, 0xA8, 0xA8, 0xA8, 0xFF, 0xA8, 0xA8, 0xA8, 0xFF, 0xA8, 0xA8, 0xA8, 0xFF, 0xA8, 0xA8, 0xA8, 0xFF, 0xA8, 0xA8, 0xA8, 0xFF, 0xA8, 0xA8, 0xA8, 0xFF, 0x00, 0x00, 0x00, 0xFF,
  0x00, 0x00, 0x00, 0xFF, 0xA8, 0xA8, 0xA8, 0xFF, 0xA8, 0xA8, 0xA8, 0xFF, 0xA8, 0xA8, 0xA8, 0xFF, 0x80, 0x80, 0x80, 0xFF, 0x80, 0x80, 0x80, 0xFF, 0x80, 0x80, 0x80, 0xFF, 0x80, 0x80, 0x80, 0xFF,
  0x80, 0x80, 0x80, 0xFF, 0x80, 0x80, 0x80, 0xFF, 0x80, 0x80, 0x80, 0xFF, 0x80, 0x80, 0x80, 0xFF, 0x80, 0x80, 0x80, 0xFF, 0x80, 0x80, 0x80, 0xFF, 0x80, 0x80, 0x80, 0xFF, 0x80, 0x80, 0x80, 0xFF,
  0x80, 0x80, 0x80, 0xFF, 0x80, 0x80, 0x80, 0xFF, 0xA8, 0xA8, 0xA8, 0xFF, 0xA8, 0xA8, 0xA8, 0xFF, 0xA8, 0xA8, 0xA8, 0xFF, 0x00, 0x00, 0x00, 0xFF, 0x00, 0x00, 0x00, 0xFF, 0xA8, 0xA8, 0xA8, 0xFF,
  0xA8, 0xA8, 0xA8, 0xFF, 0x80, 0x80, 0x80, 0xFF, 0x80, 0x80, 0x80, 0xFF, 0x80, 0x80, 0x80, 0xFF, 0x80, 0x80, 0x80, 0xFF, 0x80, 0x80, 0x80, 0xFF, 0x80, 0x80, 0x80, 0xFF, 0x80, 0x80, 0x80, 0xFF,
  0x80, 0x80, 0x80, 0xFF, 0x80, 0x80, 0x80, 0xFF, 0x80, 0x80, 0x80, 0xFF, 0x80, 0x80, 0x80, 0xFF, 0x80, 0x80, 0x80, 0xFF, 0x80, 0x80, 0x80, 0xFF, 0x80, 0x80, 0x80, 0xFF, 0x80, 0x80, 0x80, 0xFF,
  0x80, 0x80, 0x80, 0xFF, 0xA8, 0xA8, 0xA8, 0xFF, 0xA8, 0xA8, 0xA8, 0xFF, 0x00, 0x00, 0x00, 0xFF, 0x00, 0x00, 0x00, 0xFF, 0xA8, 0xA8, 0xA8, 0xFF, 0xA8, 0xA8, 0xA8, 0xFF, 0x80, 0x80, 0x80, 0xFF,
  0x80, 0x80, 0x80, 0xFF, 0x80, 0x80, 0x80, 0xFF, 0xE6, 0xE6, 0xE6, 0xFF, 0x80, 0x80, 0x80, 0xFF, 0x80, 0x80, 0x80, 0xFF, 0x80, 0x80, 0x80, 0xFF, 0x80, 0x80, 0x80, 0xFF, 0x80, 0x80, 0x80, 0xFF,
  0x80, 0x80, 0x80, 0xFF, 0x80, 0x80, 0x80, 0xFF, 0x80, 0x80, 0x80, 0xFF, 0xE6, 0xE6, 0xE6, 0xFF, 0x80, 0x80, 0x80, 0xFF, 0x80, 0x80, 0x80, 0xFF, 0x80, 0x80, 0x80, 0xFF, 0xA8, 0xA8, 0xA8, 0xFF,
  0xA8, 0xA8, 0xA8, 0xFF, 0x00, 0x00, 0x00, 0xFF, 0x00, 0x00, 0x00, 0xFF, 0xA8, 0xA8, 0xA8, 0xFF, 0xA8, 0xA8, 0xA8, 0xFF, 0x80, 0x80, 0x80, 0xFF, 0x80, 0x80, 0x80, 0xFF, 0x80, 0x80, 0x80, 0xFF,
  0xE6, 0xE6, 0xE6, 0xFF, 0x80, 0x80, 0x80, 0xFF, 0xE6, 0xE6, 0xE6, 0xFF, 0x80, 0x80, 0x80, 0xFF, 0x80, 0x80, 0x80, 0xFF, 0x80, 0x80, 0x80, 0xFF, 0x80, 0x80, 0x80, 0xFF, 0xE6, 0xE6, 0xE6, 0xFF,
  0x80, 0x80, 0x80, 0xFF, 0xE6, 0xE6, 0xE6, 0xFF, 0x80, 0x80, 0x80, 0xFF, 0x80, 0x80, 0x80, 0xFF, 0x80, 0x80, 0x80, 0xFF, 0xA8, 0xA8, 0xA8, 0xFF, 0xA8, 0xA8, 0xA8, 0xFF, 0x00, 0x00, 0x00, 0xFF,
  0x00, 0x00, 0x00, 0xFF, 0xA8, 0xA8, 0xA8, 0xFF, 0xA8, 0xA8, 0xA8, 0xFF, 0x80, 0x80, 0x80, 0xFF, 0x80, 0x80, 0x80, 0xFF, 0x80, 0x80, 0x80, 0xFF, 0xE6, 0xE6, 0xE6, 0xFF, 0x80, 0x80, 0x80, 0xFF,
  0xE6, 0xE6, 0xE6, 0xFF, 0x80, 0x80, 0x80, 0xFF, 0xE6, 0xE6, 0xE6, 0xFF, 0xE6, 0xE6, 0xE6, 0xFF, 0x80, 0x80, 0x80, 0xFF, 0xE6, 0xE6, 0xE6, 0xFF, 0x80, 0x80, 0x80, 0xFF, 0xE6, 0xE6, 0xE6, 0xFF,
  0x80, 0x80, 0x80, 0xFF, 0x80, 0x80, 0x80, 0xFF, 0x80, 0x80, 0x80, 0xFF, 0xA8, 0xA8, 0xA8, 0xFF, 0xA8, 0xA8, 0xA8, 0xFF, 0x00, 0x00, 0x00, 0xFF, 0x00, 0x00, 0x00, 0xFF, 0xA8, 0xA8, 0xA8, 0xFF,
  0xA8, 0xA8, 0xA8, 0xFF, 0x80, 0x80, 0x80, 0xFF, 0x80, 0x80, 0x80, 0xFF, 0x80, 0x80, 0x80, 0xFF, 0x80, 0x80, 0x80, 0xFF, 0x80, 0x80, 0x80, 0xFF, 0xE6, 0xE6, 0xE6, 0xFF, 0x80, 0x80, 0x80, 0xFF,
  0xE6, 0xE6, 0xE6, 0xFF, 0xE6, 0xE6, 0xE6, 0xFF, 0x80, 0x80, 0x80, 0xFF, 0xE6, 0xE6, 0xE6, 0xFF, 0x80, 0x80, 0x80, 0xFF, 0x80, 0x80, 0x80, 0xFF, 0x80, 0x80, 0x80, 0xFF, 0x80, 0x80, 0x80, 0xFF,
  0x80, 0x80, 0x80, 0xFF, 0xA8, 0xA8, 0xA8, 0xFF, 0xA8, 0xA8, 0xA8, 0xFF, 0x00, 0x00, 0x00, 0xFF, 0x00, 0x00, 0x00, 0xFF, 0xA8, 0xA8, 0xA8, 0xFF, 0xA8, 0xA8, 0xA8, 0xFF, 0x80, 0x80, 0x80, 0xFF,
  0x80, 0x80, 0x80, 0xFF, 0x80, 0x80, 0x80, 0xFF, 0x80, 0x80, 0x80, 0xFF, 0x80, 0x80, 0x80, 0xFF, 0x80, 0x80, 0x80, 0xFF, 0x80, 0x80, 0x80, 0xFF, 0xE6, 0xE6, 0xE6, 0xFF, 0xE6, 0xE6, 0xE6, 0xFF,
  0x80, 0x80, 0x80, 0xFF, 0x80, 0x80, 0x80, 0xFF, 0x80, 0x80, 0x80, 0xFF, 0x80, 0x80, 0x80, 0xFF, 0x80, 0x80, 0x80, 0xFF, 0x80, 0x80, 0x80, 0xFF, 0x80, 0x80, 0x80, 0xFF, 0xA8, 0xA8, 0xA8, 0xFF,
  0xA8, 0xA8, 0xA8, 0xFF, 0x00, 0x00, 0x00, 0xFF, 0x00, 0x00, 0x00, 0xFF, 0xA8, 0xA8, 0xA8, 0xFF, 0xA8, 0xA8, 0xA8, 0xFF, 0x80, 0x80, 0x80, 0xFF, 0x80, 0x80, 0x80, 0xFF, 0x80, 0x80, 0x80, 0xFF,
  0x80, 0x80, 0x80, 0xFF, 0x80, 0x80, 0x80, 0xFF, 0xE6, 0xE6, 0xE6, 0xFF, 0xE6, 0xE6, 0xE6, 0xFF, 0xE6, 0xE6, 0xE6, 0xFF, 0xE6, 0xE6, 0xE6, 0xFF, 0xE6, 0xE6, 0xE6, 0xFF, 0xE6, 0xE6, 0xE6, 0xFF,
  0x80, 0x80, 0x80, 0xFF, 0x80, 0x80, 0x80, 0xFF, 0x80, 0x80, 0x80, 0xFF, 0x80, 0x80, 0x80, 0xFF, 0x80, 0x80, 0x80, 0xFF, 0xA8, 0xA8, 0xA8, 0xFF, 0xA8, 0xA8, 0xA8, 0xFF, 0x00, 0x00, 0x00, 0xFF,
  0x00, 0x00, 0x00, 0xFF, 0xA8, 0xA8, 0xA8, 0xFF, 0xA8, 0xA8, 0xA8, 0xFF, 0x80, 0x80, 0x80, 0xFF, 0x80, 0x80, 0x80, 0xFF, 0x80, 0x80, 0x80, 0xFF, 0x80, 0x80, 0x80, 0xFF, 0x80, 0x80, 0x80, 0xFF,
  0x80, 0x80, 0x80, 0xFF, 0xE6, 0xE6, 0xE6, 0xFF, 0xE6, 0xE6, 0xE6, 0xFF, 0xE6, 0xE6, 0xE6, 0xFF, 0xE6, 0xE6, 0xE6, 0xFF, 0x80, 0x80, 0x80, 0xFF, 0x80, 0x80, 0x80, 0xFF, 0x80, 0x80, 0x80, 0xFF,
  0x80, 0x80, 0x80, 0xFF, 0x80, 0x80, 0x80, 0xFF, 0x80, 0x80, 0x80, 0xFF, 0xA8, 0xA8, 0xA8, 0xFF, 0xA8, 0xA8, 0xA8, 0xFF, 0x00, 0x00, 0x00, 0xFF, 0x00, 0x00, 0x00, 0xFF, 0xA8, 0xA8, 0xA8, 0xFF,
  0xA8, 0xA8, 0xA8, 0xFF, 0x80, 0x80, 0x80, 0xFF, 0x80, 0x80, 0x80, 0xFF, 0x80, 0x80, 0x80, 0xFF, 0x80, 0x80, 0x80, 0xFF, 0x80, 0x80, 0x80, 0xFF, 0x80, 0x80, 0x80, 0xFF, 0x80, 0x80, 0x80, 0xFF,
  0xE6, 0xE6, 0xE6, 0xFF, 0xE6, 0xE6, 0xE6, 0xFF, 0x80, 0x80, 0x80, 0xFF, 0x80, 0x80, 0x80, 0xFF, 0x80, 0x80, 0x80, 0xFF, 0x80, 0x80, 0x80, 0xFF, 0x80, 0x80, 0x80, 0xFF, 0x80, 0x80, 0x80, 0xFF,
  0x80, 0x80, 0x80, 0xFF, 0xA8, 0xA8, 0xA8, 0xFF, 0xA8, 0xA8, 0xA8, 0xFF, 0x00, 0x00, 0x00, 0xFF, 0x00, 0x00, 0x00, 0xFF, 0xA8, 0xA8, 0xA8, 0xFF, 0xA8, 0xA8, 0xA8, 0xFF, 0x80, 0x80, 0x80, 0xFF,
  0x80, 0x80, 0x80, 0xFF, 0x80, 0x80, 0x80, 0xFF, 0x80, 0x80, 0x80, 0xFF, 0x80, 0x80, 0x80, 0xFF, 0x80, 0x80, 0x80, 0xFF, 0x80, 0x80, 0x80, 0xFF, 0x80, 0x80, 0x80, 0xFF, 0x80, 0x80, 0x80, 0xFF,
  0x80, 0x80, 0x80, 0xFF, 0x80, 0x80, 0x80, 0xFF, 0x80, 0x80, 0x80, 0xFF, 0x80, 0x80, 0x80, 0xFF, 0x80, 0x80, 0x80, 0xFF, 0x80, 0x80, 0x80, 0xFF, 0x80, 0x80, 0x80, 0xFF, 0xA8, 0xA8, 0xA8, 0xFF,
  0xA8, 0xA8, 0xA8, 0xFF, 0x00, 0x00, 0x00, 0xFF, 0x00, 0x00, 0x00, 0xFF, 0xA8, 0xA8, 0xA8, 0xFF, 0xA8, 0xA8, 0xA8, 0xFF, 0x80, 0x80, 0x80, 0xFF, 0x80, 0x80, 0x80, 0xFF, 0x80, 0x80, 0x80, 0xFF,
  0x80, 0x80, 0x80, 0xFF, 0xE6, 0xE6, 0xE6, 0xFF, 0xE6, 0xE6, 0xE6, 0xFF, 0xE6, 0xE6, 0xE6, 0xFF, 0xE6, 0xE6, 0xE6, 0xFF, 0xE6, 0xE6, 0xE6, 0xFF, 0xE6, 0xE6, 0xE6, 0xFF, 0xE6, 0xE6, 0xE6, 0xFF,
  0xE6, 0xE6, 0xE6, 0xFF, 0x80, 0x80, 0x80, 0xFF, 0x80, 0x80, 0x80, 0xFF, 0x80, 0x80, 0x80, 0xFF, 0x80, 0x80, 0x80, 0xFF, 0xA8, 0xA8, 0xA8, 0xFF, 0xA8, 0xA8, 0xA8, 0xFF, 0x00, 0x00, 0x00, 0xFF,
  0x00, 0x00, 0x00, 0xFF, 0xA8, 0xA8, 0xA8, 0xFF, 0xA8, 0xA8, 0xA8, 0xFF, 0x80, 0x80, 0x80, 0xFF, 0x80, 0x80, 0x80, 0xFF, 0x80, 0x80, 0x80, 0xFF, 0x80, 0x80, 0x80, 0xFF, 0x80, 0x80, 0x80, 0xFF,
  0x80, 0x80, 0x80, 0xFF, 0x80, 0x80, 0x80, 0xFF, 0x80, 0x80, 0x80, 0xFF, 0x80, 0x80, 0x80, 0xFF, 0x80, 0x80, 0x80, 0xFF, 0x80, 0x80, 0x80, 0xFF, 0x80, 0x80, 0x80, 0xFF, 0x80, 0x80, 0x80, 0xFF,
  0x80, 0x80, 0x80, 0xFF, 0x80, 0x80, 0x80, 0xFF, 0x80, 0x80, 0x80, 0xFF, 0xA8, 0xA8, 0xA8, 0xFF, 0xA8, 0xA8, 0xA8, 0xFF, 0x00, 0x00, 0x00, 0xFF, 0x00, 0x00, 0x00, 0xFF, 0xA8, 0xA8, 0xA8, 0xFF,
  0xA8, 0xA8, 0xA8, 0xFF, 0xA8, 0xA8, 0xA8, 0xFF, 0x80, 0x80, 0x80, 0xFF, 0x80, 0x80, 0x80, 0xFF, 0x80, 0x80, 0x80, 0xFF, 0x80, 0x80, 0x80, 0xFF, 0x80, 0x80, 0x80, 0xFF, 0x80, 0x80, 0x80, 0xFF,
  0x80, 0x80, 0x80, 0xFF, 0x80, 0x80, 0x80, 0xFF, 0x80, 0x80, 0x80, 0xFF, 0x80, 0x80, 0x80, 0xFF, 0x80, 0x80, 0x80, 0xFF, 0x80, 0x80, 0x80, 0xFF, 0x80, 0x80, 0x80, 0xFF, 0x80, 0x80, 0x80, 0xFF,
  0xA8, 0xA8, 0xA8, 0xFF, 0xA8, 0xA8, 0xA8, 0xFF, 0xA8, 0xA8, 0xA8, 0xFF, 0x00, 0x00, 0x00, 0xFF, 0x00, 0x00, 0x00, 0xFF, 0xA8, 0xA8, 0xA8, 0xFF, 0xA8, 0xA8, 0xA8, 0xFF, 0xA8, 0xA8, 0xA8, 0xFF,
  0xA8, 0xA8, 0xA8, 0xFF, 0xA8, 0xA8, 0xA8, 0xFF, 0xA8, 0xA8, 0xA8, 0xFF, 0xA8, 0xA8, 0xA8, 0xFF, 0xA8, 0xA8, 0xA8, 0xFF, 0xA8, 0xA8, 0xA8, 0xFF, 0xA8, 0xA8, 0xA8, 0xFF, 0xA8, 0xA8, 0xA8, 0xFF,
  0xA8, 0xA8, 0xA8, 0xFF, 0xA8, 0xA8, 0xA8, 0xFF, 0xA8, 0xA8, 0xA8, 0xFF, 0xA8, 0xA8, 0xA8, 0xFF, 0xA8, 0xA8, 0xA8, 0xFF, 0xA8, 0xA8, 0xA8, 0xFF, 0xA8, 0xA8, 0xA8, 0xFF, 0xA8, 0xA8, 0xA8, 0xFF,
  0xA8, 0xA8, 0xA8, 0xFF, 0x00, 0x00, 0x00, 0xFF, 0x00, 0x00, 0x00, 0xFF, 0x50, 0x50, 0x51, 0xFF, 0xA8, 0xA8, 0xA8, 0xFF, 0xA8, 0xA8, 0xA8, 0xFF, 0xA8, 0xA8, 0xA8, 0xFF, 0xA8, 0xA8, 0xA8, 0xFF,
  0xA8, 0xA8, 0xA8, 0xFF, 0xA8, 0xA8, 0xA8, 0xFF, 0xA8, 0xA8, 0xA8, 0xFF, 0xA8, 0xA8, 0xA8, 0xFF, 0xA8, 0xA8, 0xA8, 0xFF, 0xA8, 0xA8, 0xA8, 0xFF, 0xA8, 0xA8, 0xA8, 0xFF, 0xA8, 0xA8, 0xA8, 0xFF,
  0xA8, 0xA8, 0xA8, 0xFF, 0xA8, 0xA8, 0xA8, 0xFF, 0xA8, 0xA8, 0xA8, 0xFF, 0xA8, 0xA8, 0xA8, 0xFF, 0xA8, 0xA8, 0xA8, 0xFF, 0xA8, 0xA8, 0xA8, 0xFF, 0x12, 0x12, 0x13, 0xFF, 0x00, 0x00, 0x00, 0xFF,
  0x00, 0x00, 0x00, 0xFF, 0x00, 0x00, 0x00, 0xFF, 0x39, 0x39, 0x3C, 0xFF, 0x39, 0x39, 0x3C, 0xFF, 0x39, 0x39, 0x3C, 0xFF, 0x39, 0x39, 0x3C, 0xFF, 0x39, 0x39, 0x3C, 0xFF, 0x39, 0x39, 0x3C, 0xFF,
  0x39, 0x39, 0x3C, 0xFF, 0x39, 0x39, 0x3C, 0xFF, 0x39, 0x39, 0x3C, 0xFF, 0x39, 0x39, 0x3C, 0xFF, 0x39, 0x39, 0x3C, 0xFF, 0x39, 0x39, 0x3C, 0xFF, 0x39, 0x39, 0x3C, 0xFF, 0x39, 0x39, 0x3C, 0xFF,
  0x39, 0x39, 0x3C, 0xFF, 0x39, 0x39, 0x3C, 0xFF, 0x39, 0x39, 0x3C, 0xFF, 0x39, 0x39, 0x3C, 0xFF, 0x00, 0x00, 0x00, 0xFF, 0x00, 0x00, 0x00, 0xFF, 0xFF, 0xFF, 0xFF, 0x00, 0x00, 0x00, 0x00, 0xFF,
  0x00, 0x00, 0x00, 0xFF, 0x00, 0x00, 0x00, 0xFF, 0x00, 0x00, 0x00, 0xFF, 0x00, 0x00, 0x00, 0xFF, 0x00, 0x00, 0x00, 0xFF, 0x00, 0x00, 0x00, 0xFF, 0x00, 0x00, 0x00, 0xFF, 0x00, 0x00, 0x00, 0xFF,
  0x00, 0x00, 0x00, 0xFF, 0x00, 0x00, 0x00, 0xFF, 0x00, 0x00, 0x00, 0xFF, 0x00, 0x00, 0x00, 0xFF, 0x00, 0x00, 0x00, 0xFF, 0x00, 0x00, 0x00, 0xFF, 0x00, 0x00, 0x00, 0xFF, 0x00, 0x00, 0x00, 0xFF,
  0x00, 0x00, 0x00, 0xFF, 0x00, 0x00, 0x00, 0xFF, 0x00, 0x00, 0x00, 0xFF, 0xFF, 0xFF, 0xFF, 0x00,
};
static const NcControlRgba nc_ctrl_rgba_flyingdescend_pressed = { nc_rgba_flyingdescend_pressed, 22, 22 };

#ifdef __cplusplus
}
#endif
#endif
